Episode, Episode_Reward
0,-254.84867749710486
1,-201.62378876730932
2,-125.72550865493007
3,-240.02799021244408
4,-97.26583105737554
5,-70.12760771115178
6,-106.9828473884576
7,-66.67469370392273
8,-68.77707088047762
9,-79.00933380452018
10,-145.07876103713926
11,-87.47497623968182
12,-392.4184969366637
13,-155.89869977806833
14,-211.35808841924103
15,-410.4596735539445
16,-267.4776298716505
17,-251.12388895783624
18,-192.8367603870766
19,-108.26765506388753
20,-88.6480111799408
21,-214.90573852330778
22,-100.55515715929697
23,-178.9427682456667
24,-211.23492357550515
25,-209.60032341718394
26,-41.46239594612116
27,-109.88493829639327
28,-118.66196701972692
29,-103.8443086302361
30,-272.117743636624
31,-106.62057434891766
32,-309.0496645606575
33,-346.82753041842375
34,-155.90381341641353
35,-43.102797443199734
36,-180.3298078275406
37,-192.7151037692119
38,-305.98688852745465
39,24.243641375933862
40,-191.43514372717664
41,-182.47231495890327
42,-69.55080514075713
43,-85.54920216423585
44,-229.5112831103305
45,-147.29806648204237
46,-120.43362963622543
47,-116.99162518817617
48,-241.39674919410007
49,-104.06754339820371
50,-381.04774581125565
51,-137.42931451874762
52,-116.59689759927184
53,-390.8196369072959
54,-269.0291670520679
55,-112.30863245408435
56,-333.78259162984057
57,-182.2245937890969
58,-153.2438274433432
59,-283.66049814739085
60,-463.4669865292931
61,-154.22860517035377
62,-302.95716318363486
63,-91.14771937411354
64,-139.26502592971855
65,-105.1563476242269
66,-73.72407165471549
67,-114.05426312143254
68,-361.5318538400554
69,-176.16550601789046
70,-200.27020642665943
71,-326.81633403152625
72,-294.4414026890066
73,-31.343661055689424
74,-131.39421326896073
75,-130.70950420679907
76,-43.89499437271198
77,-38.278300250414496
78,-318.4059563600863
79,-110.93430029588174
80,-122.86258482804033
81,-216.53805627544597
82,-38.51267458509733
83,-202.0935288435908
84,-172.1157572200389
85,-127.33405505936882
86,-113.51450684221157
87,-29.169794261740876
88,-120.8953652608662
89,-92.57222274659743
90,-115.208929214064
91,-129.22685645263266
92,-122.68449017803516
93,-93.19017099829956
94,-296.25016779376676
95,-124.3774667320983
96,-65.49378581196657
97,-122.4369513755123
98,-66.11547740014262
99,-126.38237211966022
100,-27.87146908527552
101,-83.32825347848662
102,-118.20834537289124
103,-267.1520299404416
104,-203.25369664941735
105,-111.00120436692207
106,-90.19255530410149
107,-250.84911396877288
108,-86.93573263796452
109,-319.47625562039275
110,-154.80745505130972
111,-158.08948932537436
112,-93.65455262060942
113,-268.5581330284832
114,-109.9035472796026
115,-122.08430772144806
116,-243.8885070138802
117,-98.51141300895824
118,-77.63512658635088
119,-204.6465871630959
120,-87.06034370868417
121,-51.78957761512747
122,-44.27681711433928
123,16.09075944246503
124,19.63088014206791
125,-58.45373268882098
126,-269.60817718726514
127,-63.59165904723799
128,-57.39715241337087
129,-153.5976532734132
130,-336.650068123139
131,-75.20870639771195
132,-142.78477802770172
133,-130.50104491328295
134,-5.228479950606612
135,-70.54696164021837
136,-69.06166482549604
137,-106.85381245643552
138,-312.729923713315
139,-519.6291338696232
140,-104.25242861826841
141,-98.38500345832453
142,-195.86361178085514
143,-109.88471132141974
144,-139.15403171734755
145,42.66705508746122
146,-129.4724760057284
147,-82.94910018745864
148,-64.14619634947347
149,-104.34067853131458
150,-101.96368363151907
151,-75.97383568163453
152,-127.14698922388779
153,-81.24032777396964
154,-88.46461070343403
155,-65.071771652948
156,-104.42141964370371
157,-71.07378860182547
158,-64.51901849359524
159,-94.85158735932824
160,-103.90062495282153
161,-42.59744388670097
162,-97.47602970583242
163,-107.08002878031814
164,-209.20931219447118
165,-204.17833745262806
166,-136.42263003342967
167,-65.04096287609818
168,-96.37511412796626
169,-30.308143341059534
170,-123.49326493396057
171,-121.82724333700378
172,-226.11151491907373
173,-69.1616081246322
174,-247.87473064939607
175,-70.31396087327073
176,-77.67658174954241
177,-65.28513001393043
178,-74.44639861138542
179,-70.70931596919706
180,-96.51247903942591
181,-55.63264368699281
182,-104.98180246846695
183,-86.3541099014133
184,-41.98743165299016
185,-140.70004900328885
186,-91.23208037599923
187,-50.94684163825525
188,-23.16148159836385
189,-196.56506631428425
190,-83.96633202492524
191,-148.97416174673546
192,-53.209592346646915
193,-87.16065171276426
194,-107.01004621422247
195,-95.34634731185574
196,-105.72282549963498
197,-165.2338947788113
198,-52.492241740570655
199,-79.93742449007627
200,17.70214742285249
201,-58.26383742655706
202,-60.81240316524325
203,-106.6428891641192
204,-62.43130464307771
205,-148.38029789869148
206,-105.05530911883909
207,-139.44500241140037
208,-71.68839053883977
209,-182.04012181826442
210,-161.18054377273654
211,-94.21624773368727
212,-64.38399951010155
213,-78.04947347735933
214,-142.4961718798961
215,-105.0212072479655
216,-66.35569672084208
217,-132.50939069324755
218,-29.877128768373638
219,-170.13455063832401
220,-113.9420664844448
221,-91.18279023774726
222,-70.08000132530519
223,-45.0669964951021
224,-86.02590708134464
225,-91.11225276486853
226,-131.3368204012728
227,-115.35281913531523
228,-141.34700860565084
229,-88.76903346369022
230,-126.43840993800247
231,-104.62504190617013
232,-73.69718274406168
233,-50.503385938759905
234,-122.42107494207178
235,-78.65159940700889
236,-103.4754450666207
237,-69.93884467815886
238,-115.65525055260153
239,-132.72305831468526
240,-46.00116657587499
241,-89.46090106639843
242,-78.05592342250365
243,-105.30679674689661
244,-48.84276991772416
245,-147.96686126747056
246,-75.2687480120435
247,-91.90562392179942
248,-169.91676532086768
249,-19.274941223440578
250,-63.653579791528934
251,-78.97237099166975
252,-142.88127380834118
253,-82.99116667924366
254,-103.58299001444487
255,-31.02051783745935
256,-78.63192083154352
257,-73.47040038938641
258,-44.64139029153227
259,-71.65131545541483
260,-36.2704187439559
261,-133.15963653999836
262,-57.00327978791521
263,-72.78072035312206
264,-60.91128576363664
265,-73.69135109953793
266,-84.12588192993293
267,-98.83799293346162
268,-112.43256702800079
269,-76.93183587441315
270,-80.60672275477643
271,-278.501761733295
272,-53.13865439467045
273,-67.30613099663933
274,-51.276630704615265
275,-21.69887173350918
276,-65.08349232260399
277,-78.95071962106552
278,-100.62524745498405
279,-69.00317411056783
280,-29.18767529679708
281,-38.68421732794545
282,-84.44919282772133
283,-35.83802200464305
284,-91.96122655186431
285,-46.62485308824038
286,-91.6453930374624
287,-77.71327506811193
288,-44.26959320260032
289,-56.64735801043482
290,-49.78734077825851
291,-76.22538756136798
292,-86.07432204428665
293,-135.06015796215107
294,-48.24188647654683
295,-115.10052119082297
296,-37.879561910728015
297,-127.0243089327471
298,-225.53519471349531
299,-125.60566153446604
300,-58.470802554537826
301,-9.860777462790026
302,-76.0494449306753
303,-21.899879579010204
304,-85.58522921301888
305,-35.25582308777787
306,-76.04263443402044
307,-89.91517040182903
308,27.152563134040946
309,-97.77688654949937
310,-76.69732170508695
311,-54.934333009700026
312,-93.47658083759335
313,-55.71125196761791
314,-105.11297961400831
315,-79.13351059418666
316,-74.77641743905845
317,-56.85320231893323
318,-77.77800520282852
319,-95.38446608889116
320,-209.81309943091173
321,-79.83309292945641
322,-81.73509408141855
323,-106.40866104436626
324,-146.3515058802816
325,-242.53004906416064
326,-57.54037248466035
327,-89.91671764442313
328,-44.401783445329826
329,-65.9303602018932
330,-180.00473706917688
331,-55.37879532619806
332,-57.82018522643972
333,-51.45754165251518
334,-106.80594719917653
335,-134.59759177038353
336,-53.01223251135508
337,-45.0292285749413
338,-52.307831227455814
339,-34.33346279764088
340,-74.35132050000527
341,-17.761569281276422
342,25.53152406458969
343,-54.558434580359574
344,-108.34965093348704
345,-47.93005893893511
346,-41.710162825966165
347,-70.11407367859573
348,-57.01307391227813
349,-52.55433199201313
350,-29.573926245036006
351,-51.52988163639476
352,-79.26027205680799
353,-35.29608854453083
354,-80.33229449976017
355,-66.0091551282362
356,-9.279195780834698
357,-46.991239879673785
358,-89.90806940550533
359,-83.26255061030864
360,-84.45547337786788
361,-106.6370274653383
362,-57.19335334170983
363,-50.85066892293786
364,-75.6120892339834
365,-83.57455277602234
366,-74.22939021181935
367,-53.98966499271238
368,-46.37906794615813
369,-80.90095766923778
370,-48.286604968555224
371,-11.705625334870376
372,-42.26428147408313
373,-91.35769016136142
374,-63.44087576993619
375,-30.644796789743523
376,-72.45084242663492
377,-49.58469032494345
378,-80.35422371959895
379,-106.88825345834647
380,-84.18755970146806
381,-81.55965799709291
382,-44.61021269371961
383,-49.55537293415294
384,-57.071845608690964
385,-53.31710376466966
386,-35.35015355830909
387,-55.305424827136676
388,-51.381205767864216
389,-58.104633743462564
390,-88.64464147588073
391,-80.91462322922999
392,-73.99888380501108
393,-84.74687153068753
394,-76.13608030137756
395,-32.44862467662857
396,-56.432407333765426
397,-94.16027377152325
398,-24.398234667797155
399,-87.43139891482696
400,-61.135193535728604
401,-66.54483604341115
402,-9.449626903715881
403,-56.2329031360362
404,-70.69093065795087
405,-97.48546257220926
406,-61.26193719135986
407,-74.3739832868811
408,-52.28394015420855
409,-48.3304669240558
410,-27.967989795643547
411,-51.65417558535691
412,-45.09961749320134
413,-54.022156082739386
414,-21.519909673364666
415,-44.40044251165996
416,-70.50689406661161
417,-56.421749315216545
418,-96.06309265129224
419,-15.792349400933304
420,-124.70826575407195
421,-79.83164499428311
422,-47.73253058150074
423,-100.7837312682914
424,-99.38755256203262
425,-41.07688262002314
426,-47.48621035431885
427,-100.15638959152129
428,-21.505718325922416
429,-45.180956497566726
430,-55.366665806669374
431,-64.18895289348204
432,-73.1036131463057
433,-61.55545325562002
434,-11.176057312851825
435,-0.40758170821492
436,-48.28630699813648
437,-39.14011883793198
438,-85.1584974878354
439,-37.800275433944364
440,-20.514089765530983
441,-78.83914533434844
442,-53.64090848514872
443,-65.79859552059128
444,-52.786539651754524
445,-52.15344380228136
446,-25.413279504596872
447,-134.98859043270963
448,-39.32713014568208
449,-83.18219969698745
450,-48.49062792157251
451,-75.94894615052621
452,-36.957777517974804
453,-82.7360603128309
454,-6.022307521508765
455,-51.572384917074345
456,-103.3904550078626
457,-118.99330762493094
458,-78.27569567019314
459,-36.57315847218874
460,-63.41527858867439
461,-20.871665063911877
462,-134.0967148577751
463,-55.52348202395274
464,-46.65859312387522
465,-53.46507356274163
466,-26.439634018495525
467,-75.09447839358506
468,-56.556217157577265
469,-82.23262672176384
470,-51.79280507093444
471,-29.12474650680859
472,-33.84199319073761
473,-34.18205730244749
474,-75.31352179506266
475,-50.871809666669606
476,-28.77353204054336
477,-26.23501573691081
478,-58.33979993617878
479,-0.4183833835076314
480,-61.68140277416394
481,-66.60577607446882
482,-43.72626570273603
483,-73.4222386462636
484,-98.3830717015139
485,-59.26673339848452
486,-60.331022706817194
487,-50.651865410806764
488,-128.37979818094917
489,-68.88700904392465
490,-83.36806253661865
491,-21.184896724467492
492,24.090640818405546
493,-6.027936801243101
494,-47.428414386317826
495,-11.819642737441853
496,-57.07788730252251
497,-55.26915883606748
498,-68.86693368928522
499,-92.66205733403758
500,-32.82026081051981
501,-86.22438872013713
502,-33.57264166637755
503,-18.764927090814354
504,-24.756888266847753
505,-83.93529905307628
506,-15.807863079029289
507,-54.46310166892338
508,-44.012830836455855
509,-66.11439002162476
510,3.5207808901816406
511,-24.18587369448923
512,-100.20468776927373
513,-17.626613386023834
514,-104.09762901012085
515,-204.76906529911756
516,-25.966112404462166
517,-84.84810080627528
518,-39.49707020505873
519,-15.948859735695166
520,-47.15870546004268
521,-58.01423255832489
522,26.26069450442681
523,-113.38778514493322
524,-154.4937712832135
525,-1.320199843809874
526,-39.61791638155714
527,-91.72399352495174
528,-72.28811048573237
529,-31.8316665088456
530,-52.09982117985298
531,-47.75244432563953
532,-101.54639835700641
533,-191.87298549773416
534,-20.030594631029558
535,-66.23282482719299
536,-20.91063172793531
537,9.712246630641033
538,-120.14917414538414
539,-43.066160848378914
540,-58.60537712301358
541,-84.78727885974547
542,-30.112576485332553
543,19.748320234981804
544,-50.45946217557838
545,-35.45685178420766
546,-79.41896875139813
547,-47.159834229578074
548,-12.725684974006327
549,-111.51577617628425
550,-49.40915296155668
551,-23.814367523002588
552,-34.395993777843884
553,-71.14421133345974
554,31.864627141270972
555,-95.53209028427894
556,-185.6263517463443
557,-195.69647616341072
558,10.46943798161702
559,14.268980324801277
560,-65.15899097154141
561,-73.02438324589477
562,-74.57030949160949
563,-8.022147685185288
564,-21.05826379728282
565,-47.69875121636805
566,-25.349623511479194
567,-59.01302618791132
568,-210.54296974481667
569,-29.913329773998854
570,-61.66631635386989
571,-48.97082780475286
572,-64.81836660793006
573,-12.764612695029385
574,-57.04599580969836
575,1.8880664848456945
576,-30.3726850816617
577,-206.5131888943697
578,-45.95185649385901
579,-45.605023918150906
580,-75.79048669632706
581,-41.13187458297544
582,-62.5193704383291
583,53.7829845955512
584,-82.32255737875079
585,-35.56479589924486
586,-195.6871419819563
587,-38.00750704262485
588,-43.68176388409369
589,-18.812883980900054
590,-38.713238457495976
591,-51.53645862482933
592,-1.5268055197129797
593,-66.52833526956098
594,-91.715417536063
595,-79.45305874593281
596,-80.27728406578444
597,37.62174488748309
598,3.517556816362216
599,-27.37081900084425
600,-33.89769718068733
601,-176.03619236652145
602,-29.50704777632899
603,-62.78194947804208
604,40.62714527849589
605,-30.85906699956908
606,-58.485107882840914
607,-28.793687998020232
608,-16.779786741337517
609,-23.681064149875866
610,-52.55989827938356
611,-167.86060476606565
612,-2.22699399369786
613,-40.181424366717664
614,6.7607853917302805
615,-41.654243288122224
616,4.381237011376243
617,-131.3403006281566
618,-51.27268724417644
619,-68.8983646692645
620,-28.564457679700894
621,-52.862078301082306
622,-68.40063785032967
623,1.1600973515862592
624,-43.049929258927335
625,-32.03365000009242
626,-24.306936285385646
627,-152.60095093719914
628,-121.6513139114757
629,-50.04255682727444
630,12.123275862605212
631,-60.78126646008457
632,-117.66437405396749
633,-93.5291742116816
634,24.291913106116
635,-16.71199529477127
636,-158.87593083813817
637,-13.862395136232223
638,-12.889905668664184
639,-92.02282077884769
640,-39.06582781983924
641,31.956328684051016
642,-54.649765640328326
643,-46.653114617557506
644,-14.349745774559928
645,38.79661368265593
646,-16.358670844641694
647,17.127665939879705
648,-22.596480082151885
649,-5.162378431893998
650,12.756815975512978
651,-45.00302970377601
652,-11.281660759899353
653,-82.00321703398383
654,-112.05966670370941
655,-49.34164887736128
656,-17.43345558710864
657,-16.92263859463148
658,-60.89354111031332
659,-42.946568287856685
660,13.28127550802553
661,1.4455899349339063
662,-54.107589939244974
663,-20.384962142120713
664,-106.54639390307305
665,-23.29794097671487
666,-40.106631277739616
667,-5.467028977803925
668,-25.64417774310624
669,-25.220268803261206
670,-76.87932521833343
671,-62.787083562395075
672,-34.76801800204987
673,-28.400665378061248
674,23.280781579009002
675,-41.794333802355155
676,-47.20919282184049
677,-16.693727606971592
678,-70.49946121372494
679,-13.32529531167745
680,-23.610815030921103
681,-52.5954067585209
682,-24.75447969890537
683,-52.24243715220112
684,-82.47974361836644
685,19.297117693374076
686,8.640056182407392
687,-10.290961771050291
688,-47.058979403529726
689,-53.25552178901313
690,-75.95609272430838
691,-43.80510982519195
692,20.826836045726957
693,-10.806177203679269
694,-52.70992664963737
695,-2.808190765731325
696,-60.760402786496286
697,-18.59140111661074
698,-71.14281096207296
699,-47.75591698888313
700,96.49986613591571
701,-71.66893267160721
702,-3.6618586920181
703,-62.2221737122269
704,26.143454084248543
705,-79.98969877692046
706,-54.5765077391781
707,12.666214157491169
708,9.098365427243863
709,39.86407396326959
710,38.10058253342365
711,-41.385093160339835
712,22.87500081764486
713,12.974097422318394
714,31.91196414809309
715,-72.59454842518424
716,46.37495208102828
717,-76.35692923971764
718,-7.913341153656006
719,-19.338638403307044
720,-31.931894285066676
721,-6.187749113784619
722,-59.5359087350936
723,-47.550612331310475
724,-23.56614112227315
725,-107.64381855449348
726,-74.58634723768168
727,37.63080328416726
728,6.533824075192356
729,-48.83061821351849
730,23.910076715205488
731,-25.41261260885716
732,38.07541876856202
733,-44.160854070398926
734,-22.630017334483853
735,-49.83958683947469
736,-2.360625235377981
737,-12.017389388393212
738,-16.846262873492805
739,-8.815480962913654
740,-36.85618854737693
741,-5.138070897835917
742,-60.17297981509927
743,-4.924669225505937
744,-23.605918346574697
745,-20.857781101659796
746,-4.8067392921780225
747,17.437927817477828
748,-31.80106749753186
749,19.91282642012021
750,17.745438533095935
751,17.652396831899893
752,-16.195765360402945
753,12.415922937352633
754,-34.42519089238992
755,-32.42743029560313
756,9.53146086466539
757,-63.12577965710784
758,-5.664167236854098
759,-13.73426012119171
760,-39.99874457155839
761,-12.779765427101268
762,-82.0899105206802
763,16.61142061648644
764,-2.3966834792811795
765,-16.474410202707972
766,-19.644106858914114
767,40.31984897046425
768,-43.968934720229
769,-58.580708725920125
770,-1.3929443336997307
771,10.773525496338294
772,-21.331419555602764
773,-51.60566254391454
774,1.0950638550711813
775,-108.30790996722277
776,-73.98114819004095
777,81.85270141655411
778,3.841385959418247
779,-24.56400006713116
780,-11.306181631255939
781,25.308333335798878
782,15.908865238754956
783,-4.554087079496924
784,-38.635686498164915
785,-22.714720805502026
786,26.320639032208902
787,2.284977565180845
788,10.333786215222233
789,-32.57505069836027
790,-59.983235737115216
791,16.05970714311619
792,-26.68919577517751
793,58.70894781646767
794,-16.63942301046221
795,25.054011296960553
796,-62.399561499718246
797,-24.092935875730646
798,-105.24542304991776
799,32.025328059283
800,-8.92471680566598
801,58.85494284252613
802,-63.18590291704804
803,-50.90541518989339
804,-17.452378102074412
805,-3.6847483262750274
806,-65.1948008048837
807,50.13096164130385
808,-26.19534661671304
809,13.121224186725538
810,-21.1447637225414
811,-23.640450792301877
812,-27.67668073644427
813,24.043588253781017
814,42.63311308205483
815,-20.081401740332524
816,-26.159535573425984
817,27.83752270385648
818,18.709597805787393
819,3.906315488908021
820,76.73705216588696
821,0.6127673472026312
822,-69.72848005264552
823,-27.351033782588075
824,-35.528280283824444
825,20.60789904310448
826,-11.077844036124063
827,-26.80336707254598
828,-5.883665822216969
829,26.16913114540968
830,-26.378473319799596
831,15.951778212956853
832,-18.4921327593773
833,35.48389198257249
834,-49.838349733461314
835,-7.345569482898137
836,-8.322139244132998
837,-24.152008330455814
838,-17.637547109238024
839,-23.026494259119247
840,-214.00752105288365
841,-55.406458977388624
842,8.86828903243439
843,-19.235527625994152
844,29.578525071232946
845,18.642390615785537
846,15.130456242939431
847,-28.087991312693855
848,42.7516154050858
849,-72.39454940369832
850,-249.06702308918506
851,5.017933852633291
852,-12.917779744756771
853,28.397615055292277
854,-57.7713744595696
855,0.7699066096922422
856,-22.29514648437319
857,12.200234767483323
858,-22.716642231745553
859,-31.297224804159
860,10.392295124497792
861,-14.7717148441855
862,96.27937787902974
863,20.082731120016035
864,-18.276432602599627
865,-28.58523393112057
866,-50.92465504089387
867,11.805283439681233
868,44.841455537830456
869,-15.579812348806229
870,-128.87122323130626
871,4.2830292279194
872,20.19830946360332
873,-170.5216971520661
874,25.860445795188724
875,-38.25244726041005
876,28.92748872022977
877,-9.216880916174356
878,2.3958269869364415
879,32.5366054527932
880,-183.26226779970898
881,-9.764888096260293
882,-21.325883389094187
883,67.10820661877608
884,42.67057517014152
885,11.972076622048945
886,9.250524299031326
887,-39.86584659980363
888,-184.32506712457302
889,30.36509419845288
890,71.19683625183706
891,-236.82886987476596
892,16.86077249622626
893,59.643488709733944
894,-3.065508038248069
895,12.350524487559742
896,-23.84861945781782
897,23.85334612447654
898,-12.341329688261752
899,-13.810191276052933
900,-51.380988572465384
901,-15.47889643311646
902,-3.075558936318785
903,66.2345255893924
904,0.28411134262472615
905,-198.12060277698674
906,-12.168213323242881
907,-52.53862981784004
908,-30.89971236674758
909,99.01346338102844
910,62.75872733625676
911,-8.24617794542121
912,-38.77317510020545
913,0.1179084870550895
914,-1.9982153539195622
915,7.673564401161329
916,7.384517692148179
917,60.53468406588702
918,-23.53374684724976
919,-54.861560053913934
920,257.03576268298707
921,4.956670412196551
922,7.424007686316429
923,32.55996538925398
924,-15.017204174313136
925,90.89081254848551
926,100.25533397114914
927,12.441933348028044
928,-32.652108418939804
929,-23.067774616964385
930,211.85012610135257
931,-53.414092596652694
932,-64.19452483032777
933,-33.19949397126133
934,-8.143586868408335
935,5.286407893932331
936,123.06793795810304
937,85.30902941816852
938,80.49014124989134
939,-2.7031245046299404
940,-27.27336469224099
941,0.18847654040136774
942,116.12909309039415
943,-2.557114077354484
944,-31.142824979308955
945,11.575167639445354
946,-19.303730150424116
947,-1.2488174323025731
948,23.50571665657705
949,8.724780676532205
950,87.1626866940827
951,-15.283727318506834
952,4.745407908206886
953,53.969368734187725
954,29.67566011455102
955,96.1036012375658
956,-158.17351532235926
957,132.14746361093736
958,34.465291037690065
959,-3.1019152307909366
960,37.75179375957194
961,14.252405484929696
962,83.17710237347934
963,24.25907251550089
964,-72.89112979320237
965,-44.14871456096765
966,-2.6840522093699803
967,-27.691751985007002
968,101.74474739542985
969,17.623451691567737
970,113.90801734655825
971,73.32438549007068
972,36.28043321124062
973,-13.001025565905536
974,15.734609512016604
975,8.82915060599288
976,-126.60792118194247
977,-2.075584734517008
978,31.055714728236893
979,17.31998727245484
980,40.678609578432344
981,81.4784983654583
982,16.386850458166364
983,37.32369187229958
984,11.893848341474808
985,-36.15259578778222
986,84.79433744677581
987,-47.05246137967005
988,2.4656647591329914
989,21.5826491714205
990,3.638973894999239
991,-27.67041736375738
992,138.91194397348443
993,-15.746986416362347
994,-30.761400419700024
995,111.63097114228614
996,125.400082102427
997,-49.86225214530866
998,36.30770118591133
999,27.497635926498646
1000,7.0749945816141775
1001,-38.351623371792925
1002,116.92929274007246
1003,-5.433060658529072
1004,39.63988742576964
1005,-31.328081353457804
1006,5.64014299428753
1007,31.32149283203603
1008,34.869880657885034
1009,0.12068938188444633
1010,-56.31652081444058
1011,23.890806406871278
1012,-29.67848872436663
1013,-38.718675810246424
1014,14.477636840592538
1015,-25.843410859807847
1016,-2.957632933294633
1017,8.55573392736386
1018,26.748123752609217
1019,142.83191174522534
1020,109.96197379718417
1021,107.63529894293887
1022,0.33150720064452344
1023,127.92500419004406
1024,121.0962859191165
1025,-28.084117444734346
1026,-26.80408116853961
1027,-7.49503354494054
1028,14.390889415728793
1029,32.3952651618288
1030,-17.90614670684687
1031,120.90319330761488
1032,33.188516314476345
1033,-11.426383349608571
1034,107.59332300308367
1035,28.97910851930797
1036,9.778426330969523
1037,11.111475931577758
1038,149.49419050592581
1039,161.96114954327916
1040,144.90851072473606
1041,61.97445601654975
1042,139.8958101165948
1043,-9.434483611827275
1044,23.922961972259472
1045,-183.01881375426112
1046,-63.40890439891568
1047,258.32204496374396
1048,150.44868391819782
1049,-4.047160593292233
1050,-28.76634902998792
1051,-14.304093943841309
1052,57.68774068654133
1053,17.82201009992771
1054,160.9937980911481
1055,-0.7365293448920482
1056,148.44130504657224
1057,21.75636417570196
1058,-32.74524717671164
1059,13.766417710616068
1060,-19.186378881601726
1061,2.663259394639823
1062,46.66913543919037
1063,139.38435725731597
1064,12.651131314833748
1065,262.9232478418826
1066,-21.176565507987988
1067,153.55751463951668
1068,17.482297932921398
1069,51.35229703053463
1070,81.45706008902705
1071,-38.97819221155251
1072,-151.37134830850147
1073,8.285132240156699
1074,-157.18902856324374
1075,237.15176057631274
1076,-2.0882059564305564
1077,123.87189210202664
1078,159.70589206693816
1079,11.987579672541784
1080,16.92968523547094
1081,12.536809987426338
1082,-62.51280694855831
1083,247.19080324266645
1084,14.432519470342797
1085,30.108697318299505
1086,20.928944447824605
1087,16.346068207432026
1088,39.473087144653846
1089,-19.57390267661586
1090,-149.06619494533348
1091,146.30013561004787
1092,-5.5922237362330804
1093,33.45655411346095
1094,-28.7618363609387
1095,56.25866507378768
1096,15.24653722905245
1097,1.1323503966310682
1098,110.19394661713602
1099,0.5993347483632334
1100,105.28999263329983
1101,24.929846196437737
1102,-183.61717053087878
1103,157.99748625735606
1104,113.72875612479794
1105,150.57054768619096
1106,147.96483672285203
1107,8.94873697056775
1108,153.77363439766867
1109,167.3336976140132
1110,-24.975580267265528
1111,173.26387421236348
1112,137.09167234291925
1113,8.997354996102558
1114,-48.4215416792473
1115,159.24410907376625
1116,170.72521111834328
1117,133.85041545277068
1118,143.3022231619136
1119,1.7381762152615465
1120,137.4143382876102
1121,19.156921153367932
1122,6.017310295127388
1123,101.88342126566562
1124,124.41476885264156
1125,118.39669239445846
1126,39.864345036383924
1127,16.519986214492732
1128,17.252074218970762
1129,158.44773785403683
1130,149.01557705386813
1131,-12.393185042804149
1132,9.94418922183273
1133,-26.32465541747868
1134,103.08096030307529
1135,2.9691915185670723
1136,48.46957069825771
1137,-8.141346018675762
1138,117.64491351899466
1139,-13.86561034249489
1140,119.45746457676496
1141,7.699514910192633
1142,48.81308399220049
1143,143.914583577922
1144,92.43212535078206
1145,-15.111120238143926
1146,3.7233649082238855
1147,5.163335931779912
1148,-4.2428044966092955
1149,-44.77040764630199
1150,156.5056427872773
1151,116.98828311051852
1152,90.87303522039103
1153,29.57970870990337
1154,143.81273358165845
1155,9.397976475033545
1156,37.32664188029952
1157,-22.562079862259523
1158,-3.733500116982256
1159,143.35813503500773
1160,258.1603517752755
1161,150.5350627988105
1162,2.0815223469859916
1163,37.434856267037276
1164,140.66080506716696
1165,22.049687961305267
1166,161.96658928347776
1167,-15.62965923655068
1168,183.30744728349418
1169,310.324565911931
1170,35.04889133793688
1171,120.08383818480362
1172,-144.3626315036213
1173,253.8730030595384
1174,37.58923180449034
1175,97.86052846742538
1176,23.18359004123323
1177,11.309097977187832
1178,172.17308033545427
1179,117.94163119255418
1180,-165.94698177205805
1181,165.08967851012994
1182,17.85972582248735
1183,-36.59225717689294
1184,-17.82419413702695
1185,165.84559273285262
1186,146.27454279880925
1187,47.897183309846355
1188,-19.66343055483891
1189,72.45135816518417
1190,144.64033912207657
1191,4.011798289647828
1192,148.94401059838373
1193,161.85609566039037
1194,0.9207340542110245
1195,66.88437229479241
1196,-32.834418544303205
1197,148.4314255985261
1198,31.670644317519532
1199,158.87904164107204
1200,15.897693423294214
1201,-39.7263563360456
1202,39.115277350553896
1203,125.31191889477685
1204,142.3530541661479
1205,2.7335969486158547
1206,141.16339647456925
1207,-24.890455474959026
1208,98.17455708175237
1209,41.13670121486928
1210,194.2049755764406
1211,12.921594326340156
1212,44.71764229406952
1213,-28.134319629151932
1214,20.09034009958522
1215,22.089541456948254
1216,7.975530573528857
1217,-3.9210459949968026
1218,-21.151136736271837
1219,167.4417277693066
1220,-0.9184308047838812
1221,-27.97656389895012
1222,108.77785285551596
1223,267.75953065199894
1224,-138.07553722079342
1225,28.22687753084304
1226,145.52952788171757
1227,60.731237248943884
1228,39.77430416870976
1229,171.0357583935009
1230,-47.77158974900709
1231,-23.74562944701914
1232,18.50948379388936
1233,6.39628506095184
1234,118.3982836350147
1235,-24.883167418484973
1236,43.84366332753061
1237,16.88503783980366
1238,286.0615506759548
1239,284.5143774089934
1240,49.339488435645805
1241,-3.3054528619324373
1242,256.8064580317125
1243,-11.576719765159638
1244,-73.2622998412377
1245,119.9418619729722
1246,151.44160275485712
1247,170.2175080739198
1248,28.30819884929116
1249,25.200956362156163
1250,25.416886670182695
1251,44.42488524446355
1252,28.860714844199663
1253,24.632780981830194
1254,25.66605313040006
1255,156.59108260668003
1256,137.20932523447226
1257,145.97462962217867
1258,21.126626528821575
1259,69.31246337733194
1260,-120.7823064983775
1261,15.874440571135807
1262,-444.4166153002731
1263,9.897128997626893
1264,-24.939167191916596
1265,-5.097302936171047
1266,151.177354907918
1267,-17.262229444783017
1268,-10.479256784332605
1269,22.703142668715273
1270,36.094582530696556
1271,128.41742124732272
1272,12.889698318035158
1273,11.23099230550227
1274,46.44439751095115
1275,-14.73005916329926
1276,-405.61404594927325
1277,26.730404108755025
1278,53.8418673656077
1279,23.620925025376366
1280,11.165531210789297
1281,108.65986003003175
1282,135.59704882690275
1283,141.9438475567762
1284,-200.44782307966025
1285,119.2700644937288
1286,-20.63209030526751
1287,26.707101081198573
1288,-25.24439272182687
1289,30.718663149401266
1290,115.62956704953936
1291,-12.82768325293641
1292,141.94395873633178
1293,-2.5062920775896487
1294,13.370849258729578
1295,27.473575968144786
1296,38.00927792407197
1297,16.30450529734
1298,-3.734064802123342
1299,-15.132294470390917
1300,43.245861649266175
1301,28.348272584758263
1302,18.50951666526163
1303,50.78551992899165
1304,22.356645623228587
1305,60.333096529817766
1306,9.592610874352005
1307,-14.763486243552578
1308,-28.439038163099994
1309,-13.92857726831869
1310,37.21757482741296
1311,105.22172387417147
1312,58.10953208218939
1313,251.00300311260474
1314,83.83197134182014
1315,22.53236325257747
1316,14.098292028673967
1317,255.89876241663123
1318,262.22379235761673
1319,17.961796828145722
1320,14.164374638922553
1321,165.50005661375977
1322,-2.664549382835105
1323,60.30618520178314
1324,176.18980574260942
1325,144.06190976986568
1326,40.154589551704134
1327,36.38371013273078
1328,58.74746374033907
1329,-31.040142835139875
1330,109.97687480925265
1331,153.98476046382402
1332,29.817677822913822
1333,-29.785578389901517
1334,-5.48792464216254
1335,109.81402121483482
1336,270.71917040604535
1337,16.180641515444677
1338,54.84417224685515
1339,-22.785099991939063
1340,13.165961518996895
1341,293.49823787594056
1342,30.907015530944363
1343,-2.7486066733086005
1344,29.871108913058407
1345,41.74322097059718
1346,13.544135154046998
1347,61.10843686360073
1348,10.376014790690562
1349,60.94071747851012
1350,24.364399409583854
1351,12.881306693832627
1352,-7.024921405835897
1353,174.69654621389844
1354,29.35955518369883
1355,2.6796669013346275
1356,46.97196009172902
1357,159.95665430882997
1358,-2.8318896285670974
1359,221.54227026849549
1360,34.86719150236962
1361,31.662961462999647
1362,10.761687736899091
1363,53.46642631369599
1364,292.94766647742307
1365,235.66721800000184
1366,54.031579348586476
1367,46.96225296452863
1368,-32.70189152599728
1369,44.78032123000699
1370,162.25036228318237
1371,41.923595642804116
1372,31.22115605884926
1373,7.0852157958514965
1374,20.102696062310116
1375,-0.07668414389384282
1376,286.7029500507617
1377,181.4530536507673
1378,215.4385273830527
1379,-0.7749833192816595
1380,147.3299156594436
1381,22.055097872220657
1382,108.12748197591019
1383,4.606657820788612
1384,35.708799895407765
1385,30.76300720757024
1386,9.27865353365064
1387,37.20028997960691
1388,199.0379802796752
1389,10.615703683993758
1390,272.9413133280513
1391,184.8613936425701
1392,-35.80113420379875
1393,28.462496479518506
1394,153.5153860562383
1395,10.69520626559192
1396,146.35004336605024
1397,28.17046962374127
1398,-29.735921392056838
1399,141.59251416515963
1400,-14.680864202375844
1401,27.629730814039945
1402,10.512863830859189
1403,-11.731196658946288
1404,163.4966662345719
1405,-44.60755403753889
1406,20.956789340697313
1407,59.954025787893826
1408,28.35950589109342
1409,37.66852150861493
1410,84.46311358063916
1411,14.720447367978537
1412,18.288008080372393
1413,252.81881207843628
1414,15.15628705114274
1415,178.90066426644717
1416,-179.99191998014248
1417,39.17931996127621
1418,-10.489998666008617
1419,13.662955801293649
1420,174.3670575212781
1421,16.29939264687252
1422,178.6192983823397
1423,-20.04335488536688
1424,-4.367952068630828
1425,0.12788218713983213
1426,16.294714260479367
1427,-19.341256063503394
1428,-13.567064860194591
1429,-13.384250392897258
1430,7.752710346653657
1431,-3.9748024344015676
1432,48.5030499431914
1433,71.08441874234568
1434,34.93577644049196
1435,36.66158314040038
1436,-5.50492590846703
1437,37.40397025744227
1438,34.18566454196133
1439,265.9776382151849
1440,297.6244833952305
1441,-2.3365952672101002
1442,0.7115520306108769
1443,199.1845857056154
1444,13.890932368647597
1445,271.96771976606146
1446,137.0354320816759
1447,7.443488156106412
1448,289.3245307921803
1449,23.19059467243183
1450,4.371775525924548
1451,152.0064409348316
1452,143.66160492144255
1453,155.58059001332785
1454,266.6050932783683
1455,293.4262733361043
1456,-7.863627416441801
1457,20.414383162981608
1458,31.661793583375925
1459,-14.12751110057151
1460,158.4283336812342
1461,7.4552456975466725
1462,65.30515335509094
1463,43.20769611994672
1464,236.96905935617667
1465,-29.484030591126015
1466,1.5733904963657466
1467,74.12370388052396
1468,274.096421863224
1469,39.648881499725434
1470,7.242159168981658
1471,34.01718263157292
1472,189.8019017228063
1473,301.92376109101076
1474,6.09204282515833
1475,165.2104612436154
1476,-30.875000200540867
1477,17.15655644759842
1478,301.22773491961505
1479,163.75169064804714
1480,276.07363845587804
1481,-8.078091008181502
1482,152.60993786673566
1483,182.2210838508138
1484,-35.57761108804738
1485,257.3255695248021
1486,277.0386055057961
1487,17.024270190702055
1488,298.56779274944813
1489,31.305133873793466
1490,44.52355631583421
1491,163.94072088558954
1492,17.36661572553176
1493,3.418808405672479
1494,185.19349897707482
1495,67.32426293683146
1496,41.249468838292074
1497,255.60915637791328
1498,-123.29140226663472
1499,242.3090073603654
1500,136.21170078273582
1501,46.18965339707094
1502,-3.9505246249713224
1503,1.5911923834453887
1504,281.4325316002454
1505,24.02845698251099
1506,28.124790976212978
1507,-23.665513908340643
1508,139.08675088793885
1509,277.19805456982425
1510,274.60996507201844
1511,49.27712031706213
1512,37.15544682778807
1513,44.27446143475933
1514,282.72285760890145
1515,298.89168149738236
1516,247.62420053790498
1517,19.416002198410865
1518,273.3736325898601
1519,260.9315557374991
1520,45.20004098226846
1521,252.28121498032422
1522,-12.74846568934882
1523,23.45649043103748
1524,18.3508894888694
1525,143.44211968863266
1526,32.190390886109924
1527,37.72086438701072
1528,12.312835580084496
1529,146.9612923665377
1530,143.11354207679744
1531,272.2071981604415
1532,172.25436651601663
1533,260.6122792708726
1534,265.11754929886547
1535,285.4021478227866
1536,274.3883783809198
1537,289.2045666728337
1538,238.75249184310434
1539,45.108414579771306
1540,51.87402745077901
1541,268.2835759573163
1542,247.74037253388235
1543,238.7957145928719
1544,274.7789710365624
1545,176.43819587495767
1546,234.02114769708115
1547,33.07369810107531
1548,43.45266415852822
1549,277.3150009637069
1550,102.17724358742358
1551,0.9763777155744009
1552,259.95814508269825
1553,188.1987850701713
1554,257.56739099664514
1555,8.82571723657746
1556,-2.5699994173896243
1557,166.15183921283278
1558,23.88634930180085
1559,297.982206069149
1560,30.748703821782215
1561,38.56339496691365
1562,37.54915784733382
1563,118.91656198362307
1564,273.2816294953217
1565,-15.155872277668806
1566,257.6565992532621
1567,286.4526619406836
1568,-4.174534858807419
1569,175.3725017770693
1570,176.2249629034437
1571,258.27697220747837
1572,26.93357340572524
1573,148.87399944630647
1574,274.3195471551244
1575,284.4403603556498
1576,278.4650771122359
1577,153.57076979570002
1578,247.6108108480167
1579,41.114973613846416
1580,253.7590462080589
1581,24.75376277732019
1582,172.439696080373
1583,275.2575769807661
1584,62.33545591043651
1585,14.82343467741427
1586,5.186306263488589
1587,33.73733874798225
1588,62.341262074159914
1589,157.73262692940577
1590,94.03843862387248
1591,114.08057740153885
1592,265.74345393722973
1593,274.2888119828007
1594,244.75593547128636
1595,284.3711348748177
1596,288.88374485832526
1597,33.24256988907783
1598,1.3862876547262886
1599,137.48173088333286
1600,152.11199152638875
1601,25.627439262331364
1602,280.6424224616866
1603,237.1771462590859
1604,34.87414712403432
1605,251.84285257414805
1606,289.54417258039166
1607,37.76424321882567
1608,21.582520439739767
1609,171.21668736632662
1610,23.29292105791312
1611,23.10629662120806
1612,258.0583506289687
1613,265.91435891505114
1614,49.36154585962751
1615,23.956351159602264
1616,64.46593483755206
1617,55.31102416185203
1618,276.254467496741
1619,16.822069603419493
1620,53.957489738091
1621,301.2585224750914
1622,153.24863484062004
1623,277.5429257196788
1624,282.8187010882323
1625,291.26903095305386
1626,276.69875202463805
1627,298.02438634049565
1628,149.3670242683985
1629,4.091636462202416
1630,173.0244136399778
1631,138.56703462524533
1632,111.75329411386525
1633,257.24699541610516
1634,272.49650619808
1635,-71.54274994255978
1636,36.84106623914613
1637,271.4795158059327
1638,238.65330325694674
1639,17.27487357730884
1640,258.65361636837315
1641,290.9681875586876
1642,287.78425516907555
1643,-0.8048594520900139
1644,25.085737008265454
1645,143.65624084453034
1646,280.99746066356033
1647,43.2700271844173
1648,306.21231774598255
1649,50.601465602825556
1650,66.54512632581617
1651,65.7925551735189
1652,243.32456485926193
1653,307.8385672280941
1654,169.02511868542396
1655,26.28584505684387
1656,289.9158384602141
1657,245.22259205895662
1658,161.27288044206904
1659,290.80964629028773
1660,-21.733954470126676
1661,260.6508405472272
1662,19.63519530360516
1663,51.95321729241087
1664,152.3286279217516
1665,54.5217099079496
1666,42.23283690545037
1667,39.37650386475093
1668,270.24182658661476
1669,259.95709542078725
1670,40.07384854825216
1671,25.04347524710215
1672,302.5254826236143
1673,-19.03553875840197
1674,279.8433849324242
1675,34.264313872187216
1676,130.59883246148087
1677,14.295626754096801
1678,127.06363732480065
1679,43.4024442705487
1680,278.34919984210603
1681,314.06541116055837
1682,44.09759864716716
1683,149.48298070220017
1684,292.71883218282085
1685,257.6123949806869
1686,281.3773329247744
1687,29.06620096884751
1688,301.28675434000627
1689,238.74376542764276
1690,55.35434290295683
1691,4.332840117912369
1692,-6.879256312359431
1693,-111.5243076586649
1694,51.24191909976568
1695,274.4823190991052
1696,-2.854522266350102
1697,50.318212632436484
1698,268.09258461020306
1699,62.47345931521852
1700,263.6456643899013
1701,62.438096381456944
1702,287.72308821988986
1703,33.12763385837732
1704,295.09310415438995
1705,73.88484837108834
1706,18.521699088112513
1707,271.55396792266583
1708,244.21793886455185
1709,16.760679876588938
1710,1.933967668008023
1711,41.9945800059636
1712,58.37886720958656
1713,293.46907518366004
1714,29.83763659598597
1715,72.39084898155522
1716,286.97192704251484
1717,46.24503459302207
1718,180.1709255848924
1719,70.7230344614249
1720,9.621153498978487
1721,22.49258593911952
1722,34.542384493480654
1723,256.8881397045093
1724,221.84784862850518
1725,64.0535568511061
1726,26.76591283331726
1727,155.6896760509676
1728,265.54931634161454
1729,65.00217891003399
1730,238.87320115614588
1731,261.8876814198205
1732,277.01930306225296
1733,270.3099454398347
1734,249.8720891914471
1735,24.98009178379347
1736,269.63917994693315
1737,11.141596195015524
1738,306.36066936885993
1739,262.40651584263856
1740,39.811549012634345
1741,255.93355220211052
1742,256.432605171539
1743,64.23727753933301
1744,264.65539598746216
1745,248.88386648224866
1746,5.723638598923245
1747,277.5501021560684
1748,47.62312547941511
1749,19.544738458547243
1750,263.0728870456985
1751,178.40509967758095
1752,255.2769872444994
1753,48.85597644951281
1754,260.175646026043
1755,293.1318544532164
1756,245.80824610216717
1757,44.519198432309054
1758,57.460016164943426
1759,296.72277937275766
1760,306.2038368642321
1761,303.0729527138349
1762,2.616639808035643
1763,285.69057407626224
1764,307.7848430173133
1765,270.4898620805941
1766,272.36708442502515
1767,149.13431619482915
1768,264.6752567158991
1769,169.04644745540824
1770,125.8816659275154
1771,169.4728823223417
1772,7.967133998345787
1773,41.89447968762133
1774,28.26235175426561
1775,46.031526822769166
1776,288.3265648625893
1777,40.6601041779609
1778,239.80442181593926
1779,285.438821585402
1780,178.61396978571676
1781,103.01985300517985
1782,69.08603888744017
1783,66.17991668953206
1784,33.845116600885746
1785,260.3356919158622
1786,282.9941963666852
1787,298.0327098205697
1788,15.38266158053851
1789,22.25246963466259
1790,274.10361634153963
1791,267.8418087818857
1792,287.0015790476857
1793,-0.7569666227531116
1794,263.4426137720725
1795,42.91625275312538
1796,231.53108668766615
1797,283.7686593749052
1798,151.9825823721878
1799,296.8777692130063
1800,151.48659143214587
1801,44.37267501595855
1802,242.1703900324178
1803,44.884159988186326
1804,234.65633560675857
1805,279.7126777525008
1806,116.88429800210234
1807,180.5260063347604
1808,26.447138913393943
1809,256.6713919792094
1810,282.3845384023806
1811,141.9161378531239
1812,123.001472043578
1813,297.85488197800714
1814,297.0913553246101
1815,159.16400272142712
1816,256.99219862114614
1817,44.44715157375998
1818,247.8753392110666
1819,248.31811498540185
1820,265.3462770879741
1821,283.25115806176325
1822,279.5126390644373
1823,268.05781218440006
1824,145.0027289393783
1825,53.06028660327053
1826,250.18937332326684
1827,189.6859633152496
1828,231.7041445642689
1829,53.9010229510196
1830,165.98675406571257
1831,270.28476404292013
1832,296.9292957586864
1833,283.2415929202237
1834,307.16639901740547
1835,150.35229789775605
1836,34.52863655682282
1837,37.028559149011926
1838,290.6975229346282
1839,41.06547451860058
1840,283.3547081541175
1841,270.30346606959665
1842,253.80278564365295
1843,289.3704065466885
1844,294.2215769031968
1845,253.15162013934818
1846,148.53565565175705
1847,57.70906475147717
1848,22.022835937058986
1849,305.2274565144414
1850,58.8750123669887
1851,36.25844637713655
1852,279.35445874814127
1853,136.7255762807432
1854,283.06218597648444
1855,35.092663608291645
1856,288.9476992435922
1857,-11.402334902852317
1858,275.8307577013063
1859,281.1615868827272
1860,21.99593056417183
1861,46.30212618063695
1862,24.389041609268446
1863,187.48728125616606
1864,264.33318048409103
1865,270.2315596850842
1866,195.60873654854038
1867,283.5003574574175
1868,95.0571983665743
1869,254.62561110729573
1870,67.81500223086306
1871,45.19874320472027
1872,249.51921771383303
1873,302.0971052340193
1874,250.02817754036684
1875,253.95531039962444
1876,24.039795273583607
1877,0.5043930989799321
1878,283.7534013187501
1879,257.1409873116843
1880,249.58522740536011
1881,248.11746087953668
1882,283.9332767498166
1883,273.9548297989211
1884,290.9635800482518
1885,258.4620843574339
1886,286.08778114491383
1887,256.853177737455
1888,163.3769813933661
1889,246.13767353419223
1890,34.94002151705769
1891,247.9065006100684
1892,247.80856486814858
1893,271.1546221579945
1894,312.4205637273583
1895,285.48356603856394
1896,256.6420016300881
1897,294.0739399847437
1898,284.3861316279415
1899,290.17978139951083
1900,246.12311684486184
1901,284.7759159797589
1902,296.89494057727256
1903,60.66857905595256
1904,184.78834906221763
1905,270.9686841646864
1906,227.93401320856088
1907,283.49042301870253
1908,243.9034327452913
1909,13.454214320652696
1910,38.89717956610545
1911,17.945951191362397
1912,271.4129913355657
1913,155.5881354580261
1914,24.053495064256822
1915,238.18749758515943
1916,261.23236530098535
1917,30.39473902883529
1918,165.5314311946938
1919,273.05456542302693
1920,51.122063357373634
1921,283.84306800099023
1922,276.5481003814276
1923,35.695675586789065
1924,40.20828409449163
1925,269.6075548736705
1926,30.409566250716978
1927,246.60209139903063
1928,131.62312242897286
1929,296.1610070062139
1930,152.05665129071218
1931,281.899719025057
1932,35.31495214443234
1933,208.60993361250385
1934,41.5390880182681
1935,251.50724770869425
1936,301.2874381909048
1937,240.4871587203684
1938,233.33868913074477
1939,251.50010050736125
1940,-11.950177163840692
1941,280.6587928572347
1942,271.3729568010776
1943,248.70453869261087
1944,251.1110508747303
1945,28.167796546638073
1946,19.415036127467587
1947,65.67801828069062
1948,-3.869862005185439
1949,289.76445737072476
1950,284.72722281245734
1951,26.543607524166674
1952,17.675053543423772
1953,15.726182171521174
1954,10.412993470712394
1955,281.9888690799813
1956,274.11800325154394
1957,105.20035307358218
1958,49.98511978854049
1959,46.49328356244769
1960,41.237738385980236
1961,288.8002907103945
1962,14.798291356656634
1963,253.12009358354402
1964,18.33103143826436
1965,48.72874881492686
1966,308.53571180318374
1967,149.1107502724662
1968,42.64986207022477
1969,304.67845910160526
1970,-14.527869611498247
1971,22.140139426081376
1972,305.1158783527553
1973,297.326915530681
1974,262.50188335764193
1975,27.1408432634812
1976,47.878094728720356
1977,45.873703389051485
1978,59.46373101142734
1979,269.12831406028556
1980,47.653503307179875
1981,162.89214719242906
1982,0.6512418142732059
1983,-21.85540908557644
1984,21.96838803675918
1985,294.1362274268654
1986,148.3604043985063
1987,34.54879798140425
1988,1.075781779949196
1989,291.2229713033176
1990,45.7298728673384
1991,274.3670023390647
1992,275.00786097917654
1993,292.5271732512506
1994,261.7504259412565
1995,265.72765542418307
1996,297.8171557799709
1997,257.8058907779456
1998,32.01958924530126
1999,264.4049761298451
2000,6.811515038715299
2001,313.14376710045815
2002,27.23576597312426
2003,305.3136060186275
2004,36.50426797903842
2005,302.28670045091286
2006,243.19410973965972
2007,251.8168374234968
2008,282.1915667930549
2009,268.40514983585354
2010,23.78068585099973
2011,42.47626741700665
2012,6.7793122928032545
2013,23.471097000708525
2014,-17.3121055781816
2015,53.49663715066151
2016,18.944489841678944
2017,10.747944674104914
2018,7.0913559765726575
2019,42.66447923418474
2020,62.34383006913154
2021,127.53224024366493
2022,12.702219111457808
2023,41.895786149912595
2024,-10.565375909383178
2025,27.84409173403826
2026,15.01046386371651
2027,287.121770757354
2028,258.82598987548204
2029,16.129649575675515
2030,300.54621111731177
2031,15.277391536573404
2032,-11.752906898930348
2033,33.64614592343918
2034,26.7801218081362
2035,-65.88747282901596
2036,-2.3108293731768867
2037,276.7885647251651
2038,1.538639054061889
2039,14.461740371924165
2040,37.03630837239896
2041,42.678038221737324
2042,-6.223772378404817
2043,74.38697720293274
2044,6.063043126562377
2045,261.5140555902582
2046,38.07829916747744
2047,301.21815765397207
2048,-4.411871955234531
2049,6.855607797295946
2050,283.67437627631284
2051,40.39062495751568
2052,16.51292723871167
2053,-4.715638576917144
2054,17.30451934462728
2055,20.895980291806765
2056,1.5760692021440121
2057,19.079059161505086
2058,274.22949746051825
2059,5.998819296244875
2060,-4.672699816188057
2061,-2.619512191031518
2062,146.94234109642218
2063,3.5166391162801887
2064,303.4969502098972
2065,306.49185663717736
2066,-29.38033279775925
2067,0.38692721903127847
2068,289.8121183768726
2069,57.42723103260562
2070,281.95911897889584
2071,296.38798483080166
2072,43.60655098186706
2073,38.29734540536694
2074,20.666095958009308
2075,303.71002483315283
2076,62.77305821994187
2077,282.37871497263313
2078,15.077376045125277
2079,307.0487218807307
2080,268.16367384901616
2081,13.832329866566454
2082,66.018733402527
2083,-35.37042984530795
2084,273.3724639187218
2085,282.90650101735423
2086,295.00073227327965
2087,-1.9184665101879972
2088,-2.441359405335973
2089,74.04734296476855
2090,290.614835053076
2091,43.54615434904696
2092,35.054114286273034
2093,31.46917556825821
2094,159.91473273655285
2095,321.633308045885
2096,265.8894410793892
2097,301.5790817870187
2098,186.32997078758225
2099,16.00185388791121
2100,261.1988711956799
2101,32.17035896032371
2102,299.54003269395264
2103,294.3870595857601
2104,20.64829513772152
2105,240.85882090861284
2106,105.20551802061662
2107,46.685320679482345
2108,38.932064935460886
2109,284.47093162279
2110,13.466138418137163
2111,19.09482016057372
2112,253.30274210770116
2113,2.416582446603698
2114,252.82529523024508
2115,15.118958629130248
2116,279.46168143336763
2117,38.75484669148989
2118,267.4303336932941
2119,44.72738625144274
2120,27.736937774115034
2121,62.787829423756705
2122,288.69529318562866
2123,49.68608468659576
2124,298.7622137508873
2125,292.08402715587107
2126,6.873036307225362
2127,-5.244771377517026
2128,288.80143542268314
2129,51.58458464485568
2130,1.9656282114292765
2131,293.16478652884086
2132,312.75702360218486
2133,308.9384360881703
2134,17.88555984972382
2135,57.05429364849269
2136,289.2179941836596
2137,289.0736429037032
2138,52.96963328005799
2139,124.65307642459683
2140,253.24435793614643
2141,130.95228725530785
2142,252.61007589183248
2143,293.9869485994193
2144,37.73183412961018
2145,281.49489616752305
2146,284.5466616179673
2147,308.4062265022537
2148,11.455446552531555
2149,248.90856368996575
2150,255.78641285398143
2151,286.78899734131363
2152,28.90222873331419
2153,261.6477136299078
2154,9.504187663081765
2155,79.24070807014678
2156,294.9777965493456
2157,284.3971687730924
2158,59.03390391818459
2159,282.90307866221326
2160,2.0288883652249865
2161,283.0862557708921
2162,268.1391539850797
2163,297.4206454034562
2164,293.25774832817325
2165,273.29234942359994
2166,309.0949997664718
2167,287.0352341927253
2168,272.78659963202256
2169,288.0742991574856
2170,267.0462381002007
2171,278.8194418963072
2172,278.76833933845217
2173,264.9942036982567
2174,-5.423786087328168
2175,48.646260047249626
2176,304.5407252599686
2177,14.887402524978867
2178,296.2110847494657
2179,304.32607535715385
2180,21.7703012331138
2181,272.6453235630936
2182,298.21508067757236
2183,259.3371856091755
2184,15.892951736305662
2185,2.3858379783632984
2186,262.0530523814368
2187,295.09537400789395
2188,286.8443689801094
2189,48.99634015371828
2190,269.1411249226511
2191,293.82825406877345
2192,277.067373991724
2193,38.014340251889934
2194,323.781398822025
2195,275.9980376239629
2196,27.708484405755826
2197,293.0684463223927
2198,236.5282597762424
2199,277.01057141799026
2200,282.9753804070329
2201,302.64222887527194
2202,305.50086764005476
2203,285.41000642389974
2204,254.0479498576114
2205,20.067599823227354
2206,286.38839850156864
2207,243.61017255135744
2208,269.98897039083613
2209,262.8522974536709
2210,268.56802762540286
2211,294.7232269723618
2212,253.71854736123157
2213,278.48204983048026
2214,276.6752699275774
2215,236.37317718857918
2216,300.589205114577
2217,299.2772412072411
2218,273.79154246327664
2219,308.7734279662402
2220,268.75242374430127
2221,266.27492061548435
2222,296.47390214551797
2223,275.9077766213612
2224,253.46294377325137
2225,262.8967879421809
2226,269.2756715119297
2227,284.86593339157537
2228,267.5597633141349
2229,253.4075943973264
2230,44.957100516438345
2231,258.22241546121086
2232,233.85539901753486
2233,54.87028311723449
2234,263.83766594631993
2235,265.24904426279
2236,223.8093049222539
2237,239.2147621489209
2238,265.9944472115904
2239,270.39185433877856
2240,264.2057109724255
2241,289.16161110482363
2242,23.225811092865655
2243,240.32846689965262
2244,295.69954170482686
2245,260.83209624479184
2246,320.46216024358165
2247,251.75365256662792
2248,278.2616673568231
2249,232.43698692427037
2250,262.7938063936932
2251,304.5052841847961
2252,279.2379590733749
2253,9.531780616046348
2254,272.5265173563322
2255,276.2988831425654
2256,242.39913075949255
2257,261.3985714856077
2258,267.5078083199264
2259,285.7622942541222
2260,301.5126171154569
2261,287.1109044182008
2262,273.4459599628716
2263,248.76098903029967
2264,241.257495906087
2265,294.0303241467375
2266,265.3019788875214
2267,262.9184669690452
2268,277.5252436447438
2269,248.40941225898433
2270,282.44877267890445
2271,284.1923646140094
2272,35.72371655243231
2273,274.59234602391547
2274,279.05132483560476
2275,251.24140302365961
2276,281.36039052328795
2277,245.0790190961178
2278,291.49201833361195
2279,267.21404490928626
2280,259.9833459840373
2281,272.40819340332035
2282,271.31202425372965
2283,302.99750449356634
2284,225.60456166632375
2285,262.9146859662137
2286,270.27041677019037
2287,263.3275278362321
2288,304.9969377110626
2289,263.59291291223826
2290,247.91241665575896
2291,180.84761531230723
2292,141.12509995551721
2293,291.0886560614348
2294,251.97671190396383
2295,280.87930068408855
2296,244.23837373275808
2297,267.8274546147411
2298,303.7230888194521
2299,267.39216591955676
2300,249.97892028247105
2301,311.7547751754212
2302,269.2965780761035
2303,267.6469624370668
2304,262.30699876312156
2305,122.53685037485306
2306,298.27093406151596
2307,266.6155555813899
2308,274.50151039055044
2309,246.95129222041106
2310,241.22376023425358
2311,262.34172386268455
2312,271.4545602916869
2313,266.46690133066414
2314,270.20942367937516
2315,24.601105877085672
2316,294.21650829059024
2317,234.58546954648918
2318,251.01072252970994
2319,278.77765829855656
2320,295.9391184138217
2321,249.25908047416647
2322,237.14821087653272
2323,232.9981851836533
2324,251.3347492728057
2325,297.44178629648474
2326,259.3673323421574
2327,284.5901511124712
2328,251.47038212815872
2329,253.2745975391862
2330,233.64469987770292
2331,72.17812947934723
2332,303.49163338779545
2333,271.0641660756463
2334,270.30213519991673
2335,257.6076883350841
2336,242.48881123908558
2337,38.28118224733066
2338,248.38466492571837
2339,290.38894062711654
2340,272.1558765411468
2341,258.1360374608994
2342,294.30032317433745
2343,263.8360971009246
2344,289.45875510878983
2345,282.9150089271554
2346,271.09442897937487
2347,239.47159794305458
2348,279.637501936876
2349,261.6662376766037
2350,251.44753773497007
2351,117.09639552134664
2352,287.09273450879743
2353,277.03670805915544
2354,284.24617360554
2355,282.05349081781014
2356,258.5915926146562
2357,288.1951099676643
2358,280.1529384321568
2359,283.3583463351243
2360,297.87012575384347
2361,256.305737495564
2362,273.0080056108496
2363,77.12663039898058
2364,55.152379103257886
2365,280.4639041980747
2366,274.8073637314793
2367,275.60182425504735
2368,290.92859604469857
2369,231.05761869859487
2370,272.2466473173113
2371,15.96254899486405
2372,11.43480274317524
2373,275.389738381933
2374,263.37464025389374
2375,306.16916638287876
2376,266.30864650146157
2377,41.96212562937072
2378,276.5588661842139
2379,174.35558263103732
2380,261.74079353739216
2381,295.2536619102376
2382,266.748542355166
2383,231.61298478088878
2384,291.64963389072267
2385,290.5519079132989
2386,273.89112953460796
2387,288.84716133035073
2388,259.2386662483687
2389,258.5257171136292
2390,255.30646084806722
2391,278.45713754099756
2392,281.579565873932
2393,252.32313260432284
2394,264.76185084622983
2395,230.06074253324334
2396,304.86273368533944
2397,247.42748949017806
2398,272.83485664374894
2399,50.86456508135191
2400,263.0623677995163
2401,279.8795040593019
2402,290.7602729634867
2403,280.5434967930238
2404,32.688638098240546
2405,185.35544814760044
2406,256.8938572999239
2407,120.21449205552715
2408,301.37945212226623
2409,273.8296865047883
2410,313.26861264623005
2411,282.26151840333085
2412,280.7687659000329
2413,246.72875789796157
2414,177.4727002156693
2415,54.228468964612915
2416,234.6892197272139
2417,301.5956637713871
2418,149.72540129456794
2419,294.48679984220246
2420,293.05700735467036
2421,47.84911298572675
2422,300.0928154872015
2423,294.05237258807483
2424,296.4262724764354
2425,-133.03845634014772
2426,295.48279779689744
2427,292.1661519281134
2428,254.99839118412137
2429,301.4868791147186
2430,253.3911775489282
2431,256.88032756088944
2432,279.9619166577508
2433,294.35449010150364
2434,46.83731607279236
2435,313.0580549624854
2436,262.6872203763276
2437,280.3573436290744
2438,271.07594067849396
2439,268.02439809599207
2440,271.8768414734847
2441,278.9226386551867
2442,277.5339587380735
2443,251.23165979747964
2444,-104.8542519858538
2445,269.75353231358486
2446,265.14793041708805
2447,219.61408846853425
2448,37.2707322843423
2449,265.90403981806986
2450,290.2738896735495
2451,232.0896699419473
2452,266.4602890825101
2453,245.24535640058943
2454,283.7985160152924
2455,56.3580680016851
2456,38.11986904240163
2457,258.594215229283
2458,291.1311640351293
2459,295.3286590092431
2460,273.9849130892227
2461,299.4456320446149
2462,269.63187424438917
2463,250.94359478563683
2464,284.5028004285332
2465,316.5795323581826
2466,222.98622266446017
2467,248.21771238986443
2468,139.35248080495228
2469,278.7558483094484
2470,302.1738873916
2471,261.0350813413716
2472,255.61020904782302
2473,298.40949652482345
2474,306.8868136846106
2475,281.0352046286246
2476,286.5557168537489
2477,293.6178946429528
2478,305.6951300800786
2479,0.16770396897871365
2480,258.1548165663572
2481,75.20584246172302
2482,287.86617744585186
2483,259.54976528830554
2484,242.79121556221259
2485,283.76155736297017
2486,288.09220105143214
2487,237.71541495116878
2488,291.7827125048951
2489,247.74459053305924
2490,271.56938710420025
2491,241.59926329624864
2492,288.4655494762792
2493,270.23465939332556
2494,312.3286501541973
2495,272.2826453893834
2496,231.2039606125567
2497,280.5453189280953
2498,308.8906722756908
2499,288.154578171852
2500,232.53328952872002
2501,291.148385244566
2502,45.414299376914414
2503,259.25993512358974
2504,263.31272883149916
2505,272.8396064419056
2506,261.47999989038175
2507,44.36463840461471
2508,233.56940435239883
2509,283.861616542806
2510,269.46209183583204
2511,271.8257925520303
2512,296.63788361157106
2513,281.1939413126621
2514,316.8144143243628
2515,295.1069036075679
2516,307.77410544471667
2517,307.00086228279685
2518,318.4241845480194
2519,283.7926694915019
2520,253.29882220497421
2521,285.76245744288326
2522,284.45161606707836
2523,273.74767282518576
2524,245.8098177127432
2525,310.5821106657454
2526,283.59974276553123
2527,35.38081068118717
2528,49.365027006518176
2529,298.4683221671044
2530,312.7576225706321
2531,266.919574102042
2532,279.38922558061165
2533,272.5161647361506
2534,307.3212713162677
2535,268.21305942751235
2536,244.09693626272667
2537,276.5353148905159
2538,112.38404800400104
2539,279.9436502301934
2540,275.0160137609167
2541,298.6158292626569
2542,300.05803359199626
2543,278.07460641297587
2544,266.33718696649197
2545,238.58299789517562
2546,290.76952596867864
2547,269.78980187168247
2548,279.5258517813523
2549,264.98959054630404
2550,251.39293847833136
2551,280.02739929458835
2552,258.0766831030378
2553,298.1343843937099
2554,297.8635568650022
2555,258.5519533364876
2556,300.59256371869435
2557,251.36194869242004
2558,277.1174936867467
2559,270.6783941022425
2560,247.1334154018926
2561,270.010689778
2562,279.1923993802768
2563,263.52966560234063
2564,278.8861105721834
2565,149.3590057070582
2566,267.51419708078026
2567,275.6666532448079
2568,257.61332337288115
2569,273.3555278468755
2570,302.7176062703518
2571,286.51074422508964
2572,303.20624987734084
2573,60.26316414415024
2574,255.72948795187264
2575,271.50481420881994
2576,236.50099977761909
2577,274.0057748526699
2578,186.190873804436
2579,258.77129622545044
2580,294.3982516076217
2581,293.4101537378607
2582,271.7718712244456
2583,295.7060931647037
2584,305.27849788490846
2585,313.8504211724877
2586,253.28704061763253
2587,247.74586125732947
2588,247.52151565614028
2589,288.87936603192236
2590,289.95267252427345
2591,285.3723799629711
2592,128.75512980085296
2593,323.1890568085604
2594,281.92215478499264
2595,269.6745869240444
2596,309.99787741382534
2597,303.35615743318294
2598,279.3432799702207
2599,288.4372374042032
2600,289.87803023711626
2601,309.37749107112035
2602,253.23491404167035
2603,297.1082723665804
2604,240.3264227661605
2605,267.3777039590661
2606,162.41785174051472
2607,134.7679994527157
2608,29.753364622098815
2609,251.98890827089724
2610,278.47124262597174
2611,305.93017626572384
2612,264.3708107205887
2613,245.00695646272072
2614,55.25623272208705
2615,245.88180903898868
2616,269.4531357496105
2617,259.8042176242901
2618,278.11929665988913
2619,46.85726393583488
2620,301.4367127860837
2621,286.80600262725625
2622,36.323511624372344
2623,284.7972283893435
2624,255.4229785339662
2625,270.9225346717767
2626,239.68121597217709
2627,56.27527576754915
2628,272.6591852381661
2629,292.52000014137525
2630,278.0150731598808
2631,270.94599155282805
2632,298.0303754654278
2633,49.3827375542902
2634,280.6107381375657
2635,253.01308480414855
2636,306.90228752847975
2637,278.94528573734624
2638,231.63866094807526
2639,235.0232893969458
2640,310.8939184557
2641,304.5887463472586
2642,282.2939239408081
2643,298.65308582684776
2644,165.70769658164656
2645,305.50706700186896
2646,272.9847861457547
2647,268.5695967699952
2648,236.79226812549766
2649,43.324857310266
2650,255.2471952855261
2651,237.53896466712916
2652,49.61592811587337
2653,251.30763061143594
2654,314.75662076446076
2655,270.8724402534473
2656,133.8666875516136
2657,31.60369937673596
2658,289.5034074626672
2659,311.1634866171295
2660,283.0740603407609
2661,263.2413161256944
2662,265.79807938451
2663,269.6733928911233
2664,260.7583689874656
2665,242.2482873300364
2666,16.92257503402253
2667,281.30668847268134
2668,303.4299190042125
2669,251.2541564147764
2670,312.9506487834924
2671,101.06729479665668
2672,284.52062295418773
2673,269.92807502826196
2674,268.53763915647096
2675,59.825985991469054
2676,90.60774391107792
2677,278.2695536451563
2678,306.26940792765356
2679,149.78313939988396
2680,37.37294953029081
2681,282.7459131058832
2682,241.14036697281244
2683,17.721212321682117
2684,246.33735641290525
2685,265.90412009092984
2686,256.668115371194
2687,264.0971874997104
2688,259.87659552020614
2689,312.10458393536624
2690,215.9560345698722
2691,288.17396449410285
2692,282.30165169771203
2693,308.35485854184003
2694,45.029051607514475
2695,309.7178368150961
2696,272.41116651986806
2697,259.8561345760071
2698,247.83161412190117
2699,228.28029876864872
2700,255.32273311466153
2701,292.9701688748855
2702,283.40791082629346
2703,267.76857852237515
2704,309.4214900698759
2705,308.13801676297237
2706,230.47906047737837
2707,270.37038232676974
2708,271.0745872897345
2709,272.04093347310624
2710,236.21449473321715
2711,305.8748420312753
2712,301.18953121904315
2713,308.70163960480454
2714,286.6688244035722
2715,54.17830611275966
2716,293.2976837590521
2717,280.5680055566585
2718,15.469661084291502
2719,248.824784867318
2720,255.03536724688297
2721,285.39432045003053
2722,274.56710628055
2723,58.88640532224795
2724,237.36990331661573
2725,239.16353685586714
2726,271.4462228996261
2727,51.24977144521799
2728,294.6174397539895
2729,283.16949681208905
2730,248.39157727942225
2731,64.35684749532052
2732,276.73429775714186
2733,288.2859240634978
2734,-10.3363135732409
2735,286.1313605263225
2736,251.27170376173007
2737,243.7267881135172
2738,295.3988489533482
2739,260.12058752179996
2740,277.48809562336896
2741,302.67110646309317
2742,312.715427272547
2743,234.8173843610155
2744,256.58305167738126
2745,299.41900873166287
2746,235.93486361046905
2747,269.44392336310267
2748,266.67412162799263
2749,294.84845734871794
2750,251.72530301544853
2751,230.296427173563
2752,244.40514640578647
2753,302.22253702252954
2754,49.764144738167346
2755,262.6348942004657
2756,294.0441519783618
2757,260.7596631179335
2758,252.47057714655992
2759,306.9622399955264
2760,301.928360927901
2761,284.1156376751609
2762,247.23061558277416
2763,268.75133485224416
2764,292.6896979456268
2765,52.81643996194009
2766,238.91951468187787
2767,278.1367508579684
2768,259.57325328107123
2769,250.87573028259206
2770,272.2216296235715
2771,246.6187292367601
2772,305.67807305517647
2773,55.82722125834479
2774,273.33732067425456
2775,280.02486710051426
2776,305.4752027087768
2777,246.67189343822582
2778,85.25769750143033
2779,51.16123588883892
2780,271.12753300988277
2781,283.3570487174343
2782,-39.28088992760001
2783,296.09986029235995
2784,33.348630149512246
2785,269.34080657006996
2786,291.6041050229402
2787,311.64133484202324
2788,146.2501149018718
2789,61.16514766399595
2790,243.33628384174193
2791,228.8018470283988
2792,280.76577950411695
2793,295.20789508841676
2794,276.9138575803575
2795,273.1547836806664
2796,35.0605526930311
2797,40.65478814670979
2798,288.46271731788136
2799,278.47335524163134
2800,228.38098836827095
2801,255.73993403441503
2802,32.85318235659588
2803,49.868990124119364
2804,287.0283061228023
2805,279.3694099203664
2806,48.68250395579844
2807,288.0139712837745
2808,310.2238438785844
2809,274.8263009312581
2810,261.12460944736455
2811,255.9828465875203
2812,67.42373817343827
2813,284.27244885758654
2814,296.83778708667757
2815,303.6765007497038
2816,287.677469849669
2817,265.2026109364324
2818,273.03461788232664
2819,239.87167162071586
2820,273.26395586168707
2821,57.04011127643864
2822,268.47420530163265
2823,247.08418040899983
2824,305.7047677484363
2825,69.56891792402448
2826,281.90709411543037
2827,33.914015033574145
2828,266.8826543778713
2829,282.88381334068777
2830,147.5840633197736
2831,295.7744670208475
2832,285.5789109307477
2833,268.15550738440896
2834,277.23153284937916
2835,260.81502600283136
2836,274.19731876134864
2837,270.96951385038625
2838,266.9584972567312
2839,227.16640010979955
2840,283.3379282844485
2841,266.24737956482
2842,290.2470578202233
2843,67.9342125473643
2844,248.45813445359832
2845,59.28768808150389
2846,301.95600141667
2847,252.0782193018887
2848,240.0211002247518
2849,45.45207631430219
2850,268.53248193553145
2851,298.42469809184604
2852,35.001118709990095
2853,275.4210249399282
2854,247.7863034288756
2855,296.577153695839
2856,247.75262392647963
2857,45.92135941613924
2858,257.0477750400655
2859,261.1647047638145
2860,258.82127244594875
2861,305.3252942411807
2862,289.2717338621103
2863,291.38922980065666
2864,276.3569902119434
2865,46.6812157762964
2866,287.6020524413263
2867,273.0599394259549
2868,269.40338810722164
2869,255.81329334114554
2870,63.010073595089324
2871,34.535261341656565
2872,318.143487535276
2873,311.4068290509006
2874,273.5862177164871
2875,66.04677271409551
2876,266.6042490690632
2877,311.1552886610532
2878,17.791928414058503
2879,58.59867220427773
2880,256.1498746784705
2881,267.3943410704883
2882,262.64423433925924
2883,294.5191980131711
2884,272.22086614852265
2885,242.69756171959108
2886,24.77861972163663
2887,39.92458006155971
2888,270.91056037569086
2889,298.39680934437695
2890,314.95682422055035
2891,276.40642437246925
2892,318.8620159377284
2893,270.3588410441132
2894,325.8912952104822
2895,300.0377005961926
2896,274.0975901662595
2897,315.8679792527206
2898,309.5325777924014
2899,245.87498876225814
2900,44.8523162449695
2901,308.89479430180484
2902,19.597039493285223
2903,242.24724608059023
2904,56.37221424380567
2905,233.1817793619556
2906,259.95846617365976
2907,300.736329882568
2908,272.2423328133822
2909,76.77049636726395
2910,259.7838600801805
2911,289.6108153462846
2912,303.4808158073986
2913,288.72574134695947
2914,246.30419291386121
2915,28.31095559101368
2916,291.8776867251737
2917,303.70213870008365
2918,292.10767507299244
2919,301.3667922017273
2920,-8.848480279054598
2921,305.6573653290858
2922,274.8713179505306
2923,291.37909447816133
2924,18.878770579053807
2925,62.487151684913385
2926,299.7699304873207
2927,319.98116187948983
2928,307.5380993292978
2929,281.3678383178376
2930,291.8835672810211
2931,298.3288909026951
2932,-8.73314689771108
2933,292.10442353341375
2934,287.5487157081155
2935,13.968955057670726
2936,293.86069298613603
2937,276.60915117897986
2938,291.1929616076673
2939,312.16058110438223
2940,285.34253704193975
2941,124.68234643643457
2942,53.984967840672
2943,270.21020862185577
2944,305.6718026755535
2945,289.0449721924604
2946,283.3549838531644
2947,47.90896325727212
2948,29.47639455753537
2949,88.58622674370218
2950,41.415367350113456
2951,44.410684914130314
2952,296.66883914708694
2953,280.9872795143598
2954,296.316958745327
2955,47.09260093413178
2956,261.05016457913496
2957,271.6279237814395
2958,251.33535642565855
2959,270.21362604272275
2960,18.354012611264196
2961,12.39855243185825
2962,275.5084237201297
2963,265.29465594346806
2964,258.32592344173287
2965,298.508944878251
2966,302.8361595017234
2967,281.2752195951383
2968,41.09673539265489
2969,248.26429213038472
2970,258.53862189466145
2971,0.5139487981750364
2972,250.87559746118924
2973,274.21410633870585
2974,275.72352238118805
2975,36.457890627333626
2976,293.1032379354628
2977,275.05082161638137
2978,39.385412562542
2979,266.6732530324865
2980,16.838687316628892
2981,267.96249242969947
2982,288.9189625136082
2983,273.0439981609275
2984,48.034811488626616
2985,286.18161867287023
2986,-9.430703348678122
2987,29.531124936679134
2988,19.67169512344732
2989,70.80760341417093
2990,20.251870303261313
2991,295.9333289821693
2992,4.052424697321101
2993,79.57386654243675
2994,257.81208255327886
2995,21.743733535761763
2996,284.3709214335826
2997,32.92635018716277
2998,39.641324592198345
2999,258.802912685042
3000,71.67318838009845
3001,305.0046619301952
3002,316.4477723294881
3003,278.5125627925647
3004,296.28572674408946
3005,257.0312896548133
3006,60.22199582538559
3007,275.18751319422313
3008,4.773585052893225
3009,17.84947757393303
3010,253.3521418190473
3011,13.046704918954859
3012,42.29570697844832
3013,247.75178251779124
3014,278.3778180964468
3015,78.44821617071341
3016,14.956393043070591
3017,284.19031331169253
3018,260.9841028545212
3019,310.21220395509954
3020,260.9211838280104
3021,261.568060907417
3022,-20.502654949490605
3023,40.61363714555512
3024,66.79668901892117
3025,295.7887555135876
3026,306.8032829479506
3027,254.88376313202983
3028,20.180957236948444
3029,303.45074444210843
3030,59.722632642785385
3031,276.8886244449552
3032,263.92105938822505
3033,292.9443150799619
3034,48.04379775361349
3035,321.7895062786977
3036,27.567487165676297
3037,56.133157627988766
3038,44.92963821736103
3039,267.73356682965755
3040,271.55266695816033
3041,67.60017976237364
3042,305.8063767843887
3043,280.3688175961822
3044,277.86673178392255
3045,63.74342565244851
3046,29.16544195333458
3047,292.5963247288164
3048,71.80141787952047
3049,265.14647155876173
3050,239.37851852999378
3051,311.1427344293567
3052,53.32086355705033
3053,265.7338924483264
3054,0.6349307359006247
3055,309.21928575484435
3056,27.23868129711542
3057,310.13789453214974
3058,67.73757825064268
3059,53.80304955900712
3060,262.6742566501388
3061,294.9985387230921
3062,265.0109583514168
3063,304.3644030190196
3064,269.5471820148994
3065,55.47177407216566
3066,271.61012921836436
3067,59.934817516859624
3068,253.87408155788998
3069,267.19589276295034
3070,310.2475956176395
3071,24.48996396744471
3072,47.29353898582241
3073,273.9552945497612
3074,294.79376779800015
3075,267.1900980770944
3076,315.5310429366861
3077,273.2335235820908
3078,303.95393542869294
3079,298.54683223942686
3080,33.61961858485415
3081,34.85353084763031
3082,50.34777698490964
3083,280.3054002648991
3084,19.02566280001095
3085,44.13569346652869
3086,61.72184315256351
3087,25.18891795916946
3088,282.14449154451364
3089,256.2840649274926
3090,253.83583758706183
3091,244.5603754591833
3092,291.1034532924939
3093,256.2484682336976
3094,258.33964989250046
3095,270.0385023598648
3096,268.07501914032866
3097,264.4230539758375
3098,291.6459364731217
3099,30.279115313680336
3100,29.609911561084687
3101,294.8192961023882
3102,52.86914785529612
3103,35.05360244055419
3104,308.39351220241724
3105,52.1627390458988
3106,70.82374506451839
3107,306.4492694035283
3108,51.587823725391985
3109,39.06205767410381
3110,292.3582790003177
3111,251.83469212099158
3112,48.72169165253166
3113,244.2619376206786
3114,33.31562273436896
3115,283.11237816943367
3116,62.1200734396418
3117,287.9119603609621
3118,315.6959678811081
3119,278.38051670131654
3120,51.709350297444985
3121,2.9470129394673705
3122,51.51457723251738
3123,47.263419999833985
3124,53.04040204922498
3125,29.33506469128787
3126,51.180656542484485
3127,285.0885276431817
3128,4.420551709211452
3129,263.2284517740148
3130,295.40759736172436
3131,252.5399326777239
3132,52.93248085806351
3133,16.12513392807068
3134,262.03424939496057
3135,35.285046064768835
3136,25.849485021423675
3137,315.73332782284456
3138,287.9323263816216
3139,37.89125685850959
3140,312.77793866319286
3141,260.38969653322545
3142,308.82968108694286
3143,262.173981250201
3144,278.51052982295835
3145,33.51495814489772
3146,24.473565041022383
3147,34.30179647062391
3148,155.4721158953179
3149,38.25608821297439
3150,32.81739341512176
3151,65.32127795767548
3152,31.514577238349744
3153,245.22529390085856
3154,272.40567209666085
3155,281.2526282258052
3156,158.14604757941083
3157,293.6030061553902
3158,14.46321362514847
3159,275.8046514543372
3160,16.935956375772705
3161,36.24103629540102
3162,288.59037853276425
3163,317.6316675841997
3164,295.1272491327503
3165,42.51949742398537
3166,252.8876888475383
3167,46.5953931506823
3168,259.02598158515457
3169,252.5029296599666
3170,307.26710272319315
3171,288.3386414638385
3172,253.6878478802437
3173,16.89765881433395
3174,277.1264650815889
3175,301.617544323359
3176,49.791212643167256
3177,265.0412607545383
3178,43.92439393022224
3179,-33.340622454427546
3180,64.5389783542808
3181,291.19108928439334
3182,13.6757954051875
3183,10.99919167194571
3184,17.38375266124504
3185,34.998944291578084
3186,281.65716565397236
3187,278.618647377153
3188,289.003572959572
3189,15.14960177345965
3190,29.227645445243354
3191,32.61098181009575
3192,53.91896936077978
3193,62.14696913103782
3194,258.79581850793875
3195,33.6146504830638
3196,281.14657909962585
3197,14.962957555393842
3198,272.24256515774505
3199,282.1951580033499
3200,26.864433075652556
3201,304.03617270139864
3202,35.22260865740142
3203,287.09507608870763
3204,295.310766650936
3205,274.64105922419776
3206,249.0670701887085
3207,283.45901718141624
3208,44.247966876603414
3209,270.73903263299985
3210,15.27977581393823
3211,36.44092048809361
3212,268.48868405140456
3213,227.32838831912358
3214,251.18426883577794
3215,30.574432070968584
3216,279.8295787911861
3217,300.29463967503415
3218,263.03961534495124
3219,68.92824058800011
3220,23.409531277748883
3221,247.28041044088351
3222,267.4492821021574
3223,322.42635646141923
3224,71.0544344880968
3225,255.3576835921493
3226,45.652784978721655
3227,274.8756054992765
3228,286.7567448064764
3229,42.206846277292925
3230,224.01339501667206
3231,280.1904759842188
3232,240.3697493342994
3233,51.030474783873785
3234,46.57673012173984
3235,273.9507028362618
3236,291.8479742906942
3237,300.6962004211531
3238,300.0333551943422
3239,319.8136668937197
3240,24.262906641733352
3241,38.05849090362025
3242,299.6339080334499
3243,161.46542693359703
3244,305.0881433127794
3245,269.9106354128881
3246,291.4083790612223
3247,53.53288997460544
3248,75.149162463858
3249,291.563548199305
3250,273.705060004568
3251,75.06337563264461
3252,278.65132881363263
3253,271.4892059598032
3254,297.4140251304244
3255,312.65821330066285
3256,287.53017384071177
3257,313.46457486207686
3258,262.5356562744755
3259,34.841007500844995
3260,301.5056327736812
3261,272.2142538736796
3262,235.43976483131522
3263,281.9153236872398
3264,50.85284771416198
3265,38.10941209211168
3266,276.5002134344668
3267,289.99239642486475
3268,312.8594264763377
3269,301.6975705325632
3270,229.6690238371744
3271,287.99493719481325
3272,87.67450803672565
3273,298.2205593427684
3274,289.7997334698115
3275,314.651026453108
3276,300.42231576037466
3277,43.83320529644385
3278,34.117220665666025
3279,305.51394848254785
3280,276.0097629690864
3281,303.6082660095642
3282,227.5311749142686
3283,282.46443464169147
3284,50.314115722479386
3285,271.08523885739623
3286,76.10035274747761
3287,287.87713220622146
3288,293.7197918544908
3289,284.99233403719484
3290,274.9912092955864
3291,263.058379225044
3292,274.120072877231
3293,285.3427897610394
3294,54.52181461443621
3295,54.58632858077161
3296,270.6525082306483
3297,310.47179041814854
3298,57.92126446534337
3299,310.7158969561159
3300,290.00479357908404
3301,284.6356751042723
3302,280.81817075309874
3303,269.9257230755702
3304,298.2004025935336
3305,267.5891439429796
3306,280.0219922345715
3307,259.50925829498215
3308,252.66843277728367
3309,286.37916313378304
3310,276.3545976419491
3311,297.93160629875683
3312,312.09798717388594
3313,292.334985556268
3314,55.40728382720181
3315,291.2377231277774
3316,279.5983564653806
3317,272.5744742087155
3318,298.58887779342746
3319,284.8708861396
3320,266.2550419636865
3321,45.69744422650095
3322,306.6338849203745
3323,32.8392974304754
3324,279.90198527338123
3325,267.8882408106374
3326,286.88620431080665
3327,274.54236454699895
3328,305.1171157680778
3329,255.37233760730732
3330,257.22334307519316
3331,251.15691081632139
3332,268.1564187920392
3333,301.0345750535628
3334,41.07171552446164
3335,276.06896285760456
3336,283.2860593968155
3337,300.08882155171466
3338,287.04989982658975
3339,285.8497957973463
3340,63.864311438389706
3341,268.27728179843007
3342,304.4183610870235
3343,20.58172710752561
3344,277.53743670121423
3345,265.6513414721411
3346,273.0178402075128
3347,310.9215845065534
3348,261.43775211791376
3349,-72.70983697721095
3350,307.94241427787097
3351,312.7600380657101
3352,319.5557493931508
3353,301.7838797917302
3354,-30.33409164736358
3355,303.433625396767
3356,300.49780418094565
3357,58.830228323802345
3358,287.3872407455842
3359,25.455037587176037
3360,292.1887241028943
3361,14.029425768762778
3362,285.43835117652736
3363,20.734167427100644
3364,299.24191599114226
3365,309.41274765095073
3366,61.69521920295992
3367,291.6997918115952
3368,36.735834227594296
3369,267.03759926791435
3370,323.24898909206206
3371,310.292574117505
3372,307.4087762212067
3373,297.14038266783155
3374,325.5995684155687
3375,274.952585367388
3376,260.47161974251196
3377,296.8027791453883
3378,-4.251930673674082
3379,274.2902540849468
3380,262.3695422217767
3381,297.7563196207285
3382,275.97857002381164
3383,275.3916830937002
3384,318.3275723969748
3385,298.91454005630476
3386,271.2655623942626
3387,297.92774132375575
3388,316.5197987155914
3389,288.03413147289587
3390,278.224402456236
3391,283.91434556832434
3392,251.59595957824448
3393,319.5306477421149
3394,279.4150815552513
3395,293.155758374873
3396,30.42715348571909
3397,256.55556621232023
3398,262.60526740076244
3399,60.32528823153248
3400,30.066187160361636
3401,270.10022880751194
3402,297.0265954867386
3403,284.57956906162246
3404,290.6777421446141
3405,47.52270094700401
3406,248.81313933645586
3407,305.2875792850269
3408,315.7803063336144
3409,306.46027216494804
3410,302.29559061024395
3411,304.8029325942286
3412,307.90915343206666
3413,274.2959969841635
3414,305.975153612869
3415,280.80937748385156
3416,41.41912452960159
3417,297.79148500458916
3418,295.6764103385717
3419,261.90847218844215
3420,52.15042532899483
3421,300.12547888941697
3422,277.54823314767907
3423,276.1559133518242
3424,309.96350004748683
3425,280.8922509541813
3426,289.9077123628498
3427,262.17734322806245
3428,287.2955385012823
3429,285.81473715435635
3430,46.142110466149035
3431,17.082676752087508
3432,65.94089133334299
3433,272.15754224948034
3434,56.40096875785687
3435,297.79986754548577
3436,254.81122704075665
3437,270.41067612124914
3438,272.24180978966365
3439,270.8415881259332
3440,4.12578687163068
3441,297.01689126592726
3442,309.1772076944487
3443,281.9674691956876
3444,250.6241909326238
3445,312.309527689701
3446,296.40636836359556
3447,45.95117686667382
3448,274.84066750382743
3449,277.0652299299245
3450,93.91237763105383
3451,38.303272518163766
3452,69.61020680829671
3453,48.87497745312518
3454,243.20901345656011
3455,262.7677391678538
3456,290.9506967160272
3457,290.82455755018464
3458,272.16826540639545
3459,265.2588085688652
3460,284.427570671549
3461,246.11289440125708
3462,278.27114573500324
3463,280.59954726493015
3464,40.886381157440695
3465,295.0078420761847
3466,288.74175270517054
3467,263.21168449813075
3468,284.2133770416792
3469,38.946636418262045
3470,294.0602473283318
3471,261.33355444146315
3472,281.26332498019764
3473,40.66292969444851
3474,266.68671014594975
3475,279.3887746691082
3476,19.23809022515809
3477,6.40775479929728
3478,288.1145443774519
3479,308.5443111369334
3480,278.7592354094405
3481,276.7447079609876
3482,281.1357451975417
3483,293.3223222750503
3484,262.61988451813835
3485,261.2246436091914
3486,259.10763125964274
3487,287.21476192185537
3488,255.55496221985075
3489,251.67088910125213
3490,302.1592074177697
3491,39.201976496688815
3492,311.7068934985347
3493,305.44321262411347
3494,286.1105189799646
3495,43.519283031497366
3496,297.1954818781061
3497,282.3472027055262
3498,266.6579136144369
3499,258.5079436107924
3500,245.8530805825569
3501,295.0186928776276
3502,282.9763873386536
3503,257.30278737819924
3504,253.43287638229856
3505,51.11724328514103
3506,260.60301980081715
3507,60.460892263458646
3508,63.52764437944671
3509,276.9657919258012
3510,290.544163239099
3511,297.44549991218514
3512,37.003437961679
3513,302.6193053858084
3514,9.412251020930185
3515,246.79973555500104
3516,273.02140047027734
3517,36.2472832367381
3518,254.91225587775472
3519,262.64646963600967
3520,249.95396354885446
3521,313.0040370729854
3522,272.88985692285956
3523,256.5638520260781
3524,251.08033974775506
3525,273.5561907169264
3526,287.67141409289866
3527,244.69321146176497
3528,73.45269088183633
3529,286.73240643417216
3530,78.78068020419144
3531,291.0540989878626
3532,71.07037159009633
3533,275.7602178696643
3534,276.35150466415496
3535,301.4323093432952
3536,262.4392969453711
3537,266.88918008958854
3538,294.0755185902783
3539,259.9248388198804
3540,279.7651411593282
3541,295.37089869368725
3542,302.0309465152548
3543,280.4415707136207
3544,318.01321749404053
3545,291.74967994393046
3546,319.0651711368788
3547,295.9129923187071
3548,312.81151748093976
3549,269.9101061703867
3550,266.84393635836216
3551,275.4821195395874
3552,273.48784089099985
3553,257.9109067159152
3554,285.9155379473607
3555,16.029685599895487
3556,252.35066807713028
3557,308.4637956534159
3558,264.36469331472176
3559,262.398893328177
3560,280.08092967854907
3561,280.8471066205874
3562,312.4577337098883
3563,287.45299322404105
3564,286.65608514220014
3565,308.3141776440773
3566,57.42025365919554
3567,284.56779634998486
3568,295.9146965456647
3569,291.5559276619744
3570,285.53722698046874
3571,313.35011109280765
3572,263.28350237144525
3573,289.1881399533143
3574,282.12916574372775
3575,280.31756924380045
3576,285.4322924567106
3577,311.92129627175495
3578,283.66775843756506
3579,265.3539738282004
3580,37.0392671991375
3581,280.8412561260086
3582,307.098897205249
3583,296.8893214619345
3584,300.4301790588997
3585,296.80900113344995
3586,266.844218211207
3587,41.50295899068939
3588,264.09390712028977
3589,275.6885715909593
3590,58.27453887839684
3591,258.2789079499297
3592,288.701736552271
3593,247.88575958211337
3594,269.4151436280672
3595,260.02563664386855
3596,308.18322865195114
3597,282.20689953343503
3598,247.9925263348608
3599,296.0278144508776
3600,263.36543952424614
3601,247.46686514659177
3602,308.4172527414728
3603,271.44782016309443
3604,-155.5813361138422
3605,273.82254075887477
3606,291.45290961703665
3607,265.5387228833752
3608,269.0373815488422
3609,259.16852014246166
3610,247.07029957108207
3611,292.33838875356
3612,270.8018253649785
3613,277.7309508234938
3614,288.0190527877106
3615,294.8206457208556
3616,273.5684338936354
3617,62.778703861979125
3618,284.4512812301749
3619,276.11025873797973
3620,274.2045668555169
3621,53.6865048219866
3622,270.7344571930935
3623,268.9142984395818
3624,285.7463388057938
3625,299.44410341456773
3626,289.75858945309994
3627,311.3794418696608
3628,290.4679684015141
3629,266.14298542434625
3630,297.12881005738035
3631,309.69616407103615
3632,267.38221685376055
3633,287.2794967766895
3634,272.87963876887534
3635,284.3076925228112
3636,293.40761858067395
3637,285.3377965085964
3638,296.50621038406507
3639,291.0990272365618
3640,308.8404300825663
3641,299.2847139036966
3642,303.050000183262
3643,280.81145781653277
3644,309.2042649525878
3645,280.92718338580255
3646,314.7786020665694
3647,293.87259628794163
3648,299.13359264613706
3649,84.86037219399884
3650,275.06878149576227
3651,71.04708424508254
3652,62.24912919143654
3653,306.7388333304515
3654,265.84211136532315
3655,264.655298058947
3656,266.1368454895884
3657,293.163916080337
3658,302.9536371079188
3659,254.4749340777124
3660,281.02620744847263
3661,270.19150077854897
3662,298.1390023415848
3663,258.06148387545636
3664,308.2818416995992
3665,276.7310483379324
3666,273.24131264637623
3667,268.6029436999387
3668,287.4537498523868
3669,322.3287394133381
3670,244.87072678975036
3671,291.90200249152065
3672,273.08226394595323
3673,264.0594146609222
3674,269.72753421290577
3675,257.6466986424779
3676,278.422997814395
3677,282.3627020308613
3678,258.9673920863567
3679,279.8010603939017
3680,267.13457196532386
3681,273.9137826512417
3682,281.74439480017406
3683,285.9658993254046
3684,270.9225169235858
3685,264.3084330980415
3686,248.8196973495706
3687,272.60833331921225
3688,275.2039526839865
3689,286.9527195136169
3690,264.0956497150794
3691,285.8636341459335
3692,313.75305030305026
3693,263.0091862373583
3694,254.88968774678202
3695,240.74848339057942
3696,278.6522147531333
3697,251.094263510765
3698,286.4284513720446
3699,276.7067164269824
3700,284.99361569221776
3701,286.28875904767784
3702,282.11235077413096
3703,265.2257076365648
3704,283.4210652608226
3705,252.5505506008326
3706,298.4220787279156
3707,295.86623854850734
3708,266.8436568439487
3709,291.32777635859605
3710,271.3399493166696
3711,249.3591024122509
3712,313.76552159161565
3713,301.49583967868375
3714,311.81513890378596
3715,286.6153664014987
3716,292.40932136065544
3717,290.9358990300907
3718,253.96320449672191
3719,306.5229180041024
3720,276.6701954964494
3721,247.07045714898612
3722,288.47759687477827
3723,311.7212620956051
3724,313.53862616023036
3725,273.0527381648412
3726,291.31787514860207
3727,307.5286879567208
3728,270.98379083916456
3729,287.60332843354206
3730,316.07693490262983
3731,308.33014952738745
3732,300.9276084771646
3733,281.8366335783754
3734,278.4282986532306
3735,264.09661040537674
3736,255.43178876627456
3737,276.99792487590753
3738,295.22343872017973
3739,290.52019707272257
3740,256.3244832047645
3741,294.47414172571825
3742,295.2975628806082
3743,262.2311650307213
3744,315.5174611087348
3745,294.12761750963705
3746,270.3129898955046
3747,309.67456335288887
3748,272.1931070208659
3749,277.29399712198244
3750,64.45692755002975
3751,252.13219820144397
3752,55.49859152557244
3753,262.35304349164846
3754,273.9133546343137
3755,29.671994004250195
3756,252.61934686366516
3757,303.3436424842995
3758,66.98139395256803
3759,263.33504722757164
3760,293.27386051536615
3761,291.37984126390586
3762,43.19774791392439
3763,54.159371602881606
3764,43.282398031942904
3765,303.3289811803158
3766,298.07091876951597
3767,281.5169844327039
3768,261.8833573988561
3769,281.03004284068265
3770,302.24783395237284
3771,287.823622575638
3772,266.86590651874354
3773,294.34533140823265
3774,315.1873525107524
3775,61.08719599986185
3776,269.04817852228405
3777,57.17870280338124
3778,71.3214294689887
3779,314.9177036374426
3780,289.82079271752957
3781,267.8542277557175
3782,256.88603329508373
3783,158.70578429710667
3784,285.0013697581152
3785,269.86260870769536
3786,276.36516773870386
3787,321.36877408567545
3788,269.8119232262329
3789,290.1137338255695
3790,16.407744268474417
3791,267.0209590377432
3792,278.6092907860008
3793,278.73199594435187
3794,313.86246279939354
3795,291.95874460463483
3796,46.272203926998515
3797,289.64020057295454
3798,254.70881107339733
3799,286.7795537739952
3800,46.64951491724122
3801,282.9852525271271
3802,283.8451826278939
3803,6.481722273740672
3804,314.620833060844
3805,309.3078211962237
3806,307.15000383667484
3807,296.3148393956642
3808,307.4285044091215
3809,271.78605737102953
3810,60.61362739513328
3811,61.51117168637043
3812,247.6608198680706
3813,293.42145170970196
3814,288.2757442548418
3815,36.921688949918575
3816,254.00452457229983
3817,46.58263817501356
3818,289.94619668059477
3819,299.8707540197091
3820,256.0094057801482
3821,57.13369080667087
3822,249.0455136980918
3823,316.3688713805813
3824,52.275215068115216
3825,299.5688837444241
3826,288.1731550690373
3827,325.5470441884925
3828,70.78912003015284
3829,295.76834381661956
3830,277.36275726620954
3831,303.75128536912325
3832,267.35899385385693
3833,275.31325179935556
3834,270.87946044256677
3835,282.61065597196296
3836,277.3062757666654
3837,34.462295052015605
3838,311.3128314448693
3839,77.33998079071958
3840,31.328126753883083
3841,32.75291643417893
3842,250.55618266324296
3843,252.82484371125295
3844,311.5369361565298
3845,288.5223817225732
3846,300.1982179630313
3847,265.3661064816244
3848,248.40451878837885
3849,315.9113806191164
3850,281.4491519044342
3851,299.06831438392544
3852,306.49261702107844
3853,285.04608441696075
3854,300.5996738980431
3855,241.98010900402082
3856,284.72563450784173
3857,304.847772950142
3858,286.46992034885926
3859,301.78228186955926
3860,268.9050791191337
3861,289.72604036071056
3862,282.5241045365262
3863,320.865665485931
3864,262.04976935865375
3865,292.11484160940824
3866,304.95971080814604
3867,53.21554501468074
3868,264.5288635336482
3869,76.11318666506
3870,49.58544557397448
3871,295.4685180126414
3872,249.73334816012732
3873,49.670812852762
3874,270.7232835332193
3875,308.98790432424005
3876,260.64420950645786
3877,289.6676769609919
3878,284.2782561261047
3879,292.33025416658626
3880,279.5733360086625
3881,278.4058229008664
3882,311.3469224088806
3883,44.66052724015563
3884,72.71194261520748
3885,41.95888449001225
3886,284.8407365009632
3887,289.2869495218581
3888,282.13808611151705
3889,281.0668691811624
3890,31.186147779823443
3891,290.5680091636367
3892,288.6823748213376
3893,267.1505855341433
3894,279.81493795412825
3895,301.888399639155
3896,265.88126531877924
3897,306.63448575096226
3898,295.74545637061374
3899,34.181185096674966
3900,278.1019576904584
3901,261.37343185641396
3902,296.1181520172996
3903,253.41128942178028
3904,275.6052693308535
3905,276.41738202843044
3906,321.8731773675575
3907,319.458737036303
3908,22.384179486332712
3909,275.9974332891054
3910,276.17495825717054
3911,287.713247765413
3912,299.6415225220333
3913,271.3911237454723
3914,311.62659011148014
3915,301.272304436279
3916,281.0288182636973
3917,58.553527363173146
3918,59.15378463752165
3919,47.36723815554478
3920,276.1194327742147
3921,281.57994084187953
3922,19.307965816770036
3923,45.974243049703006
3924,294.197051305381
3925,37.32852043740837
3926,296.7999450263399
3927,42.33326946499716
3928,272.396930333286
3929,253.07453986952055
3930,271.6633257261533
3931,264.343827583548
3932,314.21615222719197
3933,288.28993707952577
3934,255.9703117284119
3935,77.39900670660029
3936,270.6379573265737
3937,255.55506686556612
3938,282.2160611445295
3939,308.4011688888016
3940,268.1114320798679
3941,293.6371845600247
3942,260.29104656497327
3943,278.2560813069406
3944,287.6178319847926
3945,249.49130838013912
3946,293.32797881497964
3947,47.313943548815075
3948,256.1302552627319
3949,273.30780300236324
3950,275.5535629607483
3951,292.0339774308419
3952,60.18206853067389
3953,266.8267200104025
3954,295.67881020588436
3955,7.357364012399174
3956,269.76727583771054
3957,279.18128980558276
3958,278.4189750452332
3959,310.01405077043273
3960,35.40537743250303
3961,258.14099576832564
3962,272.2631231590622
3963,275.80784184187763
3964,268.3687600985382
3965,271.93976412776374
3966,278.89748582486203
3967,75.62965992360054
3968,53.90966742317448
3969,279.6439598628766
3970,275.6770126086749
3971,270.48263565533557
3972,290.85857283113455
3973,264.0441338310431
3974,293.53666796191743
3975,320.98316582245064
3976,263.08650499446236
3977,285.66149618252507
3978,307.11724940797785
3979,242.03398177083614
3980,308.81916185032935
3981,246.81962469625182
3982,312.97515279912585
3983,258.2029974546957
3984,294.2973961010117
3985,272.170748241054
3986,290.6803347601896
3987,296.9106216805844
3988,316.17208717618587
3989,22.611703674783598
3990,314.61926772686076
3991,293.31281411919986
3992,302.2571301383573
3993,156.49381234519066
3994,11.663110249882195
3995,309.4994506361661
3996,268.90825516921876
3997,71.9272502558135
3998,300.4422968165574
3999,4.900566673630465
4000,285.52118721414695
4001,280.3032553383226
4002,240.71830671484557
4003,241.69198721370898
4004,285.1965101943286
4005,302.81617042832556
4006,285.5953962963103
4007,6.067764660216653
4008,246.26642802244865
4009,306.06461512421356
4010,243.36360055945286
4011,280.758031331924
4012,51.05816531065915
4013,81.13888007121267
4014,300.74968776039236
4015,291.67781902933007
4016,66.5174874825507
4017,276.1513601323933
4018,276.42765421420563
4019,263.2090690351062
4020,278.1476419578198
4021,251.64998391804684
4022,293.09561129516385
4023,251.96277162253864
4024,56.78822804677992
4025,260.5351790536041
4026,245.5444121047182
4027,255.14748812960775
4028,29.535210618259526
4029,269.0430349349912
4030,281.2435341720075
4031,295.4359367851671
4032,266.88028880136034
4033,295.8926614458576
4034,282.1376302769395
4035,64.66287680201063
4036,298.50148983292206
4037,286.45894827141615
4038,255.47181710251954
4039,301.4588078462221
4040,273.5482189335321
4041,254.59949563251863
4042,260.30538960016565
4043,270.5926914228676
4044,309.44671084156806
4045,260.8534860078328
4046,14.43748645754117
4047,263.05459709681156
4048,290.50035536374924
4049,67.9065842331378
4050,275.067515828995
4051,280.31986155092545
4052,285.43499179037167
4053,273.4117794154712
4054,280.59139870063103
4055,60.13382091689587
4056,289.6669444954671
4057,291.6754243317554
4058,276.59384983500837
4059,290.9610428456018
4060,270.1398957150418
4061,273.2266653032764
4062,244.64748267184234
4063,303.4138281172924
4064,285.9801243501282
4065,279.88358592624684
4066,306.20005409598207
4067,47.12708147538751
4068,281.2706623867251
4069,271.38217096146195
4070,319.1245898299589
4071,255.95522586783304
4072,244.2975085611588
4073,235.80662572077108
4074,259.00500212435696
4075,250.63091608587607
4076,281.23309586359676
4077,280.2396828593911
4078,248.5819971509511
4079,285.78667375426835
4080,283.70160036504
4081,285.3402024994699
4082,230.5262913409507
4083,294.97146041381757
4084,307.9151504005174
4085,261.86833822786525
4086,273.2370279249535
4087,270.63859604764764
4088,288.9912081789969
4089,301.5819132009166
4090,56.941350733669054
4091,250.7866833775543
4092,289.4051396936118
4093,274.06023054366665
4094,54.337515737352476
4095,254.96538004125603
4096,290.60110192140405
4097,258.5384289146941
4098,37.215108249323265
4099,257.9780201897463
4100,317.64698745272665
4101,294.9323339248716
4102,294.52658177788226
4103,264.36775357538556
4104,247.44078928409178
4105,79.81821603468029
4106,296.4411082192555
4107,289.39962641617126
4108,290.84417802365385
4109,275.54536625196965
4110,81.93544602258089
4111,274.9206778692169
4112,270.3714137326707
4113,268.31965496682824
4114,262.2505536563063
4115,275.2864573202877
4116,271.91604512802206
4117,293.15191763922746
4118,265.9682594296961
4119,305.23209787647414
4120,295.37393916199545
4121,290.9941051264361
4122,262.1687261861382
4123,309.84243133909183
4124,312.0540921105263
4125,288.30482173299856
4126,256.63236125496155
4127,268.20559560509633
4128,308.3349068990426
4129,67.95522764758078
4130,54.29634294486223
4131,237.6874916553113
4132,249.5306344250724
4133,262.8707363600764
4134,53.40020945301421
4135,244.2545948844798
4136,298.5621486572994
4137,278.22959015924425
4138,295.4668914796659
4139,241.43365751522032
4140,84.2165267654446
4141,272.7215377017088
4142,266.67358302261925
4143,267.20876926769097
4144,276.5250783783895
4145,314.27188448782044
4146,260.9945477184285
4147,248.36045890300264
4148,42.83631669334386
4149,284.8779238601045
4150,252.76014793513446
4151,294.7868497850896
4152,264.828744165745
4153,261.24669360896615
4154,285.4853869458581
4155,284.78506457946884
4156,298.98445704853543
4157,281.7812204426869
4158,276.2933634606322
4159,249.92840265442857
4160,274.07260947260966
4161,262.5548091917235
4162,308.4966526942233
4163,245.6416395576719
4164,303.5586982103065
4165,270.9080761373441
4166,256.5689840032546
4167,51.692257382888755
4168,250.98861754241076
4169,247.6001312815186
4170,275.6241183738538
4171,273.93001247925986
4172,297.9190731004905
4173,293.5930142126239
4174,274.6824670973151
4175,283.03067278399874
4176,263.79791100776254
4177,57.48485775309078
4178,252.03928209012085
4179,321.0940269627081
4180,283.757278727537
4181,288.036952415624
4182,258.7268895567704
4183,248.45288591833597
4184,292.2218387878163
4185,244.3769279165878
4186,280.0240268839062
4187,256.05016806997855
4188,294.5633167167
4189,266.20582096287626
4190,299.4702371036658
4191,289.80277408521675
4192,54.10541711090377
4193,247.8341945609616
4194,52.80222869846406
4195,249.7617795978197
4196,69.81659738826411
4197,272.83234527784685
4198,295.7609332140999
4199,259.9871870814766
4200,280.8622256637499
4201,269.2770310138351
4202,57.10315775459921
4203,288.4740758099901
4204,291.97563029723176
4205,250.99967398586116
4206,295.53460699103755
4207,87.69410842539554
4208,306.4733887194143
4209,43.63587269285509
4210,278.0471629495946
4211,255.09013155797143
4212,32.23550387689957
4213,305.51981129067383
4214,52.568854539131934
4215,260.38488088425976
4216,277.5509905615685
4217,296.04987421978024
4218,301.6359595022316
4219,301.3477371640762
4220,72.33735080668723
4221,65.31213044069497
4222,295.52608433050176
4223,297.60265665035706
4224,288.6140831773483
4225,309.6963592010031
4226,248.98027309169623
4227,279.4343871613173
4228,281.623416897154
4229,273.9580019809614
4230,289.5942751892096
4231,250.8407344052333
4232,265.37118706406375
4233,62.32447968734971
4234,69.39347065682901
4235,54.17775480537182
4236,60.17621607133549
4237,303.8310319594008
4238,27.583900402875173
4239,292.44642216098595
4240,266.41112730204804
4241,21.316820348957535
4242,244.5317648785539
4243,80.52603744168562
4244,257.18843413578367
4245,287.39822885879136
4246,263.4597766058463
4247,269.19809285510445
4248,60.13847940821009
4249,281.4552986935041
4250,56.596344256251854
4251,278.6273644945334
4252,291.00770778889523
4253,62.568432111884846
4254,61.59847270709594
4255,49.50819357638525
4256,67.48399966474818
4257,83.05269168214832
4258,65.89682406125377
4259,309.17317975758147
4260,296.9939958873857
4261,259.29391058384715
4262,277.5232598482546
4263,54.53853306759015
4264,250.57517707973653
4265,303.34156151731736
4266,300.1651390108971
4267,262.7213123955454
4268,291.8830268000988
4269,245.89678040871212
4270,284.10431670064827
4271,260.9794157347404
4272,266.5106867996433
4273,264.13765078885797
4274,263.12149544295426
4275,268.74672619196923
4276,77.54208016752983
4277,292.67653932940505
4278,273.8133168811047
4279,289.98884527777415
4280,257.48302775494267
4281,272.88550425227146
4282,270.4557853927657
4283,258.4742172088595
4284,266.6443473358999
4285,243.361680011874
4286,69.1937829512359
4287,318.06689561720884
4288,279.32754730549175
4289,14.757810651148617
4290,292.82834038568603
4291,248.04495811739324
4292,56.434487914010845
4293,281.91168809945003
4294,25.68890424588217
4295,284.44707256574236
4296,291.9587897805848
4297,277.65049508613106
4298,255.35227840478714
4299,-3.5424685692522218
4300,302.4012957588444
4301,50.70546216080257
4302,262.84026654896707
4303,251.9788663775652
4304,41.777776420292724
4305,305.05050996781415
4306,285.17149114761105
4307,63.78420397924799
4308,246.61957551510295
4309,71.4355498002981
4310,259.81612691969764
4311,273.5665577343419
4312,71.25367696470624
4313,260.9909454366168
4314,285.94411092435234
4315,40.22612865616762
4316,284.3750249767711
4317,288.3115155222
4318,47.48957128297934
4319,66.59834527287993
4320,68.14946651347273
4321,66.65155141864187
4322,280.60433210593
4323,65.05738411347153
4324,302.9885850045038
4325,292.353390338066
4326,268.4046284713467
4327,282.513863751125
4328,268.82910407199785
4329,60.226716601382236
4330,271.15006918063204
4331,303.35699889725134
4332,273.95581476804716
4333,253.4867218014521
4334,36.97173421015512
4335,290.63290342560606
4336,265.7885266956975
4337,290.00861150362533
4338,268.1940500897366
4339,266.5839710359197
4340,293.96268405193325
4341,288.6926431566842
4342,271.20052249203474
4343,300.7620401008378
4344,267.1966723476572
4345,269.653420534059
4346,70.10883273641969
4347,268.4599576562541
4348,57.75906661973107
4349,295.3645888222901
4350,47.88557932515255
4351,283.2043155411304
4352,290.43099573324525
4353,248.50642813727518
4354,30.592502796584682
4355,253.3929712673725
4356,90.60697101270245
4357,273.382238547443
4358,34.859773486292966
4359,58.74362920462411
4360,293.4439661865588
4361,87.03628270759182
4362,284.1053847242133
4363,66.26201542106179
4364,28.75368410400057
4365,254.87836983598837
4366,284.41812540346916
4367,50.91494186611064
4368,39.42006907700895
4369,304.2841157389703
4370,282.97994188704604
4371,40.236300917101545
4372,20.54509823179805
4373,238.9878653772389
4374,8.879152726034334
4375,269.4367893501392
4376,30.135229024247394
4377,249.20479860003425
4378,70.36199107783574
4379,247.6013987887008
4380,289.83410356777983
4381,55.01668083343574
4382,60.319786426934996
4383,288.8437371823758
4384,287.96759771625807
4385,278.15785362887766
4386,65.96696496758307
4387,274.4632385918002
4388,314.0107404346638
4389,58.390478289432565
4390,67.83496502531912
4391,246.62288062578764
4392,277.2479458150417
4393,256.59591079162004
4394,291.1325227911313
4395,291.2227392663991
4396,284.56868173582933
4397,287.0593520699223
4398,267.52828920426083
4399,249.56898954350714
4400,299.46221507804495
4401,266.72939890506143
4402,54.87291994205029
4403,22.44235247173846
4404,277.1053390224753
4405,60.79616394693801
4406,306.3094701236762
4407,299.8812831538885
4408,263.07277666066574
4409,35.13575106322918
4410,297.3143005795331
4411,286.2583931260149
4412,263.8765506586981
4413,62.34429709816456
4414,308.38448666611754
4415,279.1975210314072
4416,294.45115337924824
4417,72.99450425052459
4418,287.95280965143814
4419,267.63385048404797
4420,275.481348135487
4421,249.0620271464657
4422,285.64766232157035
4423,268.68421731275424
4424,283.48377108945766
4425,27.65425817658503
4426,275.7377520680835
4427,273.13409026282136
4428,287.9497657364056
4429,249.9566411005403
4430,279.3552242700915
4431,300.71794477213655
4432,62.78526153520386
4433,266.68579453257905
4434,312.14020674464103
4435,251.7030325253888
4436,309.93368985823525
4437,285.2239442540488
4438,58.17411586359742
4439,65.4657443288462
4440,292.2478625698501
4441,298.7113317683211
4442,307.43968365019464
4443,276.21476932103326
4444,265.2414146591087
4445,254.55571380940387
4446,54.77353317563234
4447,272.66315745671875
4448,248.33154960298367
4449,251.6771257285473
4450,20.426839908252262
4451,292.84286250947173
4452,63.6834974269961
4453,68.96609362791665
4454,255.75677907432558
4455,274.17415816307476
4456,246.84499893586738
4457,282.99832199661694
4458,49.40117311462683
4459,257.46542696294995
4460,251.339768995031
4461,298.19344747459303
4462,57.04611055436223
4463,43.81660392522056
4464,258.472340623841
4465,257.35876249872433
4466,275.91069760771256
4467,53.13772927610631
4468,272.88399505285713
4469,83.79190177247534
4470,259.4570819313435
4471,275.35633672035163
4472,234.03709529581258
4473,256.047899796822
4474,293.69230704918056
4475,64.39357392560379
4476,291.94699072757913
4477,264.95375420221626
4478,250.1083228323813
4479,287.76865562750015
4480,271.5447356422909
4481,37.90342407420229
4482,233.28669827642278
4483,61.5230882865998
4484,70.60815450634672
4485,269.9637931319013
4486,279.849365225971
4487,273.7798411797951
4488,294.7339764064483
4489,57.30503469727543
4490,84.83439910740626
4491,253.36758949894138
4492,229.26920329877345
4493,263.6441713712553
4494,48.60623222191239
4495,63.94932853902199
4496,64.92921817738494
4497,247.4671969046719
4498,261.9647113720263
4499,254.82649517413734
4500,249.19204504690373
4501,73.08189041995718
4502,64.94911302658258
4503,51.307507246366214
4504,63.139933312102784
4505,266.8848231451619
4506,42.13163206462818
4507,293.5400989332678
4508,34.10155720910336
4509,286.4771031537874
4510,256.0047266706194
4511,279.8804425837376
4512,287.58004337516667
4513,282.2516144167885
4514,298.6996241853095
4515,297.4831237740566
4516,46.07623490171923
4517,55.84562063781496
4518,58.01173564474206
4519,53.20884594904942
4520,252.52756575176087
4521,322.49631478081574
4522,66.73503923395069
4523,268.34898244922476
4524,252.92004966783583
4525,64.39133927622996
4526,284.29632654464297
4527,255.5878847277972
4528,284.5885588127867
4529,271.67866259190356
4530,257.92031098590337
4531,41.98004714320555
4532,269.9720803116147
4533,35.9215870644648
4534,65.07020363828141
4535,271.9747494715959
4536,271.3987160622701
4537,289.6518037771856
4538,269.026606468193
4539,257.8225563481776
4540,28.11752882347801
4541,63.55423954494793
4542,277.7392232629414
4543,263.0380752491799
4544,47.31851059869825
4545,290.1723568478802
4546,293.148766570646
4547,242.40051019327763
4548,277.73536078337236
4549,265.574546251912
4550,68.97860363438139
4551,262.79052978537084
4552,244.67943467552402
4553,27.86039380540622
4554,292.5916473743204
4555,55.159246062295665
4556,67.96090880382815
4557,271.2267614141851
4558,276.5921050725382
4559,259.57177237471296
4560,293.35126095337205
4561,261.642056565264
4562,263.4990496335204
4563,57.7641937382343
4564,284.1571454766042
4565,247.76479284934314
4566,58.075960446921925
4567,254.64363863984505
4568,300.5566146730482
4569,294.02273789215434
4570,58.39257890015517
4571,60.72089011952707
4572,294.84788791010317
4573,272.2568832452677
4574,260.4012390788483
4575,264.3687989265243
4576,286.9651667427708
4577,262.64502663733026
4578,247.56613451116635
4579,286.9071984499296
4580,258.4112988155199
4581,268.92939953964395
4582,306.6112099121363
4583,62.44303786208252
4584,51.99251600591421
4585,282.923366671168
4586,279.7227086853022
4587,69.00002809620656
4588,265.5740857760351
4589,264.29767723632483
4590,264.7666801146744
4591,266.41816788647077
4592,58.55794596503304
4593,260.2820430723672
4594,254.0039490779038
4595,290.04815918440465
4596,288.838888455577
4597,260.2767870580702
4598,264.9686406838982
4599,63.23698105589753
4600,287.15069314896715
4601,285.0979375456294
4602,250.36416812028347
4603,243.51562296420494
4604,274.69769222236016
4605,25.41623529717745
4606,74.2082590798178
4607,247.57131641972515
4608,298.1741578099092
4609,273.11484975935457
4610,260.4499509725108
4611,64.83119744108612
4612,269.9146983189277
4613,266.23798916787837
4614,272.6359835514878
4615,278.6449963607315
4616,272.20247826941716
4617,49.528320204170825
4618,253.5604864113584
4619,50.01549060546043
4620,284.44205580823836
4621,288.7473988906085
4622,305.96827229875475
4623,260.5145217435766
4624,283.3702652134997
4625,240.54561641941402
4626,51.823872002537115
4627,282.8727954022172
4628,75.0781263666006
4629,70.23182379068481
4630,246.05248076392226
4631,272.5868062329158
4632,245.71302353051527
4633,286.3423153157652
4634,298.61431412618424
4635,263.47378666636195
4636,30.97541756785796
4637,47.78309403887309
4638,262.50472762448555
4639,43.40976260518556
4640,52.233036787933656
4641,30.37080833248811
4642,52.60284794940151
4643,57.837109733023794
4644,311.5789473992287
4645,264.35647612692674
4646,268.17925756155273
4647,254.07876458531516
4648,56.803061097531724
4649,257.477710241798
4650,279.8355036392572
4651,295.28615208107743
4652,48.96199302554223
4653,286.1654128995236
4654,270.7211224871437
4655,296.89229283041084
4656,259.6336990979467
4657,49.444723917022344
4658,287.95299239073853
4659,290.04136679982184
4660,247.62645512154288
4661,286.1056535210465
4662,261.58328158665506
4663,62.247501283889875
4664,276.6564789112021
4665,258.58487971296165
4666,261.3574956391492
4667,255.816860296119
4668,0.6564338946332242
4669,305.0653770823554
4670,313.3539455909608
4671,288.92308746057415
4672,271.62313420186376
4673,51.77745860257218
4674,279.890008430462
4675,291.2905209079505
4676,278.3592088552375
4677,257.2281134746241
4678,300.61058153383067
4679,276.2720556947063
4680,47.68530355816992
4681,266.7644711584983
4682,274.8870259721825
4683,74.20204248596366
4684,285.8589050175259
4685,291.3982580482383
4686,32.771772244584554
4687,269.3616593539591
4688,267.7938551399601
4689,306.56902408296787
4690,256.86909293499946
4691,263.7477462039326
4692,255.713711113298
4693,311.0437118504416
4694,48.50161814154967
4695,273.4562718582355
4696,291.5966127822808
4697,63.381513224161864
4698,281.00706566816024
4699,266.5153917669006
4700,308.9586578183289
4701,29.808924871040432
4702,73.79853299601558
4703,51.15413417762025
4704,285.95640856688783
4705,36.26674297183135
4706,277.51058743683643
4707,45.855467167376105
4708,54.89245511735632
4709,297.58553014960506
4710,296.5548562191115
4711,295.05403155683325
4712,251.95865920298172
4713,247.11460434137874
4714,34.2474653341728
4715,262.093473476642
4716,23.65804823596416
4717,268.69063872637855
4718,273.1427102537294
4719,287.4402899925082
4720,316.80183056165635
4721,266.2461517399553
4722,69.62494342188828
4723,-4.287322213656637
4724,58.05761406535851
4725,298.4357397689654
4726,60.05728697966836
4727,270.2718879022248
4728,263.17621616149324
4729,60.128631313589665
4730,16.938626090138797
4731,74.87685808192714
4732,40.27381603595407
4733,23.430910378395808
4734,254.57343410950904
4735,260.7533229990827
4736,264.0124955240293
4737,69.78696839003157
4738,306.74044049393746
4739,54.012685469192576
4740,68.03739009792045
4741,46.158246293830075
4742,275.8475341185582
4743,308.4347521132803
4744,268.89008025900637
4745,279.2651766926299
4746,313.77474595888896
4747,284.3593800273246
4748,289.5331899189068
4749,269.2375986639838
4750,265.1725343876292
4751,254.34565278910904
4752,237.09816164384793
4753,277.23463191522217
4754,307.7504324069684
4755,22.239154458762698
4756,52.23476870375322
4757,66.26339709615877
4758,286.6374066124599
4759,62.713574576703934
4760,307.37826955129503
4761,301.1315213243152
4762,54.85022121399092
4763,61.45625747019892
4764,49.65931181388632
4765,52.47148798867468
4766,39.407556665051914
4767,39.404776073189396
4768,53.34279692001414
4769,-20.638521233934483
4770,262.6548541772511
4771,69.09509648711938
4772,258.352338534239
4773,-0.19630254235580935
4774,287.6026107272721
4775,50.049811529723456
4776,81.86810920530735
4777,256.1963743763487
4778,265.2104590846942
4779,63.59258754740219
4780,284.0559288706803
4781,44.550218446385344
4782,256.1512308401733
4783,45.79859038022272
4784,274.6508732357625
4785,71.52350708974666
4786,42.10117167646064
4787,279.2289083730036
4788,278.0697828449194
4789,41.648810827020924
4790,37.15799472461782
4791,304.1856127917216
4792,21.010916746395864
4793,291.0809090430246
4794,31.214013329830493
4795,22.940604557082622
4796,60.95027549420152
4797,263.6904493223951
4798,269.17885511015004
4799,263.9705166076865
4800,285.89833523655676
4801,53.17326927425461
4802,258.41465929560604
4803,292.8308285565868
4804,1.4692496668580475
4805,294.08539609472007
4806,66.7610804802625
4807,36.28636228246387
4808,61.81162591943351
4809,275.4485316963002
4810,261.04056293118083
4811,318.98939376801667
4812,281.5773272936588
4813,304.197414438657
4814,57.73867045343982
4815,66.133165320102
4816,284.2626288868526
4817,295.38446129760905
4818,252.94991021106435
4819,295.7580109136618
4820,289.5417654399729
4821,59.3540779645796
4822,64.84540468606889
4823,266.43942397278965
4824,66.37482953902062
4825,59.65330557419898
4826,62.63119170690237
4827,311.0534580604856
4828,301.1665748413368
4829,29.6988113540653
4830,293.6449948459647
4831,154.22389450105783
4832,30.49587211656913
4833,278.5900458118961
4834,274.7271111354123
4835,285.27278493309643
4836,262.5877342856035
4837,63.50718182284871
4838,297.6340888284458
4839,273.73473437873383
4840,58.66874586242503
4841,55.684525860218
4842,319.6516705965504
4843,9.87643104226187
4844,31.662598434424638
4845,31.821601390902316
4846,291.81975356692465
4847,238.82660331552927
4848,306.0014132704086
4849,302.64957247631634
4850,22.034937959184347
4851,40.135213239327186
4852,48.45771302769671
4853,60.08610888183168
4854,265.3893609622394
4855,38.37521683575051
4856,251.3912726712713
4857,246.14490193095594
4858,307.89180000917236
4859,272.64775353946214
4860,265.4024191072989
4861,270.6607563006563
4862,284.9537285141096
4863,294.1723446855975
4864,51.82936536759209
4865,249.48616535721715
4866,62.398624967139455
4867,54.12077385113565
4868,295.64015248330384
4869,26.597012824912966
4870,36.98409330590883
4871,303.96100124989323
4872,64.31440934379538
4873,47.86196470125253
4874,293.004442734518
4875,267.8478607588788
4876,78.32071972329433
4877,278.7713816319349
4878,62.59400414692553
4879,46.456884739258925
4880,60.548725659654366
4881,269.23235773982356
4882,246.84079127549964
4883,15.24843368876104
4884,260.3452591478025
4885,55.26786640248642
4886,62.92624131004581
4887,68.82109162985813
4888,264.1479474900352
4889,297.7606532985864
4890,282.7054970456933
4891,44.029775821107705
4892,302.5053348937625
4893,281.8104049265711
4894,40.325095460761844
4895,263.2363585157028
4896,37.021150015667786
4897,60.70063453310394
4898,250.2244237433572
4899,267.2679560251196
4900,56.07940836815254
4901,42.346860159171996
4902,301.84286810103237
4903,34.39820530315717
4904,39.521285442441666
4905,287.21273604198046
4906,277.7313283134759
4907,274.7072860619123
4908,39.18651696895091
4909,53.252562045382035
4910,238.61515279787392
4911,11.640393426291581
4912,64.33838272294221
4913,295.06889857154493
4914,270.097544269311
4915,49.72881270847057
4916,36.064378224388776
4917,43.11200701687193
4918,30.076296194809004
4919,34.8076079360209
4920,283.72448381615266
4921,280.865470492616
4922,37.966498187632
4923,45.41310425884126
4924,58.88255882915692
4925,273.96050068554564
4926,53.722649521605604
4927,302.0352591908646
4928,283.71647221294415
4929,60.836662186004645
4930,254.42145004552486
4931,285.17702765907586
4932,25.661213391718192
4933,307.2488463460475
4934,258.27933686188635
4935,59.34616800355238
4936,294.4030728936439
4937,261.3643127857464
4938,39.906933996249904
4939,59.366934414999605
4940,71.50495428601889
4941,63.48732246156632
4942,270.69009869027553
4943,53.54977298725325
4944,62.61274669821853
4945,54.58683856848779
4946,74.95710053794554
4947,285.29999592416084
4948,89.71902250969228
4949,58.62233996294279
4950,60.79055275923781
4951,38.42427649962872
4952,31.527345544316688
4953,63.403554613359006
4954,63.046510151238465
4955,283.9041730259227
4956,280.44916938154176
4957,69.30110581995348
4958,17.77917096994493
4959,51.721363279151774
4960,80.00056334514812
4961,37.99359610522086
4962,249.40073801787182
4963,34.19123046494795
4964,281.2523148529608
4965,42.33671419462195
4966,278.3394971037478
4967,245.2755254340695
4968,59.92086748085751
4969,287.5622601048283
4970,288.9219072238981
4971,78.20448092089268
4972,66.74682898614537
4973,292.58640261893345
4974,28.63085930805866
4975,304.1719306483568
4976,285.3936505878318
4977,304.5234609783655
4978,280.4927555764874
4979,57.91636904168024
4980,282.4724113224979
4981,42.95006614184018
4982,280.4803666215919
4983,299.13576684871975
4984,271.14381394668555
4985,307.3617504353333
4986,272.16292703194176
4987,30.00659000800698
4988,263.1572113741339
4989,28.1950611895073
4990,65.91343174204255
4991,276.3086166790527
4992,57.88285840702821
4993,27.646779987753618
4994,62.48047824349322
4995,278.0875677461509
4996,289.5034914769227
4997,280.0322072555254
4998,260.8632455518319
4999,65.98149255158515
5000,53.58116597819787
5001,155.62550912775612
5002,272.5187552589492
5003,50.322275818786466
5004,40.79705686874945
5005,78.00333346504414
5006,65.85006354773202
5007,292.13774734164497
5008,255.27451085221594
5009,47.30877453892967
5010,277.5900794040655
5011,262.9816396411918
5012,81.30983230302778
5013,284.07295293040124
5014,300.34618298838996
5015,268.3236710601279
5016,32.39752314678694
5017,37.536413800974486
5018,277.4406518233408
5019,52.86833504015232
5020,59.83233762065643
5021,247.47504294976682
5022,292.3253404600123
5023,300.2305489429756
5024,257.75866638814574
5025,277.93916455655153
5026,257.14643092416577
5027,263.6934425121535
5028,49.43590288762513
5029,58.42317077865013
5030,261.0189059553344
5031,61.585846143190025
5032,51.77792160539306
5033,295.91082356768027
5034,53.29499595413154
5035,23.497516248703377
5036,100.74942420931313
5037,277.28950014482393
5038,56.22384664562438
5039,46.41906167445751
5040,48.60004466318702
5041,288.35713679191156
5042,247.40511472457166
5043,57.32404836907196
5044,35.30453823183302
5045,289.96675003758537
5046,292.4110220222589
5047,40.774581455006455
5048,282.91631214156234
5049,43.78519879529176
5050,84.10401901806691
5051,287.687484625713
5052,295.03151735439417
5053,67.02355460720506
5054,303.38314669128386
5055,42.92502823873164
5056,59.673110927938836
5057,305.56651418402873
5058,280.2986183450672
5059,44.50621065579284
5060,290.70543834949154
5061,41.799863189742865
5062,283.7553750981791
5063,266.53784052038134
5064,285.6324719593381
5065,259.8068221449598
5066,288.1669845662781
5067,259.7569077800026
5068,255.1294032524063
5069,278.9922009992814
5070,260.2676430669758
5071,303.1045324587485
5072,73.08327072083526
5073,49.80179421483072
5074,71.84525443924198
5075,25.6666720036485
5076,47.911395248983695
5077,46.28663370826044
5078,56.6754895875747
5079,261.4991058099
5080,243.28601492361418
5081,250.71841526402542
5082,243.55281268887725
5083,257.9821526315196
5084,275.07259744097087
5085,280.7872620939365
5086,272.8191641047549
5087,73.30416918924143
5088,284.3982522924096
5089,48.794808270355986
5090,51.364937883536356
5091,299.29146656717035
5092,284.99195689153476
5093,308.6417071139183
5094,291.11615426480614
5095,37.08765361874626
5096,279.6008848396476
5097,315.6917093268513
5098,37.44704433086588
5099,270.7171095980002
5100,249.03259936887414
5101,47.109677773896266
5102,289.48554178771064
5103,273.1777384113847
5104,295.0712476790725
5105,289.4070569567805
5106,14.474346877374089
5107,47.65314053257444
5108,39.919203359724975
5109,42.38173173047812
5110,247.09486130457634
5111,46.06179751560876
5112,53.703528947222054
5113,62.74872646145238
5114,250.6010295407785
5115,29.431167392113764
5116,53.91814505707228
5117,46.337046458939795
5118,266.08849921414753
5119,307.15221539760483
5120,267.476875205101
5121,275.85790250018124
5122,268.83372432913256
5123,253.545837751409
5124,20.595183536139956
5125,309.3588151632537
5126,39.4254148048675
5127,65.22865902558266
5128,299.0521154594252
5129,39.79127157626061
5130,281.36716028127034
5131,307.3454399683613
5132,28.472126900359626
5133,62.53914922792751
5134,286.7473974291179
5135,265.59053500797177
5136,305.69714020492086
5137,281.07843677481964
5138,264.38160956898884
5139,61.89885653925771
5140,253.12086263686479
5141,295.0046123634613
5142,71.89402521046159
5143,269.80147878002947
5144,305.49603916658975
5145,244.7889609688814
5146,306.3651743436459
5147,277.64519869928625
5148,23.81400157784698
5149,255.9461997641857
5150,272.7717313672234
5151,18.088147612646907
5152,289.27146748948087
5153,275.0005359563047
5154,297.20095660081904
5155,300.9299907048148
5156,266.1485855427121
5157,260.88242229753246
5158,280.5995140066386
5159,279.7914478027908
5160,272.4031042627794
5161,272.4568906186476
5162,298.1981471255415
5163,265.5558212675468
5164,269.28970231499386
5165,289.55454397325565
5166,-9.275983275853804
5167,253.40790987874522
5168,237.6490122333437
5169,258.25275191277296
5170,47.27399479506067
5171,307.6711703105325
5172,266.7798924162215
5173,63.89380906300261
5174,303.92397877307826
5175,64.95291112058894
5176,61.8916985758041
5177,65.00283912201147
5178,267.44488200447887
5179,284.5992824259172
5180,53.085276834719394
5181,54.183623835088866
5182,299.55587703024946
5183,303.99224759801064
5184,287.92572921669444
5185,260.173484921879
5186,310.63303020231433
5187,65.27509536317922
5188,261.8095277115692
5189,79.11154792878443
5190,272.2058987168232
5191,255.33234261217856
5192,20.996901360085673
5193,270.6419444175804
5194,56.3921826584012
5195,300.634768611323
5196,55.61257915204047
5197,284.9394095754667
5198,287.39853179813474
5199,296.53199910183827
5200,278.4325254315619
5201,261.09571700248284
5202,294.79001236301383
5203,52.23742567560288
5204,32.215749000269994
5205,304.2225323638286
5206,56.72283277217741
5207,290.44352600029276
5208,296.04903610600786
5209,288.7802918548223
5210,299.9149728751136
5211,255.69219484322437
5212,307.9523813915499
5213,74.9543169705498
5214,305.485911562584
5215,279.715792327167
5216,241.84645204005164
5217,52.014140576269
5218,253.66919404812333
5219,267.6585033588108
5220,59.809210592857056
5221,271.0448706241947
5222,295.4567561274863
5223,58.66747863371995
5224,269.17151138287824
5225,263.8866864419724
5226,292.64095941353895
5227,293.55733075201056
5228,285.85617757171053
5229,48.90231829815457
5230,16.990777796855625
5231,84.70785490547655
5232,306.62444812827414
5233,68.1526977244956
5234,39.397935768638774
5235,270.674823517131
5236,278.1196267142262
5237,263.48913351007127
5238,291.03039555805685
5239,87.96814070973605
5240,289.88824244688817
5241,50.06753496534668
5242,311.69526841916814
5243,6.084032647041127
5244,293.3355864355412
5245,48.874799902109714
5246,277.49919555223437
5247,297.3031249083325
5248,281.00737909326847
5249,265.4265450304177
5250,266.6240276888733
5251,295.5926557783278
5252,256.40158245716395
5253,260.7781472602058
5254,289.25158827398286
5255,272.42360266672864
5256,50.849069094405706
5257,67.15668599196536
5258,306.89946325402974
5259,277.2837153355163
5260,262.8029242532227
5261,285.7143094089264
5262,56.69302602527094
5263,278.7170881454926
5264,259.06001446789435
5265,263.14299291657414
5266,304.05087143121796
5267,67.7997242594063
5268,268.4985015560696
5269,65.5320373749542
5270,303.32498724957674
5271,309.4959957250303
5272,307.97720381509987
5273,17.005770894885742
5274,89.77614434364574
5275,273.0072150356697
5276,290.7744096182595
5277,55.36943171766467
5278,60.55601576350426
5279,312.25979777260255
5280,306.9701033650723
5281,36.95260028454851
5282,308.02213220208034
5283,71.4571367747919
5284,58.32582390102516
5285,43.75405262230126
5286,289.94117136775094
5287,300.80988451186374
5288,297.7186813410698
5289,43.42762582502664
5290,300.40442286582424
5291,257.6558620880746
5292,281.83215127435386
5293,43.36868559299282
5294,277.549962404754
5295,278.2253849569215
5296,293.01812710625063
5297,272.9038914530184
5298,270.98702321160476
5299,296.78170458109196
5300,287.3732000875615
5301,299.50844093368397
5302,284.49901328038356
5303,67.52480683283804
5304,282.71704760065154
5305,62.049235720200556
5306,56.10884761762574
5307,302.32920986666096
5308,76.07779011503789
5309,38.298738849285456
5310,40.85501092405846
5311,271.11820090665424
5312,263.32767700951445
5313,295.54019746092206
5314,315.80632876799706
5315,58.58632638824017
5316,269.83428269565854
5317,297.374505407388
5318,293.0904236151314
5319,77.26361324656548
5320,49.006864957111446
5321,298.0456669395791
5322,40.11897209338281
5323,245.76618923820922
5324,54.76042452650796
5325,39.33727479175701
5326,283.7944971349675
5327,298.0857619355164
5328,302.1281762525312
5329,51.272799157938294
5330,55.63232576422621
5331,260.6076615800205
5332,295.64069702620685
5333,71.34078422196575
5334,239.61570614432955
5335,180.2461427105925
5336,48.80581517746708
5337,54.37557957110491
5338,252.27709542806457
5339,298.13357134825634
5340,280.2520157524741
5341,284.1210017628835
5342,32.10072731821282
5343,65.94039537555085
5344,44.80614614026544
5345,264.3205199187037
5346,287.38948870306695
5347,290.8773400354381
5348,291.70165788898714
5349,43.820177430289135
5350,315.42810742759525
5351,294.5616370856983
5352,265.3899712334839
5353,45.55194672149642
5354,289.2717424430199
5355,283.5951995993654
5356,257.65002546081735
5357,302.8572999262937
5358,50.64911280379164
5359,10.113814729471997
5360,286.49015395688616
5361,68.89744314680223
5362,68.46097714422109
5363,278.9143286542924
5364,292.92568164883653
5365,290.51179646958747
5366,285.21636078167325
5367,303.17159971618435
5368,81.69780261271228
5369,277.73480239485275
5370,269.3595735789727
5371,271.96734093952296
5372,75.96211014783188
5373,308.5075119970571
5374,57.17398304731597
5375,296.1945779826479
5376,26.627022112946946
5377,290.24651802658883
5378,271.4976204773898
5379,283.761018115051
5380,254.31285974157
5381,292.77632294029183
5382,308.050828236602
5383,304.8243191389589
5384,55.752682976643115
5385,272.7149226343652
5386,285.89738790238795
5387,41.67393701991995
5388,281.03989964136116
5389,79.56125609138982
5390,261.0631781115187
5391,46.358497656823204
5392,291.1387349941803
5393,300.8604130743839
5394,260.98785207902364
5395,37.211251756597136
5396,65.72174253908244
5397,255.0542721035613
5398,275.12742466520575
5399,53.548311655628225
5400,262.2281072143609
5401,282.7365257897537
5402,84.37372941104135
5403,283.83626335234396
5404,53.0652670673154
5405,276.36527092720894
5406,41.677351434196055
5407,36.24402651931101
5408,264.50325197573864
5409,60.721957745134034
5410,309.9533775861833
5411,53.378845208203444
5412,277.4602308253605
5413,271.5239641681919
5414,23.818347127890235
5415,40.70103910768597
5416,270.6011197582378
5417,262.88660249798966
5418,2.7865653842478366
5419,301.31623584089454
5420,282.8658912643855
5421,80.98822459092622
5422,264.5936661805421
5423,252.3675454146156
5424,70.71643372054578
5425,283.8999979217012
5426,38.08455538104292
5427,47.4379647275932
5428,289.3091711122
5429,270.801290760916
5430,296.4954247179197
5431,291.78582099042603
5432,304.61232754098
5433,273.65757092993323
5434,259.86146640339626
5435,-25.12594667803792
5436,287.6951409851438
5437,289.46856899575306
5438,282.3559980180635
5439,67.55488608905307
5440,291.1631405623971
5441,283.90633999931333
5442,56.90022999543899
5443,290.1330958491709
5444,60.96858720895244
5445,281.95364203541317
5446,279.7937346279442
5447,63.97401565501829
5448,272.5558334685895
5449,271.95683844555526
5450,21.71043282142979
5451,294.4344801984911
5452,67.80455016414516
5453,55.78006703900698
5454,272.71663164858717
5455,59.22680922226016
5456,309.2731767815957
5457,288.68735555194996
5458,50.15611378939886
5459,253.90630607169152
5460,243.33124136664426
5461,287.341965055534
5462,47.26551278047455
5463,283.3890170452101
5464,45.41319822185696
5465,305.8532700750583
5466,270.0953200100969
5467,63.85938948893261
5468,64.71392745401249
5469,271.55320442122616
5470,278.9928573634572
5471,36.14352550198433
5472,266.5355990745517
5473,250.7115445319023
5474,287.56057763874946
5475,293.22496489873316
5476,285.5543985159341
5477,67.61266510107765
5478,35.83420756717794
5479,60.35501540963975
5480,281.6176027758062
5481,271.1318943568838
5482,319.9226512856897
5483,291.0802256854512
5484,276.2314660648168
5485,289.2625285481359
5486,268.89238024987316
5487,286.7988444612762
5488,272.6295993014528
5489,263.62295837865094
5490,66.22773777259485
5491,64.96077701305893
5492,242.3897872629675
5493,282.77822768656165
5494,286.07405547696857
5495,280.80129231406414
5496,264.6268001687953
5497,295.22326725074015
5498,265.04567165332
5499,274.64860041263057
5500,312.11315937461166
5501,48.880687296076076
5502,43.333813184577195
5503,259.91569261606736
5504,298.7185839180469
5505,290.26946640151044
5506,-18.867141491869063
5507,301.00103607089943
5508,249.75551101504186
5509,56.02583628193295
5510,66.68358210030067
5511,258.3485731155807
5512,292.0070585695619
5513,291.56555963034384
5514,308.199286157448
5515,41.42819544181586
5516,55.18665736581565
5517,257.85970154530986
5518,53.05378909292804
5519,256.79705691377274
5520,56.14092717219867
5521,288.25340053226296
5522,75.88924802519196
5523,253.21337603592215
5524,285.31282758689173
5525,288.7865744877031
5526,305.7930500399839
5527,52.547573624357
5528,284.1247106207959
5529,269.2570101888182
5530,253.69722177400882
5531,62.115429946525666
5532,293.27480250439004
5533,49.00509246556672
5534,291.9707571085887
5535,89.00010591983832
5536,280.7812493628103
5537,64.77977505887955
5538,250.24278710917426
5539,293.98881606190156
5540,287.8812952639846
5541,294.6114649891926
5542,259.6368008787788
5543,58.48572150159501
5544,83.96816557860808
5545,279.7653663503208
5546,297.9902578250658
5547,55.600815323682355
5548,269.7565941975736
5549,276.3612866429221
5550,294.05836719137176
5551,57.73509244144529
5552,287.4353141945401
5553,281.30598113855524
5554,49.18913234596323
5555,258.8853869194015
5556,289.1952160367234
5557,297.2801822895987
5558,59.227805608894926
5559,63.15537770034521
5560,297.82824631506526
5561,56.64290286551142
5562,276.7630200944219
5563,288.93847418652564
5564,263.7003298184684
5565,289.37180856309925
5566,52.27205416587111
5567,247.78225377717197
5568,296.6744676823736
5569,69.78335921055654
5570,62.63090259267332
5571,280.3386829096818
5572,274.79913075855836
5573,50.5804518228006
5574,259.4862044291352
5575,258.1308745187353
5576,69.12543550420304
5577,281.9492840288923
5578,294.15241938800114
5579,41.725136417566546
5580,281.93590690768445
5581,304.52224084912467
5582,263.6587409309559
5583,292.0050698600802
5584,296.7448349668481
5585,301.42390658897796
5586,245.73677828269822
5587,69.29271272825483
5588,294.55109174739357
5589,272.98337457644607
5590,253.74746250780927
5591,271.5974462208635
5592,66.78184799459973
5593,44.66936659107574
5594,297.0978156562183
5595,59.13487330609044
5596,259.04551121697756
5597,276.8653094655582
5598,53.512818419050404
5599,72.20103574201283
5600,293.87042393592384
5601,258.53334623851714
5602,299.0754727604878
5603,52.32903172656566
5604,56.22561774560114
5605,302.2702983970727
5606,263.406456665326
5607,296.8809145680149
5608,44.36460377792869
5609,280.41800723686055
5610,49.96930677767344
5611,321.24026189059384
5612,285.0424143422195
5613,61.559098459348945
5614,263.77436482896684
5615,50.17673787419753
5616,288.156163515088
5617,251.8795524079158
5618,266.3942668076488
5619,47.76470209425395
5620,263.6693240879076
5621,299.98237976008176
5622,303.6490991953891
5623,251.47288869235118
5624,258.9095383991003
5625,300.5990096549584
5626,59.44452003631153
5627,285.825118622323
5628,282.779954373415
5629,269.85404661697135
5630,294.58166242920595
5631,284.13463973807393
5632,269.80431419654826
5633,292.312894395265
5634,68.57742487404613
5635,283.0398574372608
5636,294.15482123756516
5637,289.3582301106776
5638,50.32759416431878
5639,252.49784084405343
5640,289.42633700092824
5641,304.55031485802
5642,287.29790172448435
5643,286.8325181389955
5644,260.4798433094336
5645,59.14513304144546
5646,58.73137553765358
5647,285.21510609139864
5648,280.70767979390826
5649,283.62002064389816
5650,307.38235647349444
5651,275.2622005996583
5652,293.9411237969678
5653,247.8948779357178
5654,280.7371996066348
5655,314.98802513304065
5656,279.22739435119854
5657,281.31182835365416
5658,288.70814781324117
5659,298.78658307940105
5660,253.90662487336246
5661,260.71174355595906
5662,282.0356860101599
5663,256.9163684591847
5664,306.84111148008094
5665,309.3253062485509
5666,292.9860359910535
5667,286.4115333683347
5668,284.2345997900071
5669,267.61396557867363
5670,257.14900028327867
5671,280.86374994326735
5672,41.460958840798526
5673,263.628307892542
5674,305.6971860717839
5675,289.9887312491036
5676,269.0531339008876
5677,293.45482856291767
5678,265.1187902800984
5679,259.88984189937764
5680,297.83841910862407
5681,291.24887713181533
5682,295.1437657850265
5683,303.94574209191296
5684,308.320121467464
5685,275.3593932724881
5686,287.57856862622856
5687,272.90090861975034
5688,281.206474172207
5689,291.70759366808966
5690,264.5389716227936
5691,64.17143244021418
5692,288.4497995278698
5693,56.31332240143203
5694,265.9402036171265
5695,61.87023748718261
5696,265.4569384501228
5697,256.9538452200897
5698,62.49604404710982
5699,279.2570430732969
5700,290.8436373270717
5701,60.40125486038991
5702,283.9191244284179
5703,289.02939671235674
5704,267.56562510308345
5705,300.80242175336576
5706,287.61225711222846
5707,287.26493349103214
5708,305.25497880824946
5709,295.3609251419971
5710,309.24314973561945
5711,57.26693577600378
5712,57.50121743281565
5713,287.3417200159938
5714,305.78899324319
5715,71.85241357141473
5716,249.51288238250186
5717,292.1147274864885
5718,306.4302090307997
5719,289.1596457076811
5720,269.3619004761332
5721,248.57533681229393
5722,287.57521839384634
5723,292.1087461524213
5724,295.7597423186775
5725,257.87394926169065
5726,297.4472178462654
5727,303.6171763426351
5728,61.359261388026766
5729,53.74076722131966
5730,283.4800589348275
5731,293.9953390845536
5732,263.2855720379204
5733,271.2402001621691
5734,43.69416619766466
5735,255.43941181059142
5736,265.3269020477067
5737,49.940544853156155
5738,295.32450679219255
5739,248.01933698042689
5740,54.56969816758058
5741,306.140362428041
5742,82.58341641824518
5743,306.90324253826776
5744,33.405618963768006
5745,279.63708224201423
5746,269.40814829644
5747,270.25071071127365
5748,269.2745882296939
5749,276.93319012564507
5750,308.7250506101549
5751,59.16325393480369
5752,71.07158406614008
5753,278.59433211129704
5754,289.81797221665386
5755,277.1772666704072
5756,308.3802145282548
5757,286.6487658003433
5758,69.64448844209807
5759,252.0848889504871
5760,293.8523858832001
5761,60.50459001201921
5762,59.50650375427628
5763,307.3326972826907
5764,282.7956842510682
5765,286.2509060844902
5766,310.49142075166884
5767,78.69951521287297
5768,283.7362853776708
5769,58.90970688291782
5770,308.2990974808804
5771,293.6596306857662
5772,263.99765539908134
5773,253.63581163772062
5774,65.22864458770619
5775,287.05522920598776
5776,309.71733476274306
5777,191.58716310122253
5778,298.9015600267968
5779,275.80729776882475
5780,254.66040695705803
5781,270.2527248431941
5782,275.67709518029403
5783,287.8272204587273
5784,45.222280319827775
5785,300.8228986642797
5786,268.50190251934424
5787,281.90600981660646
5788,27.524580693296343
5789,267.25106282685624
5790,314.51653750761795
5791,53.14708195191389
5792,299.0252384227918
5793,246.06820835786596
5794,290.23405560157113
5795,287.9465657959139
5796,305.74855522660994
5797,259.1332291016027
5798,295.6057381370112
5799,262.5887068989258
5800,286.02787631306825
5801,65.89412135228022
5802,278.942723846922
5803,55.21402520173217
5804,-138.08974095748428
5805,275.20170887010306
5806,44.47333136830994
5807,296.0493899220691
5808,276.53038818998346
5809,297.79473284888104
5810,272.9999138037616
5811,291.89756289530965
5812,24.08929332696995
5813,263.8934162038262
5814,261.362103589454
5815,297.09901582924914
5816,252.8749593699435
5817,38.86392217063832
5818,291.14651815135653
5819,300.77484155372224
5820,265.4780194290239
5821,53.52789545957876
5822,303.1931682685648
5823,64.10480120390937
5824,287.9488073969075
5825,-23.15809080347975
5826,299.1123528232391
5827,296.7363882229696
5828,309.850317979092
5829,261.2982234426325
5830,297.4892417554578
5831,52.365429870833054
5832,253.96480770005869
5833,70.36689306812104
5834,295.50375934534196
5835,291.73426499506314
5836,288.5313251558093
5837,269.2506841833612
5838,254.74041211564582
5839,269.1582101096203
5840,244.51547474186893
5841,284.1844520049875
5842,284.46508313981883
5843,249.78045418772007
5844,262.47095347888427
5845,276.39960460244345
5846,278.7263167315069
5847,62.61291174084397
5848,295.1954855251602
5849,293.4503116490386
5850,55.69316248387037
5851,33.62425284407513
5852,263.42844627551887
5853,258.37553713688425
5854,285.1936908440362
5855,33.30573890153167
5856,288.8502295386221
5857,261.40890694166285
5858,287.5633727377605
5859,54.176308652347075
5860,298.89593593040837
5861,254.96398748429135
5862,-113.15202911431963
5863,54.790560558182904
5864,294.1158844924852
5865,259.85490786925004
5866,287.3623422314523
5867,310.58609661476225
5868,295.4165256444338
5869,305.11463366780004
5870,265.76795796454974
5871,49.205871775119846
5872,293.61949545925836
5873,57.79495456805935
5874,48.04211022869947
5875,267.392216184074
5876,247.894100288961
5877,273.04013009645826
5878,260.17815072987537
5879,297.39536119577656
5880,292.8278116979624
5881,45.0642583023058
5882,29.17044185378174
5883,63.23661104668017
5884,295.44154488152196
5885,264.4445696451377
5886,282.22401767259805
5887,266.49785688016925
5888,298.545709248578
5889,297.24260683073254
5890,49.62966881839645
5891,281.75060232559605
5892,257.29556529920364
5893,304.93413919877275
5894,266.87276020543356
5895,57.74316549141568
5896,294.98990815230536
5897,287.1718846855257
5898,277.4220036686512
5899,268.1881456063102
5900,250.3034652963073
5901,279.0887969198102
5902,292.47177253848844
5903,272.59340199790245
5904,29.906181708250642
5905,299.89074809979456
5906,280.98251275878926
5907,293.637662910843
5908,282.94485889370014
5909,282.87711205626954
5910,287.65344866203964
5911,296.8087479945487
5912,250.76085097298144
5913,289.9662263797362
5914,266.33569573064847
5915,61.126302654906766
5916,260.53343023051775
5917,272.85223499797485
5918,274.8765520108848
5919,315.9973598182667
5920,32.6663152613132
5921,286.7253868108606
5922,48.409416995829986
5923,280.034915274411
5924,283.74191430695754
5925,39.221421946458236
5926,276.84259508143896
5927,272.8572076201656
5928,39.69730425629044
5929,69.92655467746329
5930,271.89901660842054
5931,276.6434261831922
5932,270.99760202116227
5933,285.2071696475424
5934,284.6195708268799
5935,288.3616523786046
5936,320.6530661441816
5937,53.501212318886985
5938,26.474837904510608
5939,59.911132202421896
5940,289.36935268018385
5941,285.7551119641796
5942,250.66932384765084
5943,37.142292266209154
5944,277.0868803793079
5945,296.208782026922
5946,288.2854592950662
5947,265.6750240016121
5948,49.87606006721532
5949,66.15076248254098
5950,285.2035989264858
5951,278.10080897328226
5952,283.3864598471424
5953,73.41793653250173
5954,23.3717662802852
5955,299.1315814882071
5956,291.4079413023653
5957,295.60537896972653
5958,71.11947700627442
5959,262.96933474959496
5960,288.9831534896849
5961,270.1408104927891
5962,302.3557140099235
5963,285.83195469023883
5964,251.46723929117593
5965,277.50166103832396
5966,276.099987914826
5967,60.764808335347254
5968,308.8952163803118
5969,258.07313011939743
5970,301.1353611175152
5971,48.049958129098286
5972,285.89190784406117
5973,279.847322434275
5974,289.3561595897429
5975,251.37897380544683
5976,55.697232605347665
5977,299.41680502382894
5978,280.0303676487447
5979,306.25398668059415
5980,283.2287320245623
5981,58.19108890271755
5982,267.64826132511587
5983,62.0541826083504
5984,279.4305921178634
5985,298.61714950568967
5986,45.318329855209754
5987,289.9490321260151
5988,24.368841269939836
5989,56.31098206709024
5990,284.03385641714794
5991,281.09755088402807
5992,259.83765842754724
5993,301.7222059901694
5994,277.2008426993819
5995,42.24378978308579
5996,289.5011134920716
5997,30.48490023913496
5998,245.84659929788995
5999,292.15484884631246
6000,287.47159103245076
6001,270.64811287969155
6002,264.36937568375515
6003,309.19663063171106
6004,279.4844570709347
6005,305.7851892538698
6006,293.0876448608334
6007,42.29490025811782
6008,282.57943003253854
6009,291.8759540565642
6010,299.5039151354439
6011,50.26069066573311
6012,256.63439710137425
6013,278.0848123015395
6014,279.0915518418467
6015,309.0429334508767
6016,293.0925649804445
6017,284.76219643280126
6018,248.8657544336654
6019,252.8121695971644
6020,323.4414123091284
6021,291.19942692726414
6022,275.6460431200816
6023,306.58846839797667
6024,252.25970940979633
6025,278.8874844388419
6026,300.28409997914775
6027,279.0515231135505
6028,264.9879216989197
6029,50.789646865462174
6030,224.65652286340884
6031,267.412898359423
6032,184.46355301149288
6033,271.6641364607666
6034,296.5297895657478
6035,270.49776676331174
6036,303.82346192965645
6037,58.28318573706855
6038,259.6133932771512
6039,283.33333997035845
6040,313.7430126590248
6041,303.35828688546917
6042,255.07754796004332
6043,56.82306494259046
6044,61.431785742395675
6045,277.2806846367804
6046,285.7485836150821
6047,72.23728545864395
6048,271.81052844231635
6049,285.1501376729118
6050,281.4784598839773
6051,251.884942720231
6052,39.50289980374953
6053,292.6965584433983
6054,255.00581521575737
6055,312.40389505976157
6056,258.89042878542045
6057,288.9274858159353
6058,310.1184238978433
6059,292.59960749892696
6060,308.35272758261
6061,309.38684665422227
6062,284.34818049405754
6063,289.32634940979074
6064,296.42848704611686
6065,269.92918599143627
6066,262.70851485065697
6067,244.23982142298917
6068,288.9025805269971
6069,298.2665327855988
6070,304.9206309079544
6071,48.75010608789677
6072,254.0653671947016
6073,258.4558725947627
6074,272.3397258151134
6075,270.2716225716928
6076,296.5289142664406
6077,299.01327236066254
6078,293.0077644196035
6079,305.1944020867427
6080,286.59689521045493
6081,41.541541220929645
6082,294.0970685580873
6083,239.0943289644555
6084,267.40399119234166
6085,258.1349686846487
6086,298.21795349307865
6087,296.311948220972
6088,264.30410180040974
6089,318.83689391093105
6090,310.5728215002902
6091,245.4237724626142
6092,256.719797206616
6093,273.565006121996
6094,44.00720688337307
6095,272.9684297094783
6096,268.09117376524944
6097,269.07000800351534
6098,292.9319552658354
6099,266.0538410305028
6100,273.4716927321266
6101,281.1360253051124
6102,269.28388511770277
6103,303.82174003857557
6104,284.55545661877113
6105,284.553258001204
6106,276.0827600250047
6107,299.4586086369442
6108,282.8287311235156
6109,285.3303200792577
6110,284.2421872112562
6111,271.8577571771483
6112,272.0188704358041
6113,312.4106372616434
6114,247.7345988882317
6115,288.2105946349202
6116,60.229341771235255
6117,48.998834926790465
6118,276.72412999656996
6119,52.346222908168784
6120,252.01525364163425
6121,283.27126888650076
6122,251.18916171317395
6123,253.33631395496872
6124,312.94465336010194
6125,305.4310398615676
6126,270.53038130625555
6127,300.8543638437331
6128,298.12811817983635
6129,290.34689342811714
6130,268.96242455076793
6131,294.72794509437756
6132,245.0171544370775
6133,257.764187737678
6134,309.9022182576541
6135,292.2044285118154
6136,59.459559843907726
6137,262.8691043005193
6138,247.42296446481078
6139,286.80376200530725
6140,258.4721441437612
6141,271.18103364244814
6142,288.34864310969635
6143,267.16137586146306
6144,256.62841426429804
6145,300.6431313354608
6146,270.0200289981567
6147,279.8284774111826
6148,279.8431973628754
6149,296.1426253850477
6150,283.17201651734104
6151,278.20289766321184
6152,300.01698106039987
6153,253.09639633795632
6154,261.4296813680402
6155,292.29573990304
6156,272.80169728816634
6157,271.63715005666813
6158,264.15046433865723
6159,309.9638638152871
6160,277.17728890738715
6161,281.04703862628526
6162,312.5557083173903
6163,278.40431951261894
6164,252.99851542724699
6165,297.23190036295557
6166,295.2921488597357
6167,260.23730318925845
6168,270.02018844233646
6169,271.84353904564057
6170,278.01170003826087
6171,281.98757535991024
6172,251.73809347536815
6173,260.3309736444535
6174,260.0390161619764
6175,50.24606366455609
6176,256.48214903278085
6177,288.38066635863913
6178,325.3841624883647
6179,260.63814272044715
6180,287.8649741107592
6181,255.32914675799157
6182,273.8389870654789
6183,259.60324635192876
6184,247.39189166696823
6185,286.0742795638788
6186,282.0868421690228
6187,285.1812556584843
6188,291.34189524943804
6189,269.6319097999926
6190,303.5148627230247
6191,282.4581770002659
6192,279.8006682723785
6193,317.42495136224477
6194,262.60896761812353
6195,293.0976533987667
6196,266.7836053426925
6197,263.3629291570833
6198,306.26056792994433
6199,264.7490846528522
6200,299.11657285833144
6201,281.45630380591393
6202,313.41757383215116
6203,281.11590090885
6204,285.75233014417836
6205,285.45803598047985
6206,266.9326080986242
6207,294.24434645650155
6208,287.8209786997524
6209,254.6790704656446
6210,71.4389137294011
6211,276.801430588005
6212,272.59837399878927
6213,262.3361885076211
6214,272.8289839756619
6215,272.0436983424327
6216,295.9066880772757
6217,251.7321694779499
6218,-24.62765441504665
6219,300.0431631909586
6220,264.8256967134256
6221,280.0000303256029
6222,291.9267944267077
6223,268.97727058841383
6224,292.9977867357644
6225,256.62287721020215
6226,272.18890893552606
6227,267.1075725021857
6228,298.138809289218
6229,289.4632678037125
6230,278.4538309296697
6231,310.9574616003307
6232,244.47258791004154
6233,262.84172390157335
6234,257.9037163751067
6235,236.36450475750726
6236,263.8737121514856
6237,302.18675511140236
6238,276.08383193139014
6239,303.062403792391
6240,278.68373091910536
6241,292.2992529712559
6242,294.36985438749207
6243,302.8509561063497
6244,261.3788848994502
6245,308.2306602778125
6246,311.7322413294811
6247,264.86430004128135
6248,276.99536238172453
6249,311.34723912231925
6250,303.41781542731053
6251,262.31361573698416
6252,269.63830527661355
6253,272.5194640372084
6254,307.96643791375743
6255,293.4695404816392
6256,284.8760457171758
6257,298.88484423781154
6258,262.8852823335457
6259,253.7054522346737
6260,258.9291062946901
6261,315.42933791063547
6262,289.90424484453104
6263,305.6010794322092
6264,311.69020756482075
6265,271.6650608086749
6266,255.2110633591701
6267,289.91642248475307
6268,318.1997522275784
6269,255.85110239736935
6270,302.48390977117555
6271,254.03350315316186
6272,290.3270954072817
6273,301.29820210593425
6274,264.1385141684402
6275,314.4377200840763
6276,297.0748200775466
6277,257.8770377132264
6278,279.8909833433525
6279,249.1250163909198
6280,283.80907305323467
6281,274.6597600448806
6282,263.71483165142837
6283,263.95762121641167
6284,262.0647800359106
6285,288.45351748230996
6286,257.54088232123524
6287,279.71925369681566
6288,255.10233317416453
6289,245.6607825055752
6290,264.6050139084856
6291,256.7178516865638
6292,287.5263743859432
6293,259.5333949486474
6294,288.01476961286636
6295,282.26854458371264
6296,305.1704120221285
6297,281.5712115482935
6298,292.20493296004696
6299,285.34787029344665
6300,301.3764608803735
6301,278.51379624428944
6302,277.28333861008514
6303,287.76426212715364
6304,286.1606198621546
6305,292.7506656433734
6306,274.89463490797607
6307,257.3877471264496
6308,276.2359157769669
6309,279.28421154050045
6310,291.4436126739115
6311,275.17596970751947
6312,266.4731052094876
6313,287.6153644908874
6314,265.7697316504384
6315,299.1945691308217
6316,261.1296156377246
6317,285.4585832087935
6318,280.4923523175908
6319,302.6553619931552
6320,250.61002633065357
6321,295.9583724139038
6322,300.2594981925315
6323,286.0271451547035
6324,298.25029247436504
6325,282.7332444281264
6326,304.04110122863784
6327,272.0554432180612
6328,280.97286870559606
6329,306.99086869543885
6330,271.2106536624138
6331,287.895144934396
6332,249.28181674716188
6333,293.39528637434853
6334,50.16341052708995
6335,294.377096890155
6336,297.84704142475994
6337,320.4585763849176
6338,261.87599708407333
6339,269.8839502027034
6340,267.77989778237634
6341,296.75545909643915
6342,276.62951871700704
6343,258.2041626837545
6344,289.8824969926585
6345,247.33575228730257
6346,271.0223030456043
6347,258.10449868996375
6348,303.63432268826944
6349,253.89168111546815
6350,293.7480766888112
6351,312.127111817613
6352,301.2533743759146
6353,302.7661960855645
6354,289.6925005509857
6355,310.28890143052604
6356,268.0442531497387
6357,309.7685357703628
6358,252.96341947607158
6359,294.8203481798695
6360,242.4759948905143
6361,312.73274603789923
6362,264.99970778119155
6363,63.1840153602117
6364,276.33111267076544
6365,284.1380165054066
6366,243.9529269583166
6367,299.7467436638793
6368,273.8875096214386
6369,307.5113434761903
6370,262.4793911122482
6371,67.89655223365352
6372,297.723585034147
6373,315.1074392613077
6374,275.2848091092908
6375,271.1975383976264
6376,299.6264332395825
6377,258.5866611784885
6378,294.21038494468064
6379,273.659736584042
6380,300.509113236623
6381,265.04183165708776
6382,298.62320662309577
6383,73.72343100108267
6384,288.3399706036846
6385,258.7518447299154
6386,293.8405977855723
6387,280.8103589342901
6388,275.3343392634165
6389,69.412472096951
6390,58.18910490057601
6391,297.8404153133347
6392,281.5191043718519
6393,300.5583840695649
6394,304.56257081931153
6395,272.1533096143588
6396,302.4417482862701
6397,56.959952098991124
6398,282.9282730827391
6399,305.87867826925185
6400,293.1027219980847
6401,252.5499276030691
6402,278.4373449765982
6403,287.0161638333967
6404,277.1818577342217
6405,257.7032013916735
6406,246.0018760839301
6407,27.90460642958577
6408,265.3557169680764
6409,285.8220093089292
6410,43.7324968740289
6411,302.4736864013521
6412,60.88525645563931
6413,265.5877723672803
6414,306.27426661406497
6415,272.1826959092346
6416,71.30939608833347
6417,314.00847391926436
6418,40.183229206820556
6419,31.903477617165294
6420,294.66582177072587
6421,305.1260297273289
6422,290.62781911791114
6423,273.714175540752
6424,293.1419006983299
6425,283.63767786679875
6426,35.19707827645681
6427,67.47730548363933
6428,285.7584340799991
6429,78.27308417832441
6430,262.1630002715409
6431,273.35221370635475
6432,77.98520377486929
6433,307.44979236764306
6434,282.80470139576335
6435,67.07122452367375
6436,264.5463874207054
6437,288.7327348679398
6438,83.59717308187962
6439,315.699903180187
6440,289.8150183109882
6441,290.8334904906046
6442,286.0558643105826
6443,285.4946360891156
6444,286.8371189372879
6445,34.58348922783961
6446,43.32635902333371
6447,304.1201840809737
6448,290.22223302286454
6449,269.0220354864709
6450,296.71447864088157
6451,314.42900157044653
6452,310.2150118437452
6453,253.2325285488638
6454,308.0293097814822
6455,251.21731363971082
6456,269.7992928506543
6457,301.9956321007143
6458,290.0839602289351
6459,258.38697673133856
6460,278.5656354645088
6461,286.55212448574446
6462,281.09513704691767
6463,268.49298283162
6464,285.1623490542376
6465,50.08036427212039
6466,296.4932102442873
6467,294.7368523809577
6468,296.33426887759487
6469,257.12540660455454
6470,259.4739553979744
6471,278.4225024988608
6472,270.3207137496581
6473,249.74470080908165
6474,258.8197402532997
6475,265.8472622958044
6476,256.75587099184025
6477,301.9545890142989
6478,292.7742454428459
6479,285.30567904609916
6480,273.80555953029375
6481,303.5234198690937
6482,268.3151112244321
6483,292.8893465996144
6484,304.84219892472623
6485,43.994529013019616
6486,63.04461726740945
6487,267.56916354353564
6488,288.2984099533574
6489,285.44532340483624
6490,33.15539608504727
6491,48.557556200591335
6492,68.12474099842376
6493,67.83718054238
6494,306.68792460130305
6495,264.96146642366864
6496,250.72831100853736
6497,274.012540368531
6498,-573.9094388033709
6499,263.8074458069058
6500,302.71773537963753
6501,251.48950524662516
6502,293.8584843115211
6503,286.5178661014961
6504,249.61037736818508
6505,276.58027252946215
6506,288.8468207502986
6507,284.2256103158732
6508,257.8829298632258
6509,31.4648199942674
6510,254.1770804004427
6511,303.934516820196
6512,259.1293272018961
6513,312.7367188073348
6514,290.26983728630023
6515,281.98822513650157
6516,286.4587338459597
6517,280.65572370909877
6518,266.86493001210715
6519,281.82662891971205
6520,289.7946382142976
6521,277.4185848376966
6522,271.7381188010601
6523,295.7639181406167
6524,287.7918750597118
6525,294.43914246482257
6526,293.2259793817627
6527,288.4915454266455
6528,292.8067418907809
6529,259.79393287985766
6530,267.1793637843235
6531,309.8031784505283
6532,316.9241570622536
6533,292.2030955314917
6534,296.60785810907055
6535,283.0176684372981
6536,308.22495908401777
6537,65.89132811185229
6538,246.47496470758097
6539,277.2723021742869
6540,283.79278474115574
6541,300.4060658824843
6542,279.8164606682836
6543,304.13355739415726
6544,78.01050979906407
6545,290.08825907722724
6546,285.75412181759026
6547,309.5082384063938
6548,257.09227935446677
6549,299.7649363748489
6550,281.7155870930836
6551,283.14993868831453
6552,271.6782538137594
6553,241.96288843405222
6554,313.27211797638176
6555,253.48902618825758
6556,319.62692030594565
6557,294.04399387189744
6558,298.3171305093961
6559,298.3804940336847
6560,317.8530730876488
6561,264.42160391508514
6562,44.54687772241755
6563,299.79489897414896
6564,307.01332247275076
6565,285.46436505785766
6566,285.11092844046595
6567,258.13959988781744
6568,309.9399441034274
6569,70.8851419082599
6570,306.59655846577834
6571,261.88936409357245
6572,304.6445695993523
6573,242.81005439303584
6574,64.21524764114375
6575,251.25805023869668
6576,274.6895799961761
6577,244.05998817628304
6578,241.83470316946244
6579,259.22927756682975
6580,74.50017398925115
6581,291.0427397024676
6582,278.8369502215324
6583,261.9753444900476
6584,295.44542254570877
6585,319.2185476337705
6586,273.06819789118094
6587,284.47021425324374
6588,286.1221123551994
6589,268.11281843258655
6590,312.5460987727125
6591,296.9461584516033
6592,305.4073682668005
6593,305.05177855887723
6594,283.08049035664436
6595,67.53956036828993
6596,56.718490046147195
6597,238.31382153116326
6598,271.9687471210175
6599,289.13830642941934
6600,287.1145984507539
6601,289.30665839114533
6602,270.25115976074824
6603,36.43424616896692
6604,255.22186835536976
6605,284.5942711217988
6606,307.51920476564885
6607,282.7572427561176
6608,297.3006414682718
6609,269.95871038105986
6610,298.464510002211
6611,298.12841566182175
6612,320.70481548523514
6613,262.09194705102556
6614,52.36466408554844
6615,314.5707084216938
6616,292.5784172504474
6617,245.07258558548264
6618,266.8321080456917
6619,269.0122451225734
6620,274.6105274105243
6621,248.83725173851755
6622,284.3734867015088
6623,43.28418623214259
6624,285.99967597980583
6625,292.0356524939365
6626,294.10401671761156
6627,262.85472000823245
6628,250.7763625847661
6629,296.4994048344376
6630,308.03663436997954
6631,253.23040507749886
6632,297.32974723092354
6633,252.4630329466454
6634,264.77399443255763
6635,59.46227581770148
6636,297.55481248598915
6637,290.0939009750829
6638,66.17415121848089
6639,302.2176832753702
6640,280.24298600510247
6641,250.18457654031369
6642,269.96186229023
6643,300.5416401879154
6644,301.702050749414
6645,298.13800847847733
6646,296.25796942048476
6647,300.99224163109125
6648,278.6601745723109
6649,257.59964863505405
6650,301.74475901611925
6651,285.5782177943406
6652,306.2309855236523
6653,260.27899834348784
6654,287.16605610400677
6655,45.72010066162136
6656,-20.499592280208674
6657,60.85464228574449
6658,307.69195119941423
6659,302.39260649486397
6660,289.5863781535562
6661,287.00014839559674
6662,234.93615430266058
6663,286.2833391222739
6664,27.68283921902146
6665,268.1530869550593
6666,257.3669752231401
6667,249.55460155029394
6668,48.81523885303193
6669,264.01588542956574
6670,281.63892176291745
6671,63.7000986944731
6672,260.365260874903
6673,304.1055857048628
6674,29.190036346619166
6675,279.95623547748187
6676,276.6575772604391
6677,35.21405413537997
6678,73.62396093723103
6679,313.16651952133134
6680,55.91309909534519
6681,313.6533871818332
6682,302.6678379837733
6683,262.5061345788222
6684,291.0883364685985
6685,269.7088054999487
6686,312.0578820867946
6687,256.2075710478349
6688,268.2553329565444
6689,279.415685244678
6690,272.4660880111154
6691,303.01938328005383
6692,279.50025208028444
6693,297.50642479492046
6694,282.2536259005385
6695,282.05965015344873
6696,288.1628662025987
6697,290.21296719096745
6698,280.18852276297366
6699,257.4009610529728
6700,308.6133255543367
6701,294.45784155459205
6702,38.08867538780157
6703,256.87123913127243
6704,303.7932235213048
6705,261.8932831558581
6706,286.4304202228358
6707,260.1249819028442
6708,276.7809961259428
6709,283.1524356964257
6710,258.11350628862226
6711,300.44281148815526
6712,245.21210930974547
6713,29.098581017042363
6714,297.66485199566307
6715,300.6466074438394
6716,59.39453807329829
6717,311.9044328554781
6718,290.79879479448414
6719,58.56762470227716
6720,49.4981728148509
6721,58.60281634649502
6722,-5.615000193709548
6723,24.015562677929296
6724,81.73357587075444
6725,301.50240443530487
6726,42.8194210054869
6727,288.35153189179687
6728,279.73974884756035
6729,285.48737179381476
6730,284.31336434411264
6731,279.2980840892142
6732,60.6295661936864
6733,309.3323318641526
6734,298.2987605114112
6735,268.6042968301158
6736,259.2633077529871
6737,285.69923383265717
6738,314.3335081456021
6739,59.34326819929683
6740,288.3864067863285
6741,51.08375686065267
6742,317.5040092238705
6743,285.6140041080969
6744,268.96682467518514
6745,253.07124500509246
6746,296.6631511909532
6747,270.82612180765966
6748,60.756388722978215
6749,260.05916330769287
6750,284.8334414181272
6751,69.17331414461398
6752,293.64467650169706
6753,276.06733399106975
6754,286.6523443128156
6755,256.38023488645246
6756,290.1839583455149
6757,63.0119496825331
6758,263.2372496114474
6759,264.8837127347386
6760,304.5057740152065
6761,260.1978474232495
6762,251.1405816382957
6763,288.40113944458415
6764,300.5323279256246
6765,267.40427741470637
6766,297.3555841430217
6767,282.71436387036033
6768,283.17206130144757
6769,275.0747831141885
6770,275.77493616884186
6771,60.04399527110573
6772,284.1404844941738
6773,259.13406903819674
6774,81.82476186401652
6775,60.70538418987235
6776,253.22339345102674
6777,69.87843792671651
6778,271.24099036245093
6779,260.35854000120526
6780,265.4884798578098
6781,247.78504169127828
6782,41.25268002913268
6783,298.6647479021435
6784,283.15254146626603
6785,64.06197357099398
6786,73.47939895522484
6787,260.92426386276645
6788,288.2474162623037
6789,0.8248458172635935
6790,280.3345302461306
6791,29.008311060328936
6792,34.895647333349984
6793,9.615746011116244
6794,261.30482501896483
6795,249.99963354441834
6796,290.3062467411211
6797,242.1029857136468
6798,279.08769475630686
6799,69.0705736248213
6800,59.67536394757934
6801,304.486072384876
6802,271.7015002580746
6803,61.64941748969929
6804,306.039238709306
6805,58.93157121027883
6806,257.417620770923
6807,267.4148144270274
6808,286.991752884406
6809,305.19664280253494
6810,281.67716229129206
6811,307.3662792277225
6812,265.89050679585455
6813,285.4473930281878
6814,249.402966411045
6815,287.5117425823124
6816,272.9177157783388
6817,301.23825082383496
6818,47.55571392195645
6819,275.13320805075966
6820,291.97786513230346
6821,289.05451496398797
6822,278.1600962474748
6823,293.3765105483004
6824,40.30087854680016
6825,291.8427722436726
6826,309.2914053839726
6827,61.49101817777495
6828,72.84669651024836
6829,56.51816534838579
6830,64.96825627958088
6831,269.7951876420805
6832,266.23161698671777
6833,281.62061421432236
6834,66.31995104005748
6835,280.8884251805653
6836,45.91198325275576
6837,294.0245355138838
6838,303.37523245628176
6839,302.44602393069465
6840,62.39142590494188
6841,44.95369897553499
6842,261.08703904769965
6843,69.95711481451659
6844,254.34268568763264
6845,278.3408458380723
6846,261.1805449701233
6847,266.4637148533068
6848,292.5461189748253
6849,307.6884174321746
6850,58.850278484899036
6851,298.10002659791564
6852,283.0314725910847
6853,57.438254166913765
6854,45.08939394657807
6855,293.7696848879569
6856,315.73588354122876
6857,266.90675931555324
6858,262.41273181924697
6859,303.3848900091116
6860,256.2483140212035
6861,-48.211750602482454
6862,311.80097397677326
6863,49.750468550671684
6864,289.2810424547057
6865,293.9923972796019
6866,261.52327131169045
6867,285.2319619449959
6868,282.4909721952339
6869,54.506293130778175
6870,78.2425951539779
6871,303.5281057914847
6872,315.86061252803444
6873,43.74376047206937
6874,273.47989995952264
6875,294.57221453949336
6876,295.9587663132912
6877,275.8876735712672
6878,266.47548221897034
6879,82.1106044369418
6880,32.01398146277484
6881,261.8112354356929
6882,50.957647610061
6883,306.73201038583454
6884,267.8371760131413
6885,305.3350162908819
6886,84.38361627298517
6887,280.26869765228
6888,291.7425513078888
6889,281.51547222924864
6890,276.39764132262593
6891,41.77642117948017
6892,264.14289578000376
6893,311.0138210083654
6894,295.2444446311854
6895,256.7541945956343
6896,271.05484373839334
6897,249.11790009833894
6898,53.96677440468744
6899,80.53290845756393
6900,275.5512163252132
6901,301.32670962150166
6902,288.15842039410427
6903,317.9626227567961
6904,313.50570900735454
6905,272.4198388638877
6906,290.8516001665361
6907,288.39767423323707
6908,25.568002590899866
6909,311.26320478467505
6910,306.03218828812805
6911,49.430604893383446
6912,51.23131646080569
6913,297.433243204438
6914,20.906751760728966
6915,29.377985815585788
6916,25.0531590710239
6917,45.62427592908202
6918,64.22142160039263
6919,299.12513496549155
6920,61.61842627593251
6921,308.857611102383
6922,-15.683684638677448
6923,266.0208653531704
6924,65.6900940333237
6925,268.26731950638816
6926,291.91771952920044
6927,39.73738336356945
6928,247.2516612788027
6929,46.53081161358713
6930,83.28945473398298
6931,51.24677836152691
6932,61.91820173264233
6933,246.995904604675
6934,265.5363807255536
6935,316.2136284005959
6936,25.698058742960768
6937,290.51842546295467
6938,284.10476959804737
6939,303.66779013455664
6940,260.7866394831893
6941,323.1408579831626
6942,279.7732753732286
6943,301.0252487173419
6944,297.31374466807034
6945,266.43011834573485
6946,291.17124079052064
6947,255.0888936896255
6948,255.61236335136994
6949,282.9360793930814
6950,297.4866820194725
6951,271.9449480121596
6952,302.04034412806396
6953,292.21191495936364
6954,-25.910268094550048
6955,310.95152439192486
6956,295.541010236629
6957,251.4285664049061
6958,296.82338477724727
6959,269.94675156483436
6960,264.8655911000453
6961,26.045220174746305
6962,281.3046925092352
6963,262.2490303387168
6964,274.3270573976129
6965,315.9555512295126
6966,264.5132934952827
6967,43.428035027383004
6968,271.2000031906587
6969,75.48807167278977
6970,288.24570937870567
6971,258.4727021851179
6972,284.9945672693175
6973,75.03505554878635
6974,48.512493584208954
6975,19.253288680647046
6976,260.21115637271157
6977,288.79959101202354
6978,286.83104698653847
6979,43.01302865183595
6980,45.82296475545266
6981,84.10387366201556
6982,311.15207170462304
6983,282.7202026869584
6984,309.8651151812137
6985,34.07139453114587
6986,266.4698260039844
6987,253.30262625472324
6988,313.75497316609517
6989,40.61262135155914
6990,266.66452678501327
6991,287.8473254222646
6992,280.28082224650666
6993,244.84550965835234
6994,253.07776357592246
6995,248.6655489072406
6996,69.22822877601288
6997,61.049534455790024
6998,64.37506118877897
6999,274.4157748411833
7000,283.256873716688
7001,277.9653189927956
7002,285.34829958869705
7003,260.557439001942
7004,310.6151928161975
7005,270.2066036281933
7006,284.65657671601946
7007,271.4175152533756
7008,281.99458537880327
7009,285.59984579880563
7010,268.3952619875366
7011,266.60758212666605
7012,288.2464184258243
7013,314.86164160403257
7014,289.09569195660936
7015,275.1947540176315
7016,286.4344647288276
7017,39.16360189440843
7018,270.97614308221034
7019,288.6937394909865
7020,293.1187799691206
7021,316.62237126444546
7022,250.86174766637671
7023,87.71650864171843
7024,313.0763983660313
7025,292.89406666529896
7026,285.32919825733427
7027,45.23089558457255
7028,287.5980847451269
7029,287.42903752586784
7030,284.86582386832725
7031,285.31190553057274
7032,249.24240952128648
7033,267.35641228748625
7034,267.0083150246756
7035,301.9254619673303
7036,281.51298940282027
7037,26.618637886545358
7038,54.99083826681604
7039,312.17884755397915
7040,248.94951205520135
7041,297.6249070412418
7042,320.2850130293569
7043,286.3308409716099
7044,260.33343038857345
7045,316.77869555894233
7046,280.1562483373158
7047,260.5294348742459
7048,300.20725394052795
7049,51.01881654034776
7050,291.06327557009035
7051,316.1880139079251
7052,294.8703135994287
7053,307.4765148301114
7054,279.9543205568907
7055,299.2412501687335
7056,305.78500381555193
7057,313.15750057345474
7058,284.5132269639367
7059,291.32149855335985
7060,64.17191916470338
7061,254.70314649381572
7062,259.15438445123885
7063,285.9155610415413
7064,266.59026014572555
7065,283.36957200612784
7066,273.9760102138008
7067,311.0478591546232
7068,268.0381794769029
7069,246.08897105771558
7070,281.7544388730556
7071,286.3594796438231
7072,270.91282464452945
7073,292.41839539868624
7074,296.509119556461
7075,303.22757575129793
7076,272.0032435939272
7077,260.338523134431
7078,274.380212116525
7079,298.9498148400094
7080,276.1615654316122
7081,270.9036557566271
7082,278.19316762275395
7083,302.80343618769916
7084,265.0157554870291
7085,272.4166277768034
7086,269.4084340459519
7087,315.65747394991195
7088,302.2273311446273
7089,292.62909779464934
7090,252.0505278695893
7091,298.2143300577732
7092,279.03311866955386
7093,288.66229715583086
7094,317.3081457895511
7095,267.6833468557094
7096,287.20997096352517
7097,301.47514577993195
7098,266.20354327482056
7099,311.30601370094166
7100,285.9289164886577
7101,266.2884742535565
7102,263.15306087548663
7103,266.65682755141677
7104,306.1509150132634
7105,295.7390650880918
7106,264.6020148223289
7107,321.17305456300943
7108,313.2278632765507
7109,311.3301721644875
7110,254.59407388105177
7111,253.43553365908699
7112,281.85504043395724
7113,281.3147339194354
7114,54.84566772272623
7115,280.88659154437676
7116,261.388729721918
7117,269.56604212501634
7118,269.2815176878022
7119,285.3114405009181
7120,283.05258353360426
7121,291.37854849554924
7122,254.52724931783055
7123,299.6606017503302
7124,315.4160447597286
7125,283.825027652999
7126,299.9355156750831
7127,307.2716357866151
7128,244.41906615460005
7129,282.83387453651903
7130,310.92221510249635
7131,267.7830492381716
7132,303.46391977931313
7133,272.0451447416933
7134,262.99090161225195
7135,259.5453341693364
7136,-75.92205592508286
7137,292.7324761089018
7138,303.5907265235544
7139,280.40162391225
7140,289.2923363329037
7141,255.3584526678759
7142,282.10794904034026
7143,248.90911594969793
7144,297.47005673911116
7145,249.34352156712228
7146,303.02479824645354
7147,320.00736378381214
7148,243.31347805826414
7149,262.9423114774512
7150,253.2724825005289
7151,289.85552053935396
7152,280.16805783198436
7153,265.4365452072121
7154,311.67138725009437
7155,296.8483798420318
7156,307.98881576149586
7157,284.9538661105099
7158,302.7648672805471
7159,284.00974552615116
7160,307.80738087392
7161,309.07364371662794
7162,303.7500777267097
7163,295.38308868971376
7164,301.2487687047301
7165,240.63837782136093
7166,302.3847018956816
7167,298.6358392046814
7168,307.5060101771344
7169,291.28086910782247
7170,246.843285421039
7171,307.5796818381357
7172,257.4347686257446
7173,313.28217066587825
7174,69.98988373402503
7175,280.45655106256675
7176,299.8956530591374
7177,38.71772825728718
7178,298.6432271610164
7179,293.6719234135276
7180,311.30230913316973
7181,300.91377553040144
7182,259.1586644457461
7183,271.38068826463325
7184,291.5530763675606
7185,261.79206577859225
7186,249.44604066143467
7187,279.33531897217557
7188,283.68588478485316
7189,248.60107946858085
7190,302.86534975095896
7191,309.2469746237773
7192,288.86560938748516
7193,289.85045896700757
7194,302.1951482348953
7195,271.11373393516885
7196,269.933410324306
7197,257.641000650375
7198,272.1589437154437
7199,303.11366061330887
7200,302.35976535325483
7201,306.7761914109245
7202,285.59556265701667
7203,282.79698170495516
7204,279.13431340140824
7205,248.3628950302962
7206,298.8601453516625
7207,270.84035420720494
7208,288.51118673289176
7209,274.85443858373503
7210,48.71472946683724
7211,64.67750121396543
7212,299.8813816193046
7213,258.75020321993543
7214,251.08373520368943
7215,295.31452377833773
7216,262.7357503622535
7217,306.7158403949939
7218,311.59990113365683
7219,285.08930341690854
7220,255.6608856827417
7221,286.4663788905044
7222,288.17016568773187
7223,283.3100334673438
7224,275.7520626700624
7225,272.5167335780404
7226,268.83041220615564
7227,270.3209539348202
7228,274.4621740590181
7229,281.39370071965385
7230,71.06264884286341
7231,71.99264272377056
7232,261.1488734173704
7233,279.67388340647517
7234,238.6992415429807
7235,280.071969458344
7236,298.2842226850512
7237,268.8662808488274
7238,309.4704625174559
7239,323.331495619203
7240,253.25619357673648
7241,258.3162321221058
7242,275.5326572279036
7243,244.92680644424186
7244,301.8621898513484
7245,276.88527317545663
7246,291.5047278649114
7247,281.8295289366099
7248,308.43702943552034
7249,296.00953843438214
7250,238.62542392079132
7251,253.36839909601704
7252,260.3486318046664
7253,286.4927696284236
7254,258.3967574335052
7255,307.6877936347664
7256,261.5196757659912
7257,260.41865490713553
7258,262.57844042949705
7259,289.5510946183303
7260,283.1962756137592
7261,242.9469418450528
7262,269.01525043534986
7263,306.125437954826
7264,53.95118498523675
7265,312.94809653637253
7266,265.91945361555224
7267,283.6011484482084
7268,315.24395342254047
7269,303.73345668657544
7270,77.07790388893218
7271,279.00959959863036
7272,308.6615454862298
7273,300.5593965404273
7274,312.12180925096834
7275,279.13161573776847
7276,71.66195089062109
7277,308.71979505731025
7278,262.2991888303385
7279,309.36728239490606
7280,262.1072168797216
7281,293.673361770073
7282,283.11578488424414
7283,274.2760195579547
7284,293.7140429838247
7285,287.4746396620087
7286,303.04274435871525
7287,314.3851664711825
7288,312.7696852606015
7289,286.67765185624853
7290,279.81939820853387
7291,316.16001432623545
7292,256.6107174883783
7293,248.6527399579665
7294,310.1452350125886
7295,280.2599894848639
7296,271.49137464976275
7297,305.4043408598115
7298,261.576851445344
7299,300.74974515328176
7300,256.15423033247964
7301,240.90937488611752
7302,296.59752228675865
7303,290.0987404863534
7304,281.704732893502
7305,311.4142803344874
7306,245.43923954155252
7307,282.32197806974085
7308,270.1057938202499
7309,307.91495287927864
7310,291.30676612115155
7311,290.7643369734697
7312,284.035984920465
7313,298.6430123713077
7314,62.03855814569758
7315,264.4693893268356
7316,280.4815792749562
7317,254.8978662633969
7318,306.0613900617186
7319,286.76220680529224
7320,303.4715274280335
7321,272.6736220428951
7322,307.375755009517
7323,297.0184795122932
7324,285.7883972914267
7325,256.89610587856384
7326,320.04617392372813
7327,37.01480300810218
7328,266.8883465564702
7329,317.23043083674895
7330,317.97698797423084
7331,257.7487740110719
7332,273.07603177481127
7333,272.8834573457923
7334,291.938785582636
7335,258.91484893315226
7336,288.1354479040442
7337,296.819828854882
7338,310.28098828184704
7339,275.0301501777826
7340,291.77293119150744
7341,287.3694222412854
7342,317.78994251871234
7343,281.38215891495224
7344,295.3990043373349
7345,269.2554081109598
7346,287.9300995078012
7347,301.4544921148588
7348,244.60231026522015
7349,297.3295111558956
7350,286.8087741208435
7351,290.25585790515004
7352,269.64414953984374
7353,296.6963271815306
7354,278.649118529974
7355,280.9461649381551
7356,263.78591581096686
7357,288.79067312035033
7358,320.74486518444303
7359,306.7276479454574
7360,261.7390054646138
7361,264.1993874642866
7362,291.6533538980963
7363,284.3216675628295
7364,291.5395768855957
7365,272.04170973910567
7366,270.8685512637496
7367,312.5750458886256
7368,285.7740324422042
7369,279.90765608969
7370,320.8705153659428
7371,298.26992559296696
7372,265.75543039141644
7373,272.2548200046071
7374,256.5216385981718
7375,278.8613993104055
7376,294.6890121694606
7377,265.5429326620443
7378,254.97370188687614
7379,305.6543146239744
7380,302.25785374039356
7381,67.99919391993959
7382,22.72672812571915
7383,297.2376083374193
7384,288.47478257967623
7385,299.2105959729963
7386,265.8696164300615
7387,283.9114171063127
7388,315.2220860855349
7389,312.4255548335154
7390,246.47733930139873
7391,-928.0909909803546
7392,313.4018396286396
7393,315.17826131805555
7394,260.69012275809456
7395,315.5203630537207
7396,253.61805866016056
7397,308.361145729547
7398,272.1848625426506
7399,252.65191426279227
7400,276.2122320633571
7401,291.6702987839541
7402,313.7423076978729
7403,295.17578034824544
7404,280.19979638816403
7405,286.37850460078664
7406,278.26154853026947
7407,290.7362367197917
7408,243.6888530420005
7409,267.23169870628556
7410,276.8754501324281
7411,297.4822438517872
7412,279.486729607994
7413,274.5607411823877
7414,267.55359738858203
7415,255.4443315259971
7416,295.7545591588938
7417,303.4022785273977
7418,256.2661338873551
7419,300.8367016645902
7420,291.7594736947884
7421,248.93253201500158
7422,275.59676130977584
7423,298.2066110160824
7424,292.99960134230975
7425,296.62881750817246
7426,284.4632839872089
7427,266.9770947200042
7428,272.7261284456938
7429,245.62713076901608
7430,58.03428040509786
7431,264.8151076298601
7432,254.4886578093575
7433,270.99860796840596
7434,266.8563308860012
7435,256.6025710665249
7436,309.0026840844976
7437,62.12019686933209
7438,291.2296899783671
7439,288.78153433838304
7440,261.95495899065884
7441,299.35151503922907
7442,305.91702612182576
7443,276.1269920541637
7444,257.8477823544917
7445,289.2883732871223
7446,278.7017629223911
7447,303.1865404227278
7448,244.18316124822383
7449,303.1173429455998
7450,290.48993786268
7451,273.2881314986435
7452,290.40602963518586
7453,259.42443625391945
7454,272.7853777917634
7455,60.42256463985245
7456,237.7925132056326
7457,274.77348574243206
7458,247.93297971663208
7459,272.40907362973326
7460,295.1088667071066
7461,239.76540146841057
7462,261.6679070714324
7463,286.52229662793997
7464,259.60820816977787
7465,256.6511698450224
7466,281.0437276921177
7467,291.58176016648963
7468,154.22447484314998
7469,245.32690511908433
7470,282.3323429413299
7471,244.43366493429275
7472,313.94992004012846
7473,261.7843096888197
7474,292.2289072259547
7475,286.9641392148566
7476,284.15040684137716
7477,273.44654143992454
7478,304.6290446228835
7479,293.20064017045746
7480,283.9228122626905
7481,33.77006376575247
7482,240.75791249055905
7483,262.00762688946236
7484,55.38975514978276
7485,294.2114700398316
7486,303.7720926896114
7487,275.83389072144325
7488,302.8407848508704
7489,308.4404780138617
7490,289.58717000885264
7491,36.29463583867232
7492,307.73372701200685
7493,312.61048708566886
7494,246.04508062541984
7495,282.0352613828172
7496,257.12926515474
7497,291.73042826601386
7498,272.4452924982586
7499,272.4534859780356
7500,276.5506979965509
7501,255.4559973953175
7502,249.3482825198895
7503,279.68851658297206
7504,310.29051276662585
7505,274.1597468232337
7506,307.42387507720764
7507,253.85701608365844
7508,278.64281829906673
7509,287.6725660701563
7510,261.9080076908657
7511,63.43780213258779
7512,19.958950533014544
7513,267.93938729120197
7514,286.2106155363292
7515,284.8478645887546
7516,256.64768600392927
7517,53.45255015561315
7518,294.9150375993726
7519,88.82132853222939
7520,55.73337296799923
7521,41.96356104919417
7522,281.0902807029773
7523,244.13264560690942
7524,274.77183941240094
7525,307.18112784289633
7526,275.486931853653
7527,259.2479638757636
7528,307.63056830828754
7529,271.7341431788871
7530,26.057147961988605
7531,295.7725428988548
7532,288.2909854645589
7533,274.8150284895602
7534,276.0787107545026
7535,293.24454489792294
7536,306.6208461654194
7537,72.99184882714599
7538,259.5521950499708
7539,58.69942825608041
7540,295.4391746887194
7541,76.18873150797944
7542,288.6433275413639
7543,267.57494799171724
7544,265.15651708559506
7545,302.02947636230107
7546,288.06170658193184
7547,254.57199645844358
7548,262.8479343723838
7549,278.1556850347493
7550,51.55175616725734
7551,282.9555429852602
7552,282.31832322517596
7553,282.08657816452876
7554,46.40907388143586
7555,54.8148776404021
7556,291.52405183042686
7557,276.163787159055
7558,298.93143493982666
7559,294.63186042608163
7560,291.2475331827134
7561,257.16452455778943
7562,274.57499094618817
7563,277.37382088444394
7564,285.6288934585761
7565,260.00281056421056
7566,245.99990365661452
7567,282.63310656956475
7568,285.7011158598142
7569,256.2623364771629
7570,293.1630352331261
7571,278.906317119926
7572,287.0567808695597
7573,280.26007986040054
7574,52.982354914682276
7575,291.22019417418744
7576,250.89417350646883
7577,292.00444571714263
7578,254.51453604878958
7579,288.65277557538275
7580,23.082768445535905
7581,276.0860752137772
7582,55.59224514017464
7583,78.37861015908013
7584,26.449267200449512
7585,286.938681465772
7586,66.21817074517276
7587,256.7484839942748
7588,41.64107852717868
7589,37.091219380251346
7590,244.90092086015989
7591,243.76291474418193
7592,251.86430684938233
7593,303.16544869843995
7594,289.98448021937975
7595,52.785635887479
7596,270.51950919219047
7597,285.3743992693411
7598,298.5302422309283
7599,297.80620435978403
7600,283.0272717242214
7601,280.9125217851458
7602,285.5604279324192
7603,269.4885575964798
7604,301.20998295681244
7605,282.5743701112507
7606,269.75498170329536
7607,262.8777524398907
7608,265.2952452675012
7609,280.9222489592654
7610,57.33354395528016
7611,253.84510646522185
7612,34.276585316827465
7613,259.5807047001083
7614,289.958910820148
7615,273.03842398244376
7616,66.58588352679436
7617,244.58658802158988
7618,290.04692053291836
7619,257.50915449633874
7620,59.06967734363383
7621,301.59994136519515
7622,291.645511938797
7623,300.7869079288163
7624,279.992478412431
7625,272.8504812211557
7626,285.68415421638275
7627,293.2527487873429
7628,245.0497968377355
7629,69.46155677016955
7630,253.6421788295705
7631,42.201661244726495
7632,252.0410267001878
7633,16.495157016639865
7634,295.6235946371049
7635,285.8396617283365
7636,282.1352112472906
7637,289.9971029976324
7638,242.74961348429235
7639,24.280732390928165
7640,286.00021413083334
7641,270.75606100911614
7642,259.2432585256886
7643,308.5526172357163
7644,291.7719174129404
7645,283.5248814013645
7646,302.6328681093229
7647,296.7837189799177
7648,314.8395676712345
7649,36.28511869098233
7650,37.087341318988166
7651,253.854856402982
7652,47.60525285118658
7653,277.0774822046735
7654,298.08655169620533
7655,243.02976025844208
7656,249.034817821489
7657,302.71523294037155
7658,291.4058816638643
7659,291.5068016546142
7660,269.2261983235293
7661,278.10278648473763
7662,290.94526563858733
7663,301.1763847325245
7664,304.3966648226382
7665,252.3541228029355
7666,37.551373669145335
7667,250.25165996048725
7668,297.88677430958444
7669,285.41093806842935
7670,284.7739812957203
7671,312.88091055260907
7672,248.57771596276152
7673,248.74951019858074
7674,239.18360869789674
7675,46.44538047989619
7676,293.3797759463197
7677,310.08707570678075
7678,301.0754971106839
7679,271.2764999997054
7680,247.64163476528196
7681,258.4798196236597
7682,244.8986643864291
7683,295.84259443923213
7684,285.3464513550013
7685,272.39885980015833
7686,90.07487427590289
7687,294.41625798195935
7688,273.93466896077484
7689,300.13160045747486
7690,288.36424440472143
7691,247.8746569399766
7692,63.182992476784904
7693,248.79317651370937
7694,56.21906327026824
7695,314.0991564020985
7696,61.83778892561401
7697,310.23746993272516
7698,246.02810162423438
7699,297.07559079068903
7700,300.38188148160464
7701,266.8922937277148
7702,267.64015255980723
7703,284.9349961682916
7704,250.85790679626479
7705,286.55292637075775
7706,252.34393116864447
7707,266.0194124691107
7708,287.11349332683915
7709,254.33915479495542
7710,288.8317315117903
7711,-12.841204825867791
7712,281.0554752094762
7713,266.95034211169644
7714,273.48061477841156
7715,243.72500849225077
7716,290.4287875944573
7717,272.4921631884813
7718,255.42997283602153
7719,249.85500451540833
7720,304.20148601888184
7721,277.28892894103865
7722,56.33331138335785
7723,283.9305989854159
7724,286.1574998939647
7725,282.94612217851125
7726,268.2891186820648
7727,263.37021795334874
7728,303.0357557006881
7729,25.7460491866336
7730,290.4191072668176
7731,289.0909787318276
7732,252.93117199729673
7733,303.85354800134746
7734,280.4481722417197
7735,56.778373306044045
7736,283.0191818461062
7737,242.4794135971362
7738,301.21875585306583
7739,306.83418677218134
7740,270.70208177621157
7741,284.4743963452725
7742,296.2466752844714
7743,284.60381662957207
7744,286.11653355457054
7745,268.21064177209155
7746,251.09388072147817
7747,279.0857628463709
7748,256.1984243985911
7749,258.74893795706595
7750,282.92001037294506
7751,310.2005891800415
7752,4.439804300904299
7753,266.32861705569513
7754,243.4182970547348
7755,262.6049738196585
7756,285.4911731867629
7757,257.05540154011453
7758,282.27085430308756
7759,292.61008578781434
7760,275.397268045567
7761,281.9932978795566
7762,41.54524896822355
7763,287.9719349158117
7764,256.9264185359864
7765,279.8921906976356
7766,307.64882656686655
7767,290.826502509362
7768,280.4463479372827
7769,25.835621665255076
7770,34.54764066437403
7771,250.92946607777884
7772,267.0486397379974
7773,297.6433400695954
7774,287.42226814993205
7775,273.2633104596342
7776,285.6697210165264
7777,268.65441128113645
7778,306.0165858447899
7779,286.2767570852914
7780,293.3789152634796
7781,275.18730308304305
7782,281.57736396890346
7783,289.63197707036664
7784,283.5917992651114
7785,273.0738847257838
7786,272.2516892853062
7787,281.87539861676066
7788,292.65482405013535
7789,282.96043557283167
7790,278.420831099084
7791,262.76565163894014
7792,286.43453639762765
7793,287.15675487795164
7794,315.0330362938731
7795,311.5254778973204
7796,269.6246450149433
7797,272.49642272591416
7798,290.0364035146946
7799,250.52979895769576
7800,291.29804991750797
7801,272.76004148559525
7802,271.04166600544846
7803,257.34194271315596
7804,275.0089430539301
7805,274.49237156684444
7806,296.6948547831819
7807,289.60289174936077
7808,63.359767207771824
7809,293.00479182146313
7810,309.11521731562306
7811,278.8427412227501
7812,66.59269145700787
7813,266.0514458981458
7814,292.3480822722222
7815,271.9023816597187
7816,69.80032456308535
7817,43.42491123376516
7818,48.67928704013485
7819,320.4211054734932
7820,282.3370146635593
7821,267.10416941567104
7822,51.02376052758592
7823,67.50544808996756
7824,49.56112046332828
7825,304.8451476567035
7826,304.25092760384297
7827,241.8283384228314
7828,294.2459665988491
7829,26.918281948555617
7830,300.8824761393922
7831,289.2108595400157
7832,81.80120172372986
7833,292.5213713152042
7834,263.5721864523719
7835,43.37557620504549
7836,297.5836663222201
7837,302.24525219994405
7838,271.31179452050674
7839,267.77793953515317
7840,282.7984468655269
7841,291.2859948100442
7842,298.34636363135644
7843,241.85211844209778
7844,285.3575070050942
7845,266.2346743989275
7846,267.37225669820145
7847,259.86624243746024
7848,260.05345276254974
7849,273.3090322914502
7850,289.4932847777802
7851,296.4118595229709
7852,253.33789427790822
7853,75.23766866248715
7854,315.1995693081999
7855,316.05658170815934
7856,249.15727834178534
7857,300.31483203006695
7858,260.67943775081244
7859,270.9595291667123
7860,273.8238584962365
7861,267.78370232706607
7862,278.7717432661053
7863,258.956738428613
7864,305.91818523318204
7865,296.41959732936505
7866,256.3461885400553
7867,253.94282508233056
7868,266.71293004193177
7869,261.0371601156164
7870,76.91014383754876
7871,34.40561579297756
7872,263.5941414517403
7873,292.06652983391916
7874,81.94803748704607
7875,245.61163611087355
7876,58.750599971780616
7877,274.72780580193313
7878,276.7816644407908
7879,289.4887768039947
7880,284.1797116564409
7881,287.99317176861643
7882,265.54047202729487
7883,241.88370764514008
7884,266.8649888151431
7885,259.4455382436506
7886,286.49317180922037
7887,263.27903762075647
7888,53.9002098923369
7889,45.80768850143926
7890,268.24216058662057
7891,262.99812571258644
7892,72.5518976465043
7893,277.08978750216636
7894,254.56700707266097
7895,53.09518890205064
7896,288.0651214236643
7897,281.1797442186231
7898,293.45026832867796
7899,263.58057215609574
7900,259.96740742351153
7901,275.95732113389306
7902,47.5879982881828
7903,292.4818500266269
7904,302.00126243275076
7905,60.23536548971808
7906,61.33083488148429
7907,278.6555332006832
7908,295.43001922877625
7909,62.096243323493155
7910,320.42730023762994
7911,297.55361508561566
7912,304.6006488412969
7913,281.70254478843367
7914,293.332197423171
7915,277.71926178552434
7916,47.88801838823312
7917,277.2264488364326
7918,271.0946069331826
7919,253.25350889778863
7920,280.2411122777853
7921,308.03605866089737
7922,260.7274134236281
7923,285.1791491942671
7924,300.5385277353529
7925,59.20863362684193
7926,293.9590037380452
7927,274.6080890111275
7928,280.8455946187803
7929,291.52155315148605
7930,284.9427924298119
7931,45.92778424357746
7932,284.09114912841744
7933,270.712804119879
7934,50.4376726534322
7935,277.09084699450756
7936,289.8992636225185
7937,286.19547237965116
7938,44.068140271441365
7939,277.96546577582683
7940,287.79902886980676
7941,284.4019436060163
7942,264.81779278913984
7943,304.16075545262345
7944,259.76357673153467
7945,276.3745697135789
7946,254.20183042981418
7947,247.63055094518822
7948,312.36103122195766
7949,300.2465077438674
7950,286.7758619977933
7951,37.60022640315134
7952,292.7484508027525
7953,253.26587734294577
7954,271.82421658357856
7955,289.6249027175037
7956,248.94038904618589
7957,242.82911171223554
7958,265.3024931957792
7959,26.200662663632386
7960,290.02138149949303
7961,266.88306253540145
7962,67.80041819427913
7963,282.4428719305729
7964,57.162125607850925
7965,275.2949850060672
7966,280.47256296223213
7967,273.02623961707866
7968,299.05719795368896
7969,292.6836279570762
7970,61.18766003269869
7971,308.7543992351084
7972,65.01399866527044
7973,57.39716993933817
7974,299.43508327921865
7975,63.49867406775985
7976,77.93104599612937
7977,276.76905798768814
7978,71.2261197844224
7979,30.38418921710803
7980,65.86294382994114
7981,61.96883356314345
7982,47.450042527007724
7983,49.829002671294035
7984,55.7682558340789
7985,44.55878595623369
7986,302.6848605431385
7987,275.64360302293045
7988,64.44511774446423
7989,266.7393382088063
7990,264.9322171268918
7991,291.3223598850768
7992,273.0769611546899
7993,269.3632838075324
7994,257.5127856341401
7995,312.33749845286536
7996,268.3856786976858
7997,41.74880689988035
7998,289.27976283177367
7999,297.68587455122093
8000,277.6865364842693
8001,295.23981788758897
8002,237.6947023943036
8003,69.44988455045012
8004,256.5293767117372
8005,287.26937318616365
8006,294.54053029560225
8007,272.5849849568734
8008,265.95747184211734
8009,318.68436482061634
8010,294.4183534590099
8011,21.874243359748718
8012,296.491164893012
8013,52.70383677664756
8014,283.6623111126108
8015,278.6713930121691
8016,291.65814626221726
8017,260.1645297647135
8018,288.8690805032775
8019,290.54687306140636
8020,244.70340749557482
8021,72.74973664160581
8022,312.6071618511719
8023,55.540422190745204
8024,268.75594477615385
8025,317.77292144424746
8026,309.3399926204722
8027,314.7583404818579
8028,248.69501342810267
8029,261.11877229512027
8030,58.127528700696274
8031,45.59585809829568
8032,303.1267722404321
8033,273.8858602719732
8034,304.91469282608904
8035,278.7605176826096
8036,279.5906071936115
8037,49.227937738666355
8038,296.94902006493464
8039,285.75623954506113
8040,58.47188713722406
8041,266.66635214473223
8042,286.13938717607016
8043,46.93247884375995
8044,298.4569690732003
8045,258.4702594440797
8046,76.43024048212979
8047,276.17317439557746
8048,309.413183942257
8049,261.50138755166023
8050,290.94347536376887
8051,258.05324257445386
8052,245.1027311485233
8053,272.1674669788423
8054,273.41709872394074
8055,71.96343809964708
8056,316.4286320969505
8057,267.9114638891997
8058,287.9420056864856
8059,46.34715792006031
8060,277.33863252627907
8061,270.5199996485312
8062,293.2559535309681
8063,299.1943549617302
8064,243.65254640200504
8065,51.418416660921594
8066,243.76492109676667
8067,244.58824297490264
8068,282.16044928298703
8069,49.23772508509114
8070,292.2569892353365
8071,306.71311044920446
8072,297.86023520898493
8073,224.47607577319366
8074,276.04333245527977
8075,266.20720576512485
8076,289.3865461136936
8077,262.55369354967155
8078,307.50737512429737
8079,249.09420947803966
8080,272.97617182209893
8081,287.15165657512085
8082,328.36385751398586
8083,296.5473151361821
8084,279.27328927114263
8085,257.24901924451024
8086,287.6026439972695
8087,273.36280371311943
8088,288.7074486980001
8089,272.3877769248604
8090,279.9595547140267
8091,297.07090473961523
8092,265.64685085194105
8093,70.20903101383817
8094,272.5312839532164
8095,259.1262270103292
8096,296.2990154142239
8097,275.3875809072756
8098,311.5025919962525
8099,285.99301317573753
8100,54.73497563092016
8101,277.24719048529715
8102,55.86886608563762
8103,246.79975831728098
8104,85.79898225075473
8105,249.23812649650424
8106,275.3956625792356
8107,298.6211774436988
8108,278.6659702373879
8109,303.92353461578364
8110,308.33258674465105
8111,248.94657954140322
8112,302.0193591025701
8113,280.4039904555733
8114,256.89138460943076
8115,267.25754947906825
8116,246.8759381112873
8117,260.78591872873864
8118,260.22437127519754
8119,290.8448806623718
8120,316.3623303636145
8121,292.79482209245896
8122,288.14781626803324
8123,262.0730385748145
8124,276.9285130265904
8125,239.19412938082218
8126,290.70050477456414
8127,249.54209080858186
8128,281.8199863624865
8129,281.72593821796204
8130,276.23151845241983
8131,265.8064025579765
8132,278.5292099437678
8133,271.0105042516069
8134,273.48895854896375
8135,300.17176838226254
8136,261.8124108801136
8137,272.7529333516391
8138,237.2402540260489
8139,273.1085017056217
8140,241.47312568863643
8141,292.45375342414854
8142,278.25193830151204
8143,284.69181779254427
8144,276.26520676684777
8145,250.52075617689255
8146,261.92508553240907
8147,258.65294840559756
8148,305.5262351087554
8149,264.911714652032
8150,303.57923263422765
8151,258.528868227197
8152,249.1863991107314
8153,275.6310244651951
8154,260.008580441749
8155,306.8526579260175
8156,286.91009931667304
8157,242.1735547143468
8158,260.76960941821716
8159,296.713135334149
8160,270.213220582892
8161,287.6455831975644
8162,65.51159730842167
8163,282.82219212971523
8164,266.73300803120935
8165,239.4802386694287
8166,316.57910353843465
8167,73.58549150964342
8168,231.38701577878558
8169,243.4623388848925
8170,240.7298957238169
8171,244.09068356545566
8172,292.7977576513616
8173,266.2049487373099
8174,267.98992367441315
8175,311.7040061323325
8176,274.8298452281455
8177,314.6933247678155
8178,267.81704285309263
8179,280.17893061862765
8180,288.4291985291129
8181,266.14202117937214
8182,54.7207212804428
8183,291.389004875186
8184,236.53870473343173
8185,288.8407304144861
8186,250.48683669987082
8187,282.57679213034334
8188,268.346287050515
8189,294.1717187989035
8190,282.083805764384
8191,295.6637199318095
8192,258.0733328358714
8193,283.02350933198295
8194,271.7755123033352
8195,292.6815095424871
8196,279.4155578258135
8197,248.49075775421676
8198,254.19434508295222
8199,302.3145507330309
8200,315.6812261075628
8201,295.06858380834024
8202,291.57414053669726
8203,233.85611009182742
8204,77.24425406464795
8205,282.48496600221836
8206,310.99596245501897
8207,297.41274536066004
8208,312.31652894662795
8209,264.43692702250837
8210,262.5322975137824
8211,283.7796024499364
8212,281.8461964301455
8213,290.4788700821059
8214,305.5508014236344
8215,290.41816339296975
8216,281.6887280673938
8217,250.8519297391564
8218,277.75769076905095
8219,294.9172892515396
8220,274.63694577081833
8221,304.85020380474907
8222,308.46457357760113
8223,299.91608536949246
8224,310.9072463858293
8225,277.3013154666889
8226,287.4368034888769
8227,248.90126002253513
8228,293.2378689817838
8229,295.0390091676202
8230,239.06891543270638
8231,287.8210170224124
8232,242.39743723746207
8233,253.3677960544826
8234,265.7052641518638
8235,269.9607323502106
8236,234.3616043279683
8237,249.5384016916307
8238,297.721671644602
8239,254.84625775033004
8240,292.61315029026593
8241,68.6399831890167
8242,302.95421303432397
8243,281.4754929615508
8244,264.8319163774711
8245,288.3890051973142
8246,261.7695626686939
8247,253.47868075130646
8248,285.59674229763937
8249,289.9362982606697
8250,256.05782518550757
8251,291.899401878532
8252,257.94538949713456
8253,281.1106373480113
8254,317.2874170026671
8255,248.36023752269122
8256,284.92652219095817
8257,264.4550470912472
8258,283.18226405345206
8259,312.3021780544909
8260,297.552008620498
8261,260.38693868083715
8262,72.43999245358
8263,254.65073531656896
8264,287.5306493872886
8265,290.76015588746475
8266,264.5620373569108
8267,277.7208082919657
8268,266.4331066836309
8269,278.6508358293355
8270,246.46508714442447
8271,277.43819846724887
8272,311.9980397868931
8273,299.0601336885984
8274,270.0947193414849
8275,278.92564335714155
8276,254.07436757780917
8277,231.53940232418998
8278,288.9141903725704
8279,318.5496817724401
8280,274.4053075128634
8281,304.1289237755203
8282,288.6728173923324
8283,283.91474749714064
8284,299.1009987412124
8285,254.61728010237061
8286,287.2130211836959
8287,294.70851628108414
8288,301.3085171997092
8289,270.2864846159846
8290,262.7346365193216
8291,311.18605391813327
8292,280.19293334661467
8293,244.95740721117036
8294,259.1045557576215
8295,244.21005542127818
8296,296.1660592673375
8297,283.5332147955561
8298,283.3963167354426
8299,295.47290296120843
8300,314.75748333534045
8301,292.85065739493416
8302,301.82107421971335
8303,293.5948358190691
8304,302.50197511064084
8305,290.0837163132601
8306,275.961435346486
8307,309.92154860851986
8308,295.05366768223746
8309,265.6519012150703
8310,319.53271309602155
8311,26.67384530689239
8312,310.47016494286544
8313,297.05787709195886
8314,290.25625889958496
8315,254.88537594799084
8316,253.62822898276463
8317,287.2617820155283
8318,260.4899455582872
8319,285.4516395554027
8320,266.5466753204885
8321,271.1326136256429
8322,76.87425043151589
8323,297.3343729294654
8324,311.96521802997677
8325,291.85351273863745
8326,309.74138136374563
8327,258.49487497704763
8328,308.6465425534526
8329,269.9487786501811
8330,297.09420191768766
8331,237.67001355347438
8332,250.083190764453
8333,231.9101725920101
8334,286.0335332312132
8335,299.7414238626586
8336,275.9875408977707
8337,260.760087302682
8338,310.7153012953821
8339,287.9326941679992
8340,289.2074081496726
8341,300.56335332441284
8342,309.1181449107938
8343,287.82235343727723
8344,314.70932768158343
8345,309.506243284333
8346,40.60013470840039
8347,311.19034465124963
8348,270.34941045527006
8349,277.66686795021906
8350,273.51528289165174
8351,286.73645522974437
8352,305.1503543481956
8353,244.8913655131124
8354,273.2726764220025
8355,282.08219373703196
8356,313.31344236104155
8357,274.0020151661705
8358,289.02393432326915
8359,299.906413809691
8360,275.95626498830063
8361,300.9993445677019
8362,278.28585832934334
8363,270.3264445691584
8364,316.09292661395193
8365,256.284723010366
8366,313.58740717624505
8367,294.49284098624037
8368,240.04085218917746
8369,253.23284826055772
8370,282.6752651920018
8371,294.7984440892434
8372,285.1932370631233
8373,277.8448810055038
8374,265.3421276073812
8375,60.77091909650591
8376,277.0443009561111
8377,260.7412989735968
8378,302.9907098740247
8379,305.34443962165494
8380,278.36372050119775
8381,280.7290344963378
8382,283.4543019942414
8383,289.8225983983038
8384,278.5741110702173
8385,267.04707357265454
8386,276.2475571857161
8387,262.0549402954808
8388,263.6372889677949
8389,303.07462939228276
8390,298.58727412246293
8391,301.53318858036835
8392,237.4862471113787
8393,300.9629945529236
8394,292.3322056528176
8395,53.50285542575506
8396,274.95948894473185
8397,262.17957757553995
8398,48.30673425896819
8399,234.2642702064081
8400,258.96077109315735
8401,289.9600392004827
8402,266.2720958915691
8403,264.77293541997557
8404,254.09763231163822
8405,291.7700081143589
8406,236.90032405700356
8407,266.949679359255
8408,311.26304235183306
8409,273.95761637992086
8410,316.31527184104584
8411,243.01076888964894
8412,271.29828346256835
8413,70.6459123495568
8414,280.72579741497765
8415,259.67849862494506
8416,257.34858330864574
8417,71.89914315140302
8418,280.15844428351267
8419,223.67128847550987
8420,305.193310515239
8421,233.5027365927407
8422,295.402110706569
8423,305.2924861105025
8424,313.3618905945169
8425,308.33906068869396
8426,294.0945096865465
8427,283.4149757992218
8428,39.698990175107696
8429,286.4344080277372
8430,244.1730163155134
8431,296.07742791361164
8432,276.0255640116306
8433,283.34749988971026
8434,270.125017178577
8435,66.40374129121878
8436,283.52485835133837
8437,298.7850619531931
8438,272.7867920158501
8439,254.3441123088339
8440,281.09356982381445
8441,49.88399091506972
8442,244.10894913635912
8443,272.06118233814806
8444,75.80040651653556
8445,236.40315789005797
8446,67.71725007198697
8447,278.5512930191302
8448,258.02339638302715
8449,239.16520868852362
8450,-22.626965432690113
8451,260.1494362287988
8452,265.68550931504734
8453,-73.01849079096584
8454,268.8069913420384
8455,233.04604670981809
8456,277.2132543042027
8457,50.32524794077153
8458,289.4910454507236
8459,280.21734344010304
8460,261.4221230278452
8461,235.625037804269
8462,239.27865398672603
8463,273.0009964554505
8464,289.3787246817253
8465,249.72388992624974
8466,262.5614909837543
8467,284.50763455234824
8468,302.79693517357066
8469,278.52483395655906
8470,271.5952593085017
8471,277.3444915625272
8472,72.25118504326548
8473,238.94270215722605
8474,245.7676928954005
8475,300.6497987670682
8476,269.93837453474737
8477,262.21683211663037
8478,312.89132785112355
8479,294.8460412711464
8480,285.4295209239326
8481,275.2375232316896
8482,268.0310096098524
8483,254.99173703990593
8484,292.7802514481367
8485,259.1572470959626
8486,260.10379122891936
8487,282.07888042923133
8488,300.9626592511935
8489,249.47273488258315
8490,285.32704147870436
8491,303.37049701711237
8492,279.26268534866205
8493,259.5432336403931
8494,297.91909435304615
8495,288.04532480559715
8496,256.9407724385944
8497,287.941706451887
8498,288.7817467165137
8499,282.30988075838195
8500,264.70155834853745
8501,287.09956402046026
8502,308.68680696925514
8503,292.5173558426994
8504,284.13867599156754
8505,254.47191630878424
8506,303.75039264781856
8507,246.59306725398773
8508,252.67280391137194
8509,49.30569258859845
8510,244.18417253384905
8511,288.17568901276024
8512,299.3406002322846
8513,235.05032459782657
8514,248.572473260736
8515,270.5331446307954
8516,294.5328272907726
8517,271.9164486034242
8518,246.50066185127454
8519,281.684811040435
8520,275.9671365619812
8521,279.7085434811207
8522,265.6677746349439
8523,275.3986223779352
8524,318.8615695637949
8525,269.82077263834145
8526,51.77596314460433
8527,274.172927026431
8528,247.30323090856618
8529,249.79234460246053
8530,249.69633913628184
8531,232.5439569746394
8532,237.2962891999204
8533,283.7013291691516
8534,254.70591772157482
8535,281.9401656427478
8536,277.38849527539656
8537,289.1130180207465
8538,278.6642475693028
8539,71.45225064352312
8540,250.45126761072683
8541,293.43436572483915
8542,128.34993259073235
8543,303.6352503212297
8544,283.8826944920512
8545,273.97222114387523
8546,310.47766467743145
8547,296.49324512281635
8548,260.16035166582924
8549,268.24832497834666
8550,298.41503187303033
8551,283.3466119223481
8552,279.3285080767141
8553,311.5473108454851
8554,242.69331771649394
8555,286.9535370898786
8556,230.30200748525965
8557,244.47568213240493
8558,252.27321621476972
8559,262.9716889860003
8560,308.31809829248414
8561,49.67199230395096
8562,230.97222410918178
8563,256.3280866493584
8564,274.382864190091
8565,279.7431315437107
8566,59.88558205278753
8567,306.5266141741374
8568,295.49430859057287
8569,262.2701523980942
8570,279.5734775334081
8571,299.42287575925127
8572,318.1800997666128
8573,262.69784245059583
8574,276.6876824751678
8575,282.2736358249127
8576,256.458303417737
8577,267.1895025267421
8578,266.12279450641233
8579,271.07929110521775
8580,272.5349076775382
8581,263.8790254873388
8582,236.11612378309425
8583,303.4539072159354
8584,307.08247467592946
8585,240.41812600701414
8586,282.6702685380732
8587,274.79021916749593
8588,247.6829863347347
8589,269.57434453265904
8590,237.40140129933033
8591,255.20105276876856
8592,239.66084178200865
8593,294.6417431179464
8594,265.95711211402977
8595,249.45640059552005
8596,279.798662926014
8597,294.5710913458954
8598,269.8818513711784
8599,268.1499501796487
8600,252.70082482604775
8601,277.9628844563473
8602,285.26714959363505
8603,57.907030594671255
8604,265.5544440328045
8605,249.95141062507287
8606,269.1498270670983
8607,291.61374263545235
8608,276.3796629925141
8609,297.8137801359122
8610,260.90448639153067
8611,281.9973750845499
8612,285.66359672437386
8613,252.6377092994729
8614,292.9420370120099
8615,290.7893318432055
8616,249.94132072843638
8617,266.4545506532615
8618,251.58309592050153
8619,274.45633706543686
8620,249.1397584978987
8621,257.7713866000375
8622,294.66814821747164
8623,248.80770917367423
8624,280.0945373675977
8625,305.2711974103385
8626,38.64082381626292
8627,263.60791237801544
8628,302.439783445186
8629,254.9125533516771
8630,48.41308371403241
8631,275.346341986902
8632,287.6392294590573
8633,292.7257106574107
8634,295.00036652604433
8635,253.0264292143471
8636,273.51894810857993
8637,262.50832538440164
8638,258.48013356436945
8639,283.0677068622075
8640,273.54179915595637
8641,271.3208634783168
8642,299.00921884067213
8643,303.26741543473236
8644,298.0271232837075
8645,279.7625995848453
8646,308.7881782919812
8647,267.0191462172748
8648,66.99256136715033
8649,267.59264362830265
8650,292.5429664714694
8651,38.50261330077916
8652,282.17919816893345
8653,296.42260638292544
8654,255.70244864635404
8655,278.6308611530716
8656,269.9341217377161
8657,274.8762358491683
8658,274.6532289274208
8659,300.31958631609535
8660,307.96299385278525
8661,255.57728932662408
8662,307.8880502554048
8663,282.4494152316943
8664,301.39670703669225
8665,273.4805248698573
8666,262.62195181368725
8667,236.20336877922117
8668,53.900781682983336
8669,307.20013692187354
8670,244.30005452843335
8671,262.83970580502944
8672,42.94675569299733
8673,280.70572122619376
8674,265.59452115387774
8675,283.3509070881714
8676,293.76699811786784
8677,303.39259785311117
8678,316.1004185905309
8679,315.1162093179039
8680,275.40126230141266
8681,287.5839831190164
8682,308.99067599800475
8683,277.69999626258186
8684,276.1204321281249
8685,51.06051895031803
8686,282.9853454181931
8687,38.34174775196746
8688,276.24898572996534
8689,305.64148658056536
8690,277.00121403065907
8691,264.4289607983456
8692,247.02319309019924
8693,281.1460227029001
8694,59.33855509742213
8695,254.19930208279374
8696,280.6722585166506
8697,275.2642197138812
8698,261.6440872552989
8699,287.806565228737
8700,295.96969192868505
8701,289.538300371474
8702,278.74863729358435
8703,239.21355929668266
8704,237.27835937595154
8705,43.409814137497904
8706,285.4576364615512
8707,53.41348152077626
8708,289.4704617166482
8709,284.21205065701236
8710,304.280468129035
8711,290.67145489140285
8712,310.16491126342015
8713,263.212653325196
8714,244.51132902796502
8715,313.98707434589056
8716,311.2393736038514
8717,43.332092041130124
8718,43.880480801544024
8719,286.06552412153803
8720,54.62804548635654
8721,54.27844943239893
8722,249.9121090736101
8723,33.96317171080395
8724,284.25077744473043
8725,52.31703848191441
8726,254.8567423828232
8727,277.38410079835865
8728,275.1330787431435
8729,53.141210379863395
8730,285.4953714733804
8731,58.395464400034626
8732,299.36122915034946
8733,29.920449720768374
8734,37.63603228976535
8735,305.2063862034347
8736,292.94242894694
8737,303.51216770641065
8738,304.25524945417277
8739,270.7984990670866
8740,56.92528361274984
8741,278.54901236534636
8742,58.239837893741424
8743,41.31847116385569
8744,46.526241023654194
8745,279.39555054207705
8746,53.15605652362245
8747,278.80188517408203
8748,299.4878816373792
8749,58.451086459779475
8750,309.2405321173929
8751,58.438193726728116
8752,56.24626204580366
8753,277.863223158235
8754,295.21554043034246
8755,56.88263649230595
8756,60.29998138266953
8757,56.28580613316066
8758,251.4227728394817
8759,280.6956197112588
8760,60.065573460599325
8761,59.41954587764644
8762,276.48724088777345
8763,1.2602539455152737
8764,259.74513168981
8765,267.7716619221758
8766,320.3866758755786
8767,17.225028720917308
8768,307.8436291260332
8769,257.612949471183
8770,38.97438400197413
8771,36.53392391230631
8772,270.20819187288953
8773,309.8513399062796
8774,281.23439772310223
8775,282.84917291476063
8776,328.7583327075349
8777,57.56003285173688
8778,23.911185910684708
8779,33.224490311297416
8780,246.94867281200843
8781,283.47507996006664
8782,233.45464460551676
8783,298.3354524699055
8784,18.71738129649519
8785,315.1302046838
8786,56.99090949814092
8787,310.0989594803783
8788,49.88606738944182
8789,41.81261682870334
8790,54.24904423502804
8791,56.535590680333286
8792,280.83053356283386
8793,288.87600033420006
8794,298.23477593819666
8795,296.77120010233887
8796,54.5431913320044
8797,281.98204768419134
8798,302.0486890134781
8799,53.1959730430722
8800,266.1736116215328
8801,302.40370528198343
8802,-4.827948659870927
8803,65.33218127031355
8804,64.12441308350483
8805,273.03969491659785
8806,305.21606858286583
8807,306.2240122636471
8808,271.1400399944429
8809,279.09367495653544
8810,46.02636076937068
8811,26.256691603709783
8812,276.93419119134785
8813,57.375179863099135
8814,295.5085915985105
8815,43.53745630835715
8816,30.91610288782948
8817,53.220229772682615
8818,19.931217417390783
8819,252.98216894213306
8820,37.959211619621726
8821,57.50772168364753
8822,12.812290541723911
8823,31.377846485240298
8824,264.3387990506121
8825,280.8879085254697
8826,52.32403103446771
8827,282.07848071822815
8828,262.74550608137787
8829,54.512717389541024
8830,37.11083669420324
8831,235.62634116664825
8832,272.6768902937953
8833,256.18311510997523
8834,63.401435371345315
8835,307.97195039368586
8836,56.64086037602593
8837,25.62875008917443
8838,57.82007239245772
8839,57.67227187526811
8840,79.09362448681037
8841,41.17928846248668
8842,282.4403544509596
8843,286.26164237303425
8844,291.13564684971914
8845,36.04186618633722
8846,36.926679595659635
8847,261.74191937187845
8848,281.7089886920003
8849,62.010473856199155
8850,291.95466910597145
8851,51.37464839060158
8852,265.4994621256366
8853,281.987264956244
8854,64.21278849328979
8855,303.46078925780586
8856,268.33255369131655
8857,274.7563080703221
8858,303.4478012998753
8859,277.5966412183898
8860,60.52583543736853
8861,260.8780726495942
8862,279.51989174545406
8863,7.899842531990245
8864,293.95564025982753
8865,244.32998646193494
8866,281.35778019364466
8867,49.97528661418295
8868,39.41357498964621
8869,41.13615855833922
8870,274.21295105176694
8871,271.77695279969754
8872,270.98386626271605
8873,282.0920680681779
8874,301.0485242090292
8875,253.06338100834324
8876,308.6277552741838
8877,265.1373517549005
8878,259.94425218954143
8879,66.14455212771495
8880,261.9996017972817
8881,258.7815789174848
8882,245.82688331028936
8883,272.5031855519833
8884,21.014531763780397
8885,308.5234201293706
8886,265.25324754879296
8887,47.66101772294968
8888,285.2040528658974
8889,284.2120338240954
8890,42.792449719050126
8891,12.314743267831574
8892,312.9657515973941
8893,294.94228751417137
8894,284.69209878792185
8895,286.5246328583401
8896,262.6502826726967
8897,291.2800143435288
8898,290.08868545316676
8899,305.85665682190336
8900,296.4890225111762
8901,47.476188194722624
8902,281.20143213891254
8903,68.64640105185327
8904,290.98810964233763
8905,264.41411571929336
8906,55.051097762979765
8907,45.66478707103346
8908,70.37800607947898
8909,266.18368836996655
8910,21.55968566025416
8911,293.038722491458
8912,60.89830167726387
8913,57.707816422267854
8914,39.24078932044364
8915,59.30485836115841
8916,243.58472540410773
8917,283.42992305937594
8918,290.4826810683645
8919,276.37554574293347
8920,298.31015596953205
8921,294.13600912047497
8922,266.6621113681849
8923,69.61287614351687
8924,47.592881491497764
8925,254.40214285883044
8926,290.49457824306376
8927,262.56652080808306
8928,265.10121887262676
8929,275.3705704972722
8930,273.41285284308395
8931,291.4590287342894
8932,299.0407898792572
8933,276.22953187068873
8934,29.657641210017943
8935,255.2330496578934
8936,266.79359822445093
8937,297.3343987519103
8938,280.45635392989345
8939,292.3156097813705
8940,269.8589050956701
8941,313.66439664585124
8942,284.86901133720744
8943,262.7602096629088
8944,64.10065895095917
8945,274.26293073752544
8946,302.8055393715383
8947,254.4281092321409
8948,272.6297860364019
8949,273.6659297713983
8950,261.4783799962313
8951,295.583295294083
8952,299.73594995275613
8953,47.00718179709571
8954,293.4850525109704
8955,259.68167966452324
8956,296.3510367297439
8957,51.9998205037607
8958,297.3027097738875
8959,297.86822446174733
8960,292.0991894950688
8961,250.69919055408067
8962,291.8066014923654
8963,52.25371819791593
8964,287.084328048772
8965,69.08906780507516
8966,262.1973600399664
8967,288.4071697136844
8968,302.71186763461344
8969,281.0686183394637
8970,291.5361280880092
8971,71.66168573509518
8972,258.83324854975285
8973,275.13349024224505
8974,77.07379658746143
8975,283.08486763764336
8976,242.86254523159778
8977,292.7596242557895
8978,286.74885321332226
8979,51.73796301272603
8980,273.57051161169164
8981,271.212778694182
8982,283.7889951760304
8983,271.1880837507346
8984,300.75540555148325
8985,256.4673840141793
8986,284.866981952946
8987,273.585093304977
8988,271.93473253888976
8989,59.650390614311505
8990,261.1039063353598
8991,300.9382045118657
8992,307.015383209284
8993,282.1948621849299
8994,296.682810337669
8995,284.38707844533945
8996,259.30752492062595
8997,275.80434102131534
8998,276.73117620253333
8999,260.0479726937991
9000,2.2229967794099252
9001,298.0206973292751
9002,313.10266296585723
9003,55.73108217005952
9004,281.18081331544295
9005,264.8621004845771
9006,288.88297273326214
9007,296.6090355799245
9008,275.30275099577625
9009,248.1488839313511
9010,295.57656041988696
9011,253.94069573841756
9012,288.69255981781555
9013,288.9058761409693
9014,291.73572881430164
9015,301.90950442718787
9016,316.5506356042131
9017,304.4976463949419
9018,274.3045656569333
9019,261.6889963507512
9020,45.30081972329509
9021,66.51725681726765
9022,258.70394436192055
9023,282.65270628901425
9024,266.83313866564083
9025,239.2591366952871
9026,300.41498411403217
9027,289.7745361862361
9028,271.4312250036113
9029,63.9773925946877
9030,275.5106835468961
9031,39.598648720674504
9032,309.0660799872489
9033,300.1444329524905
9034,295.6021764739884
9035,286.28100351491616
9036,28.145816538856025
9037,258.23922210678177
9038,294.00505001515654
9039,290.1877123355574
9040,258.96032037738604
9041,66.85439980599327
9042,290.6847579610088
9043,289.32359815630514
9044,290.91263295130483
9045,302.00648988083674
9046,45.6260672096945
9047,290.15763127547507
9048,255.53462814278302
9049,285.8822895318217
9050,282.79447413069823
9051,275.6969136972856
9052,285.28045590393424
9053,251.75299477837692
9054,286.52042966080023
9055,286.0272156577956
9056,318.2546163555646
9057,301.7590914346283
9058,61.402071572703335
9059,246.13076549059258
9060,281.02592634157554
9061,282.0192612969323
9062,265.834213380491
9063,258.78782785666965
9064,269.1266939667005
9065,309.6783150576544
9066,266.8239985765099
9067,277.28308543173017
9068,263.25986460719696
9069,272.3506788494626
9070,74.64297579397976
9071,292.50782388618944
9072,280.5389096826866
9073,294.3080667015376
9074,250.43677909774442
9075,277.32034107876217
9076,278.13824090363505
9077,268.09442631492414
9078,283.37960234357115
9079,53.88993654677353
9080,256.6085035378626
9081,286.65930839410305
9082,310.401610258579
9083,268.5377833874577
9084,268.8125292180754
9085,263.2956796508396
9086,82.32670076892461
9087,265.95037950865293
9088,287.22354223623734
9089,299.9189279750089
9090,312.46649693863185
9091,279.1629172109569
9092,264.6939510904854
9093,296.9592216401442
9094,51.117114618364525
9095,271.905493400624
9096,246.61478875664633
9097,213.5979081662871
9098,284.78020922503174
9099,297.36509031763876
9100,226.04422189535794
9101,285.2159109021849
9102,276.48365195020443
9103,280.7219270790805
9104,286.8878424523451
9105,280.06504733007705
9106,277.3107992541428
9107,264.3229018458574
9108,278.722282211898
9109,65.03425000706804
9110,244.4785772342889
9111,256.1130914113795
9112,283.49605774994393
9113,262.7959732871982
9114,295.3020751663802
9115,286.165341996827
9116,287.0426028307247
9117,280.55196709466867
9118,296.92172896148395
9119,279.35963713865465
9120,283.80635744292397
9121,269.48650327580947
9122,33.42657776544368
9123,258.6137084076024
9124,293.3737284745715
9125,247.28494302557905
9126,282.97280733794287
9127,236.3276958700289
9128,246.3929272255599
9129,68.8457491287759
9130,230.6396619487498
9131,300.4146851460807
9132,281.2180985852085
9133,12.721090707974696
9134,280.57039486496217
9135,287.1590591290167
9136,283.77379175707404
9137,290.43425876889404
9138,296.80578587146147
9139,321.1302889213209
9140,283.7863625960614
9141,273.5720505323834
9142,302.2022036114156
9143,259.57592225588036
9144,257.23466322908075
9145,253.71974960729617
9146,268.381958695598
9147,292.6234432160195
9148,277.73681243606444
9149,281.5913355830097
9150,261.2126269002596
9151,293.7486917484443
9152,295.0364476242066
9153,292.22838765200504
9154,268.6990483895519
9155,288.1635285245014
9156,296.5435740947822
9157,272.83565236786376
9158,258.99094122162217
9159,256.16063756363417
9160,278.5978070765906
9161,243.00479133263602
9162,44.518239779554335
9163,55.69633114910803
9164,314.3117333579052
9165,285.9077946161009
9166,294.4459684342231
9167,293.57973587771164
9168,291.9871328112665
9169,276.5443702955715
9170,277.6703859074725
9171,285.55218731532716
9172,285.68621392832733
9173,303.44541735270354
9174,285.226736254068
9175,305.90398946201356
9176,305.67515664363117
9177,264.4101237658657
9178,265.20682106291883
9179,267.39657473111595
9180,283.4652181660517
9181,44.177443698294184
9182,304.78263483177847
9183,249.51293245107354
9184,298.3410388559764
9185,300.88781982745866
9186,286.2808662005842
9187,254.31039148986153
9188,284.07163965801817
9189,278.64296712906673
9190,293.94081322140096
9191,273.16303851516534
9192,251.86691060393616
9193,251.26361875732536
9194,254.24763847511156
9195,277.14748008515267
9196,284.7315127766025
9197,290.9301582370413
9198,247.71222173166908
9199,280.13621338272696
9200,315.1763662448098
9201,281.6997552854691
9202,268.8611818445339
9203,304.39161854005306
9204,236.5409726680519
9205,24.92381901950013
9206,259.40713903521964
9207,290.2487058635671
9208,293.79772110132467
9209,269.84375462774636
9210,283.8424395942401
9211,270.20975682709553
9212,283.9486185909745
9213,301.44515498287967
9214,252.63112860343085
9215,253.0678206477229
9216,302.5352994319224
9217,285.2689684881557
9218,304.2273714967055
9219,238.30709578634867
9220,42.77579040403651
9221,23.605888768956063
9222,40.80990100356172
9223,287.5888341475526
9224,287.2749318296664
9225,43.041948500989605
9226,290.47012701976826
9227,286.6490060110006
9228,255.87592573934663
9229,270.85862020390454
9230,294.29044876836235
9231,316.68110267694107
9232,277.5635573856738
9233,257.0983671039835
9234,48.56543160849628
9235,278.580528571219
9236,258.84049881980025
9237,319.03139860901365
9238,294.74215748877873
9239,293.46665616338555
9240,286.08259603614897
9241,268.53027655541484
9242,274.0236094937835
9243,292.93682774923326
9244,300.5366017494407
9245,299.8334157710489
9246,286.5132407461009
9247,308.56314568270363
9248,53.03428740663844
9249,305.26407567011955
9250,250.7033305788011
9251,274.0942160574407
9252,264.20131699126443
9253,291.293021266737
9254,291.98090756643046
9255,272.52467615705575
9256,298.4287943586546
9257,304.37078444201506
9258,290.1052103968559
9259,278.8805753399583
9260,286.40356086138956
9261,263.2908911823811
9262,248.64282639822878
9263,279.0728867968515
9264,285.9395139955801
9265,280.4636034983817
9266,290.88230617785507
9267,254.14200376924418
9268,297.69271170527907
9269,270.9534640600196
9270,271.469167656521
9271,266.9584013609999
9272,61.636446118809005
9273,261.1665878371184
9274,277.9625837633473
9275,298.7706436426911
9276,268.3820928996664
9277,283.62780227671533
9278,288.9840007593069
9279,278.71019066248596
9280,266.0668702574693
9281,314.1109216793378
9282,294.04918484117405
9283,51.77162685717681
9284,267.13945477973516
9285,276.550398964622
9286,264.9943998793683
9287,291.28550017441376
9288,304.47156102339864
9289,311.6518605722408
9290,252.80884053284603
9291,258.38703327823566
9292,299.75582973683765
9293,238.10273919661694
9294,302.2701107142451
9295,257.6045638560357
9296,266.61356001001076
9297,279.5066067333952
9298,282.85294124075057
9299,244.7573660806908
9300,289.653674311769
9301,266.7194130340598
9302,296.30672016523636
9303,288.6073699423581
9304,260.0140969695332
9305,293.794305657629
9306,302.976256548764
9307,249.8223310896483
9308,298.5275049155081
9309,270.5656991567706
9310,306.71510854812186
9311,278.32954821122115
9312,262.1952492516374
9313,43.23794661627346
9314,297.5102526683496
9315,238.58736367958673
9316,246.29459880191888
9317,295.1117312612665
9318,295.0456408499336
9319,287.7868773826424
9320,259.2286229699289
9321,76.24648218378064
9322,301.01065240885123
9323,287.1752122029784
9324,22.40119691292223
9325,285.80384616689685
9326,256.50137921384
9327,65.97173974852572
9328,64.12281262233347
9329,254.37699690623947
9330,240.77368261094946
9331,288.6258737743244
9332,297.04706731587055
9333,261.67331031883464
9334,288.8604978775884
9335,282.47332544012926
9336,303.0492663131056
9337,308.07745080971864
9338,277.2303759495669
9339,298.64088492036814
9340,65.11313163686074
9341,253.21140068874442
9342,238.48087955281704
9343,297.08286283193195
9344,266.4176734240039
9345,292.2051031899383
9346,266.8900660107799
9347,256.1319724303738
9348,208.86118396371018
9349,287.40112866821977
9350,55.924769521733936
9351,44.428357205883685
9352,265.510332573616
9353,282.1746726515629
9354,66.12120517451237
9355,25.350782768159462
9356,308.7557169468521
9357,44.6103590826157
9358,257.89373087465276
9359,49.92061169895226
9360,274.6615893417927
9361,291.7832335742077
9362,281.5911462342077
9363,316.4109420669988
9364,296.7439020938476
9365,257.0837175723834
9366,57.45483677949039
9367,270.1956528621016
9368,275.59827857375785
9369,273.7006522578131
9370,295.7273700781891
9371,305.6141928235781
9372,249.58868388386617
9373,253.24125950760057
9374,20.3685967103295
9375,299.1393966481625
9376,265.9506687896092
9377,292.9151228981459
9378,279.80915355553685
9379,280.5555447132555
9380,283.28113671245393
9381,240.31797136777595
9382,279.68964973339456
9383,48.94432739931901
9384,284.8295071628245
9385,271.94164694768654
9386,237.61489804564454
9387,282.52217746174625
9388,281.59276541274494
9389,237.31117547949455
9390,242.30058321527804
9391,288.2359969315636
9392,315.98007378260723
9393,272.96521186970364
9394,278.4891163871397
9395,279.66919220346966
9396,300.13528514785537
9397,271.70338259244767
9398,240.2624404746332
9399,289.24530705746633
9400,238.45826781182836
9401,309.1819836969087
9402,254.68961991218168
9403,274.14386446129157
9404,256.5325290070527
9405,53.57061872242059
9406,277.84237699333926
9407,279.34333988672597
9408,37.12055914748069
9409,292.8019712220322
9410,288.2491912430782
9411,279.92621963367174
9412,274.3267757156485
9413,270.22828800015157
9414,318.93084427488463
9415,274.76580909072504
9416,250.5219657687052
9417,308.16685995448324
9418,283.76672601631606
9419,230.7341442197035
9420,258.0373586611304
9421,312.6397330921632
9422,281.51505175928503
9423,243.3834735927703
9424,305.62118602035605
9425,237.7496198440872
9426,258.6098885501216
9427,263.3986436447484
9428,283.2613379470906
9429,290.38461628473897
9430,259.7532785939617
9431,238.52023191355758
9432,281.81601593785535
9433,283.10642807364314
9434,290.31717619294295
9435,288.7446609416147
9436,278.29941253307027
9437,264.04474507973896
9438,270.7554538013721
9439,236.04336501421423
9440,38.59571255145127
9441,263.95675102638813
9442,282.07239748081327
9443,263.5538741382678
9444,302.8255827863794
9445,275.1503398854089
9446,284.60765017693666
9447,299.91795318278594
9448,286.54005729904384
9449,18.463541990452313
9450,277.70050538121853
9451,288.40876560919895
9452,232.3667699217238
9453,272.2980970100002
9454,292.43902144115464
9455,280.7378153852703
9456,255.59142494873024
9457,67.14337186088974
9458,253.3224400904321
9459,58.164041737820895
9460,284.8644934676355
9461,267.4205567987619
9462,292.99012426925987
9463,279.42987080394096
9464,275.38483980624676
9465,289.66046217963174
9466,245.31655096950436
9467,271.99034738091495
9468,277.8438059270295
9469,248.8525433295514
9470,306.66781922440657
9471,67.23037438435856
9472,289.8756865722545
9473,275.6721766403393
9474,290.3875510326606
9475,268.94187207523163
9476,272.065887906362
9477,292.88189387405475
9478,256.7702221915919
9479,252.36099551129448
9480,28.87955580341969
9481,232.13503575880418
9482,276.7570314105807
9483,291.7528192065094
9484,226.46355555636808
9485,267.2330595599232
9486,308.6925242972438
9487,295.66377461093145
9488,252.8574649698363
9489,264.1941686339451
9490,298.19378836433594
9491,278.79029383038494
9492,181.07869120706604
9493,253.1263520655899
9494,242.02619363948457
9495,250.57705549136247
9496,263.711915531306
9497,300.47406530272514
9498,297.06053605238196
9499,302.38603209266574
9500,289.6194873192833
9501,270.66512583738455
9502,246.8532348276688
9503,268.786698114815
9504,255.24092841643244
9505,262.1179006059036
9506,298.35914863700236
9507,267.7355775345517
9508,253.10402097091315
9509,317.68076050910645
9510,271.2335576514504
9511,314.3006510427758
9512,249.30615760877367
9513,254.8551363174464
9514,287.2281545763434
9515,224.25101130273362
9516,266.7132771238826
9517,242.61011290534645
9518,274.50379811614147
9519,267.1924222915453
9520,288.35570231904217
9521,290.07122762156257
9522,283.35467093045827
9523,290.63667579713683
9524,210.96922265571078
9525,285.2337690062584
9526,36.01499635347335
9527,313.4147002169237
9528,284.9477051856666
9529,299.50154950018793
9530,310.47264948024497
9531,303.63043134263427
9532,263.40599813416475
9533,250.82881518139044
9534,239.06824481038714
9535,257.0521859037501
9536,301.82922566178536
9537,64.39811633788005
9538,243.87969177486482
9539,263.1763593307878
9540,250.5164636083362
9541,234.86605649512148
9542,232.36777520712195
9543,246.9680866366636
9544,287.95789997311704
9545,288.77995743640156
9546,247.6435112610809
9547,283.34820062649817
9548,274.5803480077135
9549,286.763360706848
9550,262.1826301869004
9551,288.3615522052263
9552,247.7856637204927
9553,251.5513848018859
9554,307.6253706818193
9555,290.74354830738537
9556,295.6975770495425
9557,289.641391890984
9558,269.8857548358168
9559,321.9456475297673
9560,307.5313924369374
9561,274.99548879537406
9562,275.4686047114732
9563,283.7458474294863
9564,294.1405748193222
9565,216.58230438862967
9566,308.3918020318806
9567,267.22052259670204
9568,294.87313375012917
9569,274.5445352726441
9570,280.8639945123447
9571,256.37649866788854
9572,282.597246531419
9573,308.25406768082087
9574,283.33855631404606
9575,293.23671184836854
9576,303.37737520079565
9577,285.49179799993544
9578,296.6556107011652
9579,286.04244582428095
9580,298.11095073803403
9581,265.2618545026458
9582,264.53170393272705
9583,268.33292191696836
9584,287.7818043919784
9585,291.96712028759293
9586,276.0567527908829
9587,260.55555853100816
9588,283.8378180183278
9589,228.75418095578164
9590,303.71496501855404
9591,242.29394198689758
9592,291.7175253329832
9593,287.5310729684192
9594,293.9625455267219
9595,282.9474874543056
9596,297.3186249209392
9597,259.7724539721685
9598,55.75020419729768
9599,281.1744072511672
9600,268.7608093355085
9601,264.7044843842667
9602,248.27441276241666
9603,298.87492677281136
9604,281.57874068192103
9605,70.99883093114082
9606,293.6078749696096
9607,78.4104600914369
9608,284.9958628673504
9609,273.70102566328535
9610,282.61704668830805
9611,256.0280368568607
9612,267.4145271515388
9613,240.820559273429
9614,290.7287834727513
9615,298.98958776147845
9616,322.51037806783074
9617,248.23742078015323
9618,279.0773925836747
9619,249.470099254114
9620,277.64801760092115
9621,244.73540277628487
9622,64.9276495648405
9623,275.95361710112485
9624,237.53040104571576
9625,297.3463363766764
9626,266.91679475314606
9627,259.16006522108387
9628,265.017954313731
9629,66.93314075800913
9630,305.9801729013188
9631,278.2351056616785
9632,287.4683577977869
9633,259.15126455755916
9634,78.31447436986309
9635,274.2437365069552
9636,72.59880500486423
9637,58.07442464865278
9638,286.6457504320218
9639,289.5430565873179
9640,281.95397698869317
9641,67.25150348246368
9642,283.0436655517439
9643,-61.457920164080434
9644,297.2443059561332
9645,303.13030365731186
9646,285.18650886283365
9647,-74.08295039183318
9648,299.241613379412
9649,259.4791545274172
9650,277.71277131406794
9651,51.34175431188527
9652,296.9382560074173
9653,318.40683939010773
9654,19.797993390140405
9655,280.3712042540544
9656,265.4963900773584
9657,78.84350728939143
9658,299.7825923771998
9659,297.47023642486033
9660,258.7250197834275
9661,288.01474608008147
9662,277.6039682484853
9663,268.5149873474543
9664,259.24502776483416
9665,282.2000674093045
9666,296.84761478480993
9667,307.22742644474033
9668,310.49377830889034
9669,310.14560773756443
9670,265.14057265065105
9671,303.5709550658629
9672,238.10234830188384
9673,266.66629855304643
9674,250.8825108605958
9675,245.13603342329537
9676,302.03114217121475
9677,283.27222458852276
9678,271.60264146020637
9679,70.27384282695814
9680,249.5531897872439
9681,284.94336466543496
9682,259.0698056674423
9683,257.2391106828749
9684,308.0629494839667
9685,279.7246767454096
9686,246.07878326456466
9687,283.86150368022436
9688,275.3052435210632
9689,254.47694126125268
9690,-6.522790706091584
9691,281.31367972335534
9692,301.68022025083735
9693,262.7990920033775
9694,51.99373926325623
9695,291.97585787681595
9696,252.29960712155915
9697,252.19295679038535
9698,266.7354792955786
9699,45.98879402538691
9700,289.8363136327308
9701,275.0981626298246
9702,271.67336793546724
9703,74.783251844423
9704,251.69832991732918
9705,299.1048258030872
9706,288.7729836489382
9707,300.45348410449094
9708,280.3631868887209
9709,314.6734674513417
9710,67.3799445223485
9711,282.35763385635113
9712,295.7577913218702
9713,276.7099137466904
9714,258.14698007852394
9715,268.0737752087837
9716,258.2121688283627
9717,-60.4804901232015
9718,67.85465352519302
9719,23.663030077254163
9720,302.7375630864491
9721,82.66632428753638
9722,260.4547832275473
9723,265.75381015599714
9724,273.0237603838427
9725,292.2624833166103
9726,300.9649291423714
9727,295.321099959105
9728,253.60738577465966
9729,59.386888211528316
9730,310.6750078689464
9731,273.09883021713335
9732,51.5669052869836
9733,264.67347928399295
9734,293.86214723036414
9735,66.49390217160223
9736,298.5687968918758
9737,269.6197955403555
9738,266.4522015170352
9739,281.4312681714372
9740,261.2502610389047
9741,237.17217342986658
9742,50.365096669183316
9743,303.84385129119386
9744,296.300117571336
9745,292.2968679159527
9746,252.06129033248232
9747,286.22714162744796
9748,278.224920234386
9749,302.42058403101726
9750,313.5087499410409
9751,269.19092884900294
9752,255.58893528676222
9753,304.6427591213967
9754,258.3956620450291
9755,272.66194297641914
9756,279.8342436841084
9757,305.09159394584947
9758,304.183424810937
9759,262.9505132119135
9760,298.09526392872476
9761,291.211919399972
9762,241.65938184817287
9763,300.0696323339951
9764,265.78348836664065
9765,267.9530918219599
9766,248.73864356214187
9767,276.4658779517913
9768,72.48845953946454
9769,246.73681960287485
9770,84.97292343327086
9771,255.66032617840915
9772,269.41077160018426
9773,258.98226680253697
9774,63.14925109013109
9775,249.37804361562402
9776,30.80632155246778
9777,254.159146347677
9778,250.99166763277998
9779,35.24089682255689
9780,259.23425339367583
9781,251.13407401532555
9782,296.92627130470015
9783,69.05302252229174
9784,264.1776943980532
9785,300.7608088936763
9786,267.8210374175886
9787,48.4880478124974
9788,271.6488495093003
9789,260.2506715738932
9790,285.71444467961254
9791,267.6988023393725
9792,315.2127247854975
9793,289.7839979020542
9794,10.213680300116138
9795,274.7937290304509
9796,247.77182239483614
9797,59.17911892476562
9798,270.8797548615579
9799,275.5511203617678
9800,48.57994538860714
9801,251.23169013727448
9802,81.48884223062055
9803,299.6903555532923
9804,286.78462308966573
9805,248.91740502787755
9806,260.8053036188178
9807,285.58672113816226
9808,279.30073428220703
9809,252.80285166775226
9810,60.42059259390382
9811,268.43868097548716
9812,291.8622459433788
9813,275.4927689327649
9814,-713.5914034335411
9815,280.9453011939198
9816,312.15843565759553
9817,240.81636471217047
9818,289.9042228862444
9819,269.79140848001396
9820,301.1588645179047
9821,248.53258336775315
9822,270.6931244391468
9823,252.98532942716065
9824,299.82893279835287
9825,295.1910943332923
9826,9.812969910332399
9827,265.11049424424226
9828,261.5070874635167
9829,265.79501388617126
9830,15.147244136364634
9831,271.68223852296353
9832,263.20789072190473
9833,275.62867215720667
9834,228.70018808014092
9835,44.21983286567689
9836,240.56689634415622
9837,250.33369217337284
9838,283.120552852899
9839,280.75497788562166
9840,290.8964664604691
9841,43.935074804124696
9842,296.81366931577793
9843,252.00434349146423
9844,218.03706967841032
9845,38.48757545442888
9846,58.40374305840899
9847,278.34133829897735
9848,37.08266847826596
9849,280.4248147542665
9850,36.80787060326557
9851,286.43428071681353
9852,279.7566788971035
9853,51.301211630140415
9854,74.41712304027433
9855,282.536830282435
9856,254.21321292807121
9857,289.33338330324483
9858,253.04929892648613
9859,296.51425109526986
9860,37.75621468573493
9861,287.33960675579686
9862,22.311318065735236
9863,311.8389209471583
9864,256.1934380224625
9865,285.393477666238
9866,264.43429766268974
9867,273.4314692922153
9868,56.004773863540436
9869,255.99638984035383
9870,300.9131203893729
9871,233.62718338165817
9872,263.0941091756869
9873,47.07499654233888
9874,53.99114235054364
9875,47.312639026741806
9876,295.76569926908485
9877,44.92027769412965
9878,278.06887623526416
9879,257.78655819445794
9880,57.37161777331727
9881,276.88256656585406
9882,249.0745896294543
9883,286.38426053340027
9884,40.85278112842167
9885,262.95006457537966
9886,252.0106717616722
9887,246.55366616393528
9888,263.36869562135894
9889,37.40701485777046
9890,258.1512005161746
9891,19.996290774752907
9892,311.8702637873058
9893,278.7072126877231
9894,258.3366802933306
9895,285.97041344562797
9896,238.58401394448737
9897,239.60569572090122
9898,288.54810812499267
9899,233.8744501064969
9900,252.65580130364378
9901,250.98076568782142
9902,251.2395875157996
9903,68.51754241074119
9904,237.92526841034584
9905,17.058068429181915
9906,55.238105639514856
9907,279.73485309173714
9908,256.92368593930064
9909,265.1010750395785
9910,293.86749911054727
9911,250.56263013647907
9912,269.0672535230717
9913,1.100218120615338
9914,273.5890439113716
9915,285.51771865660476
9916,295.00471971141144
9917,277.46627797224085
9918,307.52648312011974
9919,248.47527822826754
9920,262.9214644194417
9921,294.31110237366624
9922,244.46155551716305
9923,276.69510301689957
9924,31.36063805932801
9925,9.382075254621
9926,253.70185347697839
9927,264.69578584868015
9928,295.63021755894374
9929,45.09870231037573
9930,269.1091248842296
9931,34.77173453374829
9932,276.6727748796591
9933,295.8195319569977
9934,-54.21721877530712
9935,281.7066521709472
9936,42.68984608745873
9937,252.18619288097742
9938,258.7374978856161
9939,296.35075133171154
9940,268.57915419867527
9941,274.55442567486057
9942,225.6556671343535
9943,253.49406623669944
9944,269.886911829091
9945,299.7126772370584
9946,256.50354318860775
9947,42.80988708215219
9948,269.0081181789405
9949,274.18127784134515
9950,71.47823703765653
9951,263.4874710823172
9952,282.1117036761648
9953,31.975689517258076
9954,51.603704106417496
9955,277.7396471177726
9956,257.1951868677298
9957,254.98461125532364
9958,265.6565181830514
9959,276.3758947699165
9960,255.61431271577516
9961,275.57593763075494
9962,301.8402098448412
9963,242.3461213147367
9964,-45.691658983634895
9965,262.5642469704568
9966,282.7507697304394
9967,-49.572600375447664
9968,296.76100777601425
9969,61.71720761957752
9970,246.3913998149232
9971,270.2249737026609
9972,263.20078222882216
9973,285.5690700927553
9974,4.6651491267010385
9975,-28.870901249451478
9976,288.51050127695845
9977,299.4777158773503
9978,293.25967137154896
9979,290.6253470345438
9980,273.24333094833014
9981,265.3184177731298
9982,247.74897513639044
9983,42.22770615867995
9984,269.9511926870231
9985,262.217354950874
9986,262.1578578238096
9987,261.4843297613739
9988,57.395756885925266
9989,288.5669564880449
9990,308.25150752413157
9991,42.36522062505426
9992,-6.8621323029589405
9993,40.917234679214204
9994,66.03457890702126
9995,251.61486683235321
9996,304.0574845944251
9997,-70.75196264520095
9998,262.8163634660664
9999,290.70328873988103
10000,269.0694671258449
10001,1.111860885792538
10002,292.5643594599871
10003,271.8770788136643
10004,43.64972416872993
10005,46.76706498241401
10006,22.861810667561713
10007,312.7166086416087
10008,277.93654757190234
10009,249.94510635791522
10010,40.56245846913069
10011,295.3039084037264
10012,276.0426818804257
10013,280.0117932692404
10014,262.1583023907006
10015,266.81677064554765
10016,244.6725970626819
10017,276.57330840709807
10018,283.25185510318056
10019,305.6643186513973
10020,295.2526101862403
10021,279.7415589754859
10022,293.96667549504957
10023,273.6286335372724
10024,244.18507807239413
10025,287.52981956817257
10026,288.0378572948901
10027,284.65244538898946
10028,269.0825702380009
10029,277.55191126314526
10030,269.75303235366084
10031,297.7050795581097
10032,270.87444318765756
10033,262.805978716906
10034,278.6498103714075
10035,282.7910632957728
10036,255.72726557765762
10037,250.12501952344599
10038,260.1002413927658
10039,288.8458700845282
10040,259.9902952770916
10041,313.84130101121406
10042,299.51135858907276
10043,245.49726400245112
10044,277.25833680073583
10045,275.1247535351182
10046,263.0512768282181
10047,266.81383650914375
10048,299.9288142623219
10049,269.5366922737619
10050,275.2084039761404
10051,283.1945586356071
10052,269.20419163385884
10053,29.34050592426661
10054,278.3161386758958
10055,286.3295685592998
10056,29.282881672524127
10057,261.80149096441454
10058,310.98395816449374
10059,280.66406843417263
10060,233.5937699365674
10061,245.40168786017455
10062,283.955699717521
10063,33.54161102704609
10064,281.5448541332978
10065,293.69873096869384
10066,277.80606392928064
10067,281.99579743245533
10068,248.42267397227397
10069,325.3821152770523
10070,276.36519478905507
10071,287.25105897642186
10072,298.91624628363115
10073,260.7010633355721
10074,12.358338520923525
10075,41.92866548873047
10076,290.85700383902696
10077,50.58858046822425
10078,285.0747903992165
10079,261.6792190934693
10080,267.76819772092017
10081,46.80030102960299
10082,126.04559677048049
10083,-171.60838292189598
10084,258.00895093672983
10085,265.0011556501571
10086,285.7006896573222
10087,278.47041845711783
10088,286.38204224657966
10089,40.33013897580727
10090,258.5663564618585
10091,311.784733666439
10092,287.5578226751295
10093,242.8373350778212
10094,38.754126891986516
10095,275.9286542395024
10096,310.2931005263321
10097,273.86377446098317
10098,274.21303970175694
10099,55.502624313314215
10100,262.1399889105764
10101,309.5910921146511
10102,291.66941436801665
10103,273.0739636615409
10104,266.9604966062766
10105,254.09642101249068
10106,263.852786403414
10107,51.25611794655555
10108,303.54228552522346
10109,62.759161442044814
10110,13.130340533582043
10111,299.21626798017826
10112,291.5816584578995
10113,310.9058211758706
10114,263.90623711501433
10115,256.35355601000316
10116,273.1765784538136
10117,279.5052726298557
10118,271.9581783898648
10119,254.70454880336356
10120,35.629941189460226
10121,250.36100729790095
10122,251.50481330905026
10123,261.8131318495821
10124,39.18094643328473
10125,39.68072490723398
10126,284.88254574256774
10127,21.247867754314413
10128,46.00872595484998
10129,297.9268923285698
10130,287.13299398643255
10131,300.91550186194206
10132,268.5755354766186
10133,242.34263712252118
10134,284.32601815152236
10135,288.4085249295922
10136,303.5788108086972
10137,57.40129040138291
10138,288.03531764318376
10139,309.51625812680595
10140,255.69099198397325
10141,22.63024679567029
10142,261.84567284340676
10143,296.2736057650268
10144,302.22873335725524
10145,56.83243150683728
10146,276.1729038373188
10147,244.7645280149821
10148,247.20278529660027
10149,272.1192587734591
10150,288.08887332588546
10151,286.3004219538761
10152,246.6239237684377
10153,235.64602312885586
10154,283.4326949219204
10155,50.078287978129
10156,269.02456292798394
10157,49.732114767035114
10158,300.9162805799622
10159,309.0193464948405
10160,290.6320088995179
10161,281.58399971852606
10162,55.23730934093686
10163,55.5652447044931
10164,32.10195294304839
10165,266.4896181284108
10166,298.0549508785456
10167,275.1827892121614
10168,266.9892421244299
10169,285.5999911227426
10170,39.197244712460304
10171,309.3508244732178
10172,288.9787384266476
10173,249.17058324628832
10174,270.3769752887983
10175,259.6409539067499
10176,255.26270925078825
10177,270.0746031771006
10178,286.88901316322494
10179,272.6518139771159
10180,234.0364306068963
10181,306.3867407954091
10182,282.9060052225642
10183,236.37438121893868
10184,275.5517873438357
10185,279.92260214008104
10186,275.1388418871018
10187,59.60166251870527
10188,314.04603082240317
10189,248.92374028791247
10190,298.4043120396192
10191,228.02525939002328
10192,311.550471962475
10193,251.84324609649886
10194,264.7400454457989
10195,322.1440527808825
10196,281.90743378884633
10197,66.21203776025638
10198,271.1077532346929
10199,283.73968194791615
10200,260.7041793474518
10201,249.6192831609831
10202,292.9301724801462
10203,275.4458977208481
10204,281.3633756856948
10205,311.74508962607115
10206,248.57863122360146
10207,272.127283859414
10208,266.6410844524545
10209,267.1161515936716
10210,295.31340988831727
10211,243.15456824617124
10212,269.7974636074374
10213,273.9065696090259
10214,284.0254816987831
10215,281.47620114081496
10216,279.01608148020534
10217,252.68693930645455
10218,294.44998187428916
10219,294.77880445199366
10220,268.24131634304075
10221,286.0457124329152
10222,251.97229736684938
10223,278.47502780903295
10224,267.1026954216838
10225,76.3419934239524
10226,268.4498047863225
10227,285.11292706337287
10228,251.76368431842337
10229,252.03474622937017
10230,5.6632382564007315
10231,328.51733883725296
10232,259.0142236083129
10233,50.55697872423431
10234,273.45907435525726
10235,293.27496109816286
10236,302.3276226408379
10237,58.51174669870727
10238,262.3272119459673
10239,-2.5090974773928707
10240,285.00693221866914
10241,271.70381315072524
10242,276.6998532440569
10243,265.21712202659444
10244,236.00833311829714
10245,271.71684567089824
10246,262.9200872787211
10247,254.9670945579164
10248,275.9524194276384
10249,275.5440047699331
10250,246.4577216255853
10251,258.7317230930113
10252,10.201586460861733
10253,71.87866274825831
10254,302.9614315877402
10255,255.0082246818903
10256,286.9946787536328
10257,280.2270328384757
10258,265.89220320028954
10259,42.46172879981404
10260,280.4246983029914
10261,264.09632759201565
10262,293.5072899071023
10263,284.87654492881404
10264,307.53443947723883
10265,281.9692014616742
10266,275.2892330861513
10267,275.9835694031923
10268,283.3911781243303
10269,266.6991853225628
10270,298.9171255445068
10271,25.17171856613608
10272,56.38971154685683
10273,265.15531618603933
10274,293.83668221767743
10275,238.96590569070213
10276,33.84833699134333
10277,295.8573487048309
10278,263.063743418003
10279,67.99089286958468
10280,290.6791211210791
10281,293.9905823557517
10282,268.1957245338534
10283,280.4928166087391
10284,239.11524385344762
10285,278.61824363347506
10286,221.6872734810521
10287,279.2534611575426
10288,66.34460085265019
10289,58.34684675480554
10290,246.875230169736
10291,288.63081866166715
10292,259.0232123398784
10293,293.6082613564488
10294,309.0247799717578
10295,63.85797622527144
10296,274.64570951856217
10297,277.2586624283162
10298,256.65700089437166
10299,250.82820406286064
10300,305.09028648261733
10301,285.934050015508
10302,273.70635149189013
10303,259.9439682507262
10304,59.18172505952933
10305,295.1206947379136
10306,290.66341195305836
10307,320.12893069133816
10308,272.91530693938466
10309,284.16436983902713
10310,271.9008406716227
10311,254.31382414416052
10312,248.76970732005822
10313,29.769563849290762
10314,258.80637009162626
10315,308.7138328756571
10316,244.8987943945581
10317,237.7147725835945
10318,305.73027446059575
10319,284.2105634433823
10320,268.9356497619247
10321,294.73325394477877
10322,255.2225793162768
10323,64.85075056380921
10324,51.14772784853582
10325,293.2641436153302
10326,271.2377826083756
10327,60.82199856703909
10328,253.7745280076952
10329,280.7384966620625
10330,252.3328905692732
10331,267.96636962059165
10332,17.238606580311824
10333,308.3870845194564
10334,282.9762960999801
10335,7.699391886721273
10336,265.40034857574466
10337,270.09488106049724
10338,273.63015558031066
10339,271.78810059307625
10340,262.2446713964578
10341,250.8489717085033
10342,255.4722826874465
10343,53.043693696796055
10344,308.5961173901002
10345,255.52782272517146
10346,298.29371348064063
10347,294.7801895993598
10348,300.0513368518694
10349,279.9381556164445
10350,246.12333469281805
10351,303.69281475107084
10352,244.82438266215127
10353,267.29135216141924
10354,296.4387791216804
10355,278.9611490029856
10356,277.89009236862057
10357,297.3769701429219
10358,66.02517564941971
10359,56.226448468853874
10360,330.3148488780573
10361,233.2737235626383
10362,265.59886070392133
10363,301.96356632046707
10364,26.791257927229793
10365,-51.13591953659804
10366,276.4052151937631
10367,249.36159744494316
10368,263.5716913803742
10369,300.7907743488836
10370,270.848810051869
10371,278.54850242542557
10372,288.477935562747
10373,272.5975225278239
10374,263.64217477559555
10375,295.62990447291264
10376,88.38830571986142
10377,275.46375343379157
10378,-44.775650236924875
10379,272.82277168741484
10380,62.98239567392176
10381,297.5164027602983
10382,275.61526728307285
10383,285.04255772520065
10384,44.90882390208424
10385,279.9210232372109
10386,60.897099886459245
10387,264.04965610340304
10388,53.49952320863207
10389,311.8116922416981
10390,297.0183013697
10391,279.6223221853394
10392,-4.6428539879443775
10393,253.16576739998067
10394,255.05457388843402
10395,266.3357620891435
10396,272.35605045139914
10397,292.4547854068961
10398,260.169432414929
10399,265.1481842860539
10400,270.99976577208315
10401,34.48481072243297
10402,267.68024098108407
10403,246.8638164773005
10404,278.6259247381745
10405,248.97022930797382
10406,267.2742540446373
10407,264.78467885401574
10408,238.9634726651227
10409,272.25857676676105
10410,265.8869989811154
10411,300.1246573038429
10412,269.2887284473467
10413,46.917484953025365
10414,303.65577999667704
10415,285.00216934623415
10416,257.98867672284314
10417,301.18246531615546
10418,296.40883305770546
10419,238.4895832789994
10420,316.33626762216807
10421,258.86424726242484
10422,304.9201364291823
10423,225.37313830559157
10424,254.45200419410438
10425,298.3969816618299
10426,280.0061514902759
10427,299.48139043589083
10428,332.06309794859527
10429,250.24758239300064
10430,245.08324754822638
10431,289.67309821242134
10432,262.3167481312746
10433,301.8975556229383
10434,284.53280095783805
10435,276.3383349930978
10436,268.48601336420467
10437,252.57972225179762
10438,279.081221779491
10439,253.5837737229943
10440,283.9222937373994
10441,278.906113117886
10442,239.16249203362992
10443,271.5299088935826
10444,287.2256340653031
10445,284.196358532363
10446,252.9812092713039
10447,293.13805712231533
10448,270.1226840148987
10449,272.5753341303431
10450,146.94063000789941
10451,272.2105939621091
10452,292.54530202865794
10453,304.7181437386069
10454,286.61160539664456
10455,280.4828987752121
10456,275.46001256376496
10457,307.3321054974632
10458,308.489479921691
10459,310.51619045562745
10460,295.921720006703
10461,271.5003893478606
10462,287.43155407078314
10463,284.7165885693827
10464,307.2038763340751
10465,286.1666491873059
10466,279.3157052312017
10467,272.556564463172
10468,267.04876650021845
10469,263.8500877320448
10470,288.41671348197667
10471,246.15846624591023
10472,298.3923215864136
10473,301.1570084557624
10474,276.0712307828976
10475,308.72687615185873
10476,297.85997124280686
10477,234.29419658287858
10478,279.5538433468324
10479,284.64546312855146
10480,271.43779263336876
10481,257.2919328523473
10482,292.2138009818875
10483,295.60292281978775
10484,262.9659989809045
10485,278.58083437907504
10486,297.4031958813556
10487,266.45910015904434
10488,273.5006747805637
10489,319.41256189498773
10490,235.50356943693578
10491,285.39561009428564
10492,235.02209819223197
10493,300.9793232190529
10494,284.3058439596329
10495,280.68038627111036
10496,292.0157880850124
10497,305.3364502001623
10498,267.1782148339307
10499,262.3196254107954
10500,299.45128949853563
10501,249.96432483746733
10502,320.4196236330779
10503,276.3756220835364
10504,273.94334039923433
10505,269.25457134887995
10506,268.2114296117414
10507,294.6368442437534
10508,266.42196249803686
10509,61.07134614584896
10510,280.4997743377898
10511,297.37835337044
10512,294.9077224439358
10513,288.1399794423655
10514,265.5919866147225
10515,262.22692039860675
10516,263.6982742119859
10517,259.1793207683313
10518,264.1278620322745
10519,293.1400765370875
10520,258.19729508275907
10521,278.5011505845334
10522,312.8644739604915
10523,257.12548972999963
10524,272.71151735218865
10525,269.7566285052118
10526,279.92716462260375
10527,277.7986296260773
10528,283.2796758949101
10529,246.9026942805498
10530,263.8701658026395
10531,33.555214285087175
10532,25.873305222045616
10533,36.45422903541879
10534,282.22541679225714
10535,282.0856115896387
10536,38.41978183687198
10537,-7.781821315536064
10538,279.5479254535774
10539,293.4489317432936
10540,304.71454339284946
10541,293.0971788050798
10542,280.886727685881
10543,299.0510557930078
10544,243.79551131681234
10545,273.43166837668394
10546,274.13291408656596
10547,248.02992783762414
10548,262.18272336073903
10549,251.16220368490238
10550,309.47521348140253
10551,242.9240417995999
10552,238.93625891145703
10553,28.333786873267485
10554,294.0849806256729
10555,267.9932368359289
10556,283.29657953507086
10557,266.4242130053248
10558,250.40229629008996
10559,38.97628711122971
10560,299.69916636886813
10561,41.15339123235705
10562,284.2982252237403
10563,38.786552152258025
10564,282.4889187556463
10565,263.97894679496085
10566,277.3394254378848
10567,244.69721456185175
10568,266.9219738416209
10569,283.1270196267385
10570,215.54195405486283
10571,221.42647657933196
10572,313.852457253651
10573,277.58235326568445
10574,267.67333711609524
10575,276.6004198422453
10576,298.7664405973006
10577,270.14464897151026
10578,22.164220819703246
10579,260.960964341418
10580,279.02510153415017
10581,276.6200693523719
10582,297.0709018894775
10583,260.2569108379217
10584,312.54904623439984
10585,287.0926337531726
10586,58.988661440382685
10587,300.812825927282
10588,62.5701461416335
10589,271.3909806321042
10590,283.7726666490838
10591,310.2285793577523
10592,265.3804890252685
10593,249.82659687011977
10594,228.99711340345044
10595,288.279931575364
10596,280.1960922354549
10597,276.045169621538
10598,291.5884827287654
10599,287.97080939491724
10600,48.098615210996996
10601,281.6038952091453
10602,264.7909730573355
10603,296.62418881021483
10604,15.010331763211425
10605,288.7493709873688
10606,294.61726729546046
10607,255.2405689879877
10608,255.33473997108385
10609,269.4571501812359
10610,254.79445052337323
10611,262.9528361500059
10612,236.2378154232351
10613,278.5532209254799
10614,302.2414913088828
10615,298.3266234106337
10616,283.22455660211926
10617,282.98405414057106
10618,287.7544659732323
10619,279.8157247900126
10620,279.7528398068997
10621,291.34521393143643
10622,296.09249046088706
10623,298.1785036045676
10624,240.56179816412276
10625,314.60554875996075
10626,263.25309144718517
10627,287.8453856710936
10628,276.7437178903971
10629,299.92969672468985
10630,249.84874531793935
10631,301.4679538624105
10632,283.31401595918067
10633,281.9236526361229
10634,258.78511588311085
10635,286.5527584477949
10636,282.36913546042854
10637,272.3763658121049
10638,276.64107940074194
10639,270.4594623179031
10640,312.14960486650017
10641,244.72802652759006
10642,291.45225062334794
10643,301.93698643872915
10644,291.91328896696507
10645,287.07668794010215
10646,284.94103819840495
10647,263.8700196649993
10648,294.2900288147506
10649,48.085481384728865
10650,283.7259298157553
10651,189.18068407338149
10652,297.5285453686032
10653,276.0451667534574
10654,266.41294970013905
10655,66.473106673172
10656,257.87697177861804
10657,231.65752193036911
10658,296.94351076418985
10659,298.12943865253965
10660,269.3478844390105
10661,302.576863366765
10662,295.5628149241196
10663,237.08229517889504
10664,277.1624097232866
10665,252.35673125809058
10666,289.84404201982136
10667,284.1905956093867
10668,265.10039591675616
10669,253.90839517714969
10670,284.81502731223003
10671,261.538346954592
10672,294.74264917306107
10673,296.77242663691175
10674,278.40079320523637
10675,305.8659787763604
10676,291.0632279749252
10677,277.86490963674385
10678,263.2179350678351
10679,305.2049309487836
10680,244.4141721745354
10681,290.37635860626045
10682,288.44231558807496
10683,240.24390238857458
10684,293.1535316107013
10685,274.3498920093788
10686,263.3115741717945
10687,270.9291962628727
10688,291.83399353479024
10689,261.4309479855609
10690,285.07327928312725
10691,251.07023084354051
10692,281.1338191750528
10693,266.72849122565185
10694,273.01009053611733
10695,268.1049657767437
10696,299.8683492942067
10697,251.19603264644064
10698,241.13945663578815
10699,290.6015588655265
10700,61.493384591873195
10701,271.6787384122358
10702,317.5607294663332
10703,281.84209509055745
10704,286.65693503363946
10705,284.0161460881056
10706,277.20309815789176
10707,295.39830529286655
10708,262.8530937588979
10709,247.66991459168523
10710,277.49102192208164
10711,259.68674169976464
10712,299.2558951133155
10713,269.68814875851933
10714,274.9625000457446
10715,289.0020376321454
10716,233.1821967629835
10717,260.34572664313157
10718,299.72650005804144
10719,242.18240349902965
10720,307.0694341438626
10721,314.89392129697524
10722,280.52075382289604
10723,252.65295348781328
10724,298.0268453913262
10725,312.36177666482604
10726,293.3728089727029
10727,231.73866746721842
10728,77.1939756952244
10729,296.46469852133765
10730,299.19354795794584
10731,247.95193544711566
10732,219.57048815630552
10733,236.67827813485562
10734,249.63798062822735
10735,243.3242290560242
10736,281.8909455124423
10737,288.5540832434158
10738,237.65636334320763
10739,291.3561809285563
10740,262.8541316598408
10741,271.98291182513026
10742,294.69766718719575
10743,288.3253619100947
10744,261.03446260361875
10745,288.0195868718905
10746,263.3159490952806
10747,259.3077751452147
10748,271.48679434154366
10749,292.97061898039533
10750,270.08363932227803
10751,292.5762441401552
10752,274.93778568623304
10753,248.2687851131082
10754,312.4381471208578
10755,266.59479511477167
10756,287.90620677123894
10757,279.98744401770534
10758,278.9825541386965
10759,298.3259358411912
10760,241.6434933660125
10761,312.52172221283627
10762,252.78358257420774
10763,231.25631923474072
10764,265.93454621973785
10765,277.3766015630948
10766,263.1878108361181
10767,300.56516373332636
10768,243.82707082258312
10769,310.9674657465921
10770,262.11387569687656
10771,290.1772163073876
10772,242.69308439608108
10773,273.2552196066723
10774,297.7773697857648
10775,254.8166189996347
10776,276.13690643445443
10777,261.5944390906334
10778,244.99183310610107
10779,285.09023158517704
10780,248.10881074264333
10781,239.7713727570344
10782,285.6232420227209
10783,297.9865920596971
10784,301.7655514337235
10785,297.89036582180364
10786,252.48763164312297
10787,314.69212850676234
10788,291.1388130328759
10789,274.8885479216143
10790,285.1711909414067
10791,286.41139802112133
10792,304.88108571351756
10793,244.99467133092344
10794,247.29487670349687
10795,280.1731371762303
10796,294.97923151797437
10797,295.97689031767504
10798,305.397677566625
10799,237.93442971585074
10800,247.377169506274
10801,258.298822266206
10802,268.6228794393146
10803,251.4554584107988
10804,246.57591844659603
10805,290.1442397789523
10806,282.96215296814086
10807,286.5403821196602
10808,266.898249704827
10809,308.1361866391578
10810,318.1422014407086
10811,300.7524452544853
10812,280.6435996928019
10813,299.3183796933956
10814,270.3276066600115
10815,256.251466274341
10816,293.7107379136917
10817,271.5760739462676
10818,296.7369867763165
10819,319.2408196635039
10820,294.431918279666
10821,263.1579863792424
10822,253.50350429838005
10823,301.64851221988846
10824,247.35659980711867
10825,279.8406709136119
10826,297.8002979588839
10827,286.0361586434929
10828,281.1791598956133
10829,164.172288501531
10830,268.48952108782373
10831,273.40813979121293
10832,305.9934660338589
10833,267.7580944953049
10834,309.41779421310514
10835,289.71585482801595
10836,262.4718215743916
10837,308.87660462658624
10838,249.05904339899237
10839,262.6886632191504
10840,274.3119743925903
10841,263.24423498845545
10842,290.8572653262373
10843,249.67247543141346
10844,253.51439579479293
10845,275.90551453576063
10846,288.82031130923906
10847,248.45017992240562
10848,237.42431534555348
10849,288.2215853346644
10850,275.9754537537535
10851,291.4829909560528
10852,278.04221787130655
10853,298.6755209030234
10854,64.78484693175716
10855,264.2233296278886
10856,252.64360532027146
10857,236.98652657158073
10858,284.9418300218504
10859,285.03183975059915
10860,311.18866107004544
10861,229.84417063426875
10862,277.04559135890247
10863,269.65277833468343
10864,261.0083974042525
10865,288.6443576261967
10866,231.42266619135341
10867,224.28104709829915
10868,305.1956405037462
10869,284.7635177085648
10870,274.5821513535501
10871,262.73693571955897
10872,270.4117545853884
10873,254.26566235770412
10874,292.44668030245646
10875,236.90125429538278
10876,256.0872736618516
10877,280.39867290476394
10878,259.57161958423137
10879,264.1484186901529
10880,224.6965505887004
10881,304.2309096491331
10882,279.7228078035457
10883,277.2319700283314
10884,279.8558664088072
10885,269.76922318922357
10886,308.12430442513767
10887,285.5105026231664
10888,284.19140997628926
10889,260.70431868546444
10890,271.4121204862143
10891,239.43333723041974
10892,35.079551155714086
10893,258.0932648111697
10894,266.78191611729255
10895,291.3212286781703
10896,308.26642087327616
10897,291.20577966167485
10898,258.7268460775671
10899,281.0992730550025
10900,292.57368039578967
10901,293.37322931574045
10902,289.3895898056533
10903,279.0174773489876
10904,253.89124356660906
10905,254.3565582251655
10906,256.3322810764299
10907,286.5974234816588
10908,218.97404874105507
10909,293.3895181292691
10910,297.50517386685
10911,312.8383532071679
10912,234.26466227655305
10913,280.2558232251813
10914,275.98570941175734
10915,269.80966551753636
10916,238.95557726298296
10917,261.2972943843056
10918,282.6485489840529
10919,280.3891661511732
10920,237.55826545013556
10921,300.46231119655425
10922,295.21870966349684
10923,295.97609555793804
10924,275.7826334771705
10925,299.57014573525555
10926,303.4134743230915
10927,277.05684041442896
10928,265.3708466818107
10929,292.8700697062333
10930,254.08522950011
10931,278.9427322790492
10932,277.25320827912566
10933,276.63628701576977
10934,304.3755071211573
10935,297.3640037084019
10936,231.79412836520848
10937,254.63152828184195
10938,284.80078994504436
10939,304.6977268973553
10940,36.09005606365736
10941,306.86616865462827
10942,304.69699140241244
10943,238.8843602980717
10944,24.896746486672228
10945,257.77193515197223
10946,-1.3599263780646709
10947,254.6943211031427
10948,304.39255900364674
10949,277.3224279009727
10950,289.82837735986146
10951,303.8836181655916
10952,282.4989299155041
10953,306.9895636452461
10954,258.55090904652974
10955,268.54413094432584
10956,-35.26887676609711
10957,284.01136595901005
10958,296.9860814123499
10959,268.6689040119088
10960,285.5613271393053
10961,268.28606888460183
10962,276.3817821967886
10963,281.89978052352046
10964,285.50485036699143
10965,233.05779110316792
10966,273.81274623436843
10967,279.1195599624244
10968,287.1293931099583
10969,295.5974925944925
10970,287.11850592968096
10971,299.9229081659449
10972,320.64794782670185
10973,280.99173433751696
10974,279.45170577456946
10975,288.76234275018174
10976,244.75934895256603
10977,294.18736290342815
10978,290.3846771603311
10979,306.3079633600606
10980,322.56078542661794
10981,-6.5985716605370754
10982,283.8915064511479
10983,308.30799790100923
10984,306.98139063738773
10985,308.8510174232249
10986,311.0793631892526
10987,247.7734958262449
10988,267.07446732922415
10989,299.00531322143
10990,247.97280709002482
10991,238.65512215355267
10992,298.17594971176504
10993,30.796589935854797
10994,267.688968897429
10995,285.91474396584465
10996,296.7235326075852
10997,293.499700257804
10998,293.50702489793275
10999,275.70158136857964
11000,312.44788347826386
11001,289.3794072710548
11002,241.29415623858782
11003,311.6289781338115
11004,291.76689792202137
11005,305.0809141524023
11006,248.83409124686216
11007,293.4604763120933
11008,60.94169742708124
11009,296.6216330190024
11010,284.24558071088654
11011,270.33812046235494
11012,27.43885079461002
11013,320.18702186910673
11014,290.702271828683
11015,246.15750135130244
11016,322.12543197207845
11017,302.9477552766873
11018,287.23715676333416
11019,48.37167814469424
11020,288.6646166561975
11021,284.98467901145546
11022,75.26474914710309
11023,253.57380919306686
11024,283.80815315231393
11025,324.2818144081217
11026,256.29121864629036
11027,-15.005931964462931
11028,284.3416633708554
11029,320.74978993203376
11030,275.77778490762944
11031,299.313093742535
11032,287.9645292054383
11033,292.9304402463895
11034,275.26636673940493
11035,262.2319169637025
11036,296.92090583935
11037,291.85095175574924
11038,-156.2631088294147
11039,242.57271551554413
11040,267.53256494197046
11041,288.50752595677363
11042,248.1457422512721
11043,302.1921274965631
11044,315.48700714831904
11045,279.05963716158817
11046,285.1958794653728
11047,279.2964671347762
11048,263.5511980280611
11049,286.03798619315484
11050,290.0341667944307
11051,271.85494506867417
11052,293.5103391976301
11053,308.7497477877502
11054,286.5766479023481
11055,263.0842915246776
11056,259.51471380524566
11057,252.92615605021552
11058,260.7211450649126
11059,13.419257974842083
11060,298.07957658068744
11061,226.33772483236743
11062,283.65175035753896
11063,296.47349838305155
11064,267.48671301927425
11065,304.56794647640476
11066,275.34497540615524
11067,286.14553207389525
11068,286.4621610963823
11069,291.17810104227357
11070,251.24691891584624
11071,290.73053691910474
11072,289.0576350695228
11073,303.77591921370185
11074,297.88646919148135
11075,253.55205807278514
11076,230.70448285521863
11077,284.30218655855185
11078,280.79984752581646
11079,299.6193254433029
11080,243.97520163834128
11081,298.5000214833869
11082,306.2020883885813
11083,282.21977626081025
11084,286.19099695158593
11085,255.4164011444376
11086,273.319295968198
11087,310.1716904976847
11088,278.47977581835994
11089,289.68205221913
11090,263.37134969902934
11091,275.7885499834691
11092,243.95924389631082
11093,227.48786478645846
11094,278.1958365393291
11095,243.13348034289652
11096,264.3828828630617
11097,276.37545688799867
11098,262.48341054779684
11099,287.34398191768946
11100,279.8120472194337
11101,291.9000810371748
11102,62.38195045656275
11103,306.9907675085693
11104,244.8931649171659
11105,257.42008438705454
11106,220.66744986645216
11107,293.7243964029867
11108,263.7619226488089
11109,308.36995186449315
11110,277.758064815926
11111,304.47452633421995
11112,286.68622925289696
11113,232.68582296811348
11114,311.11349531879597
11115,282.1970805339489
11116,289.72919093933706
11117,277.33755265491544
11118,243.69246986892878
11119,314.51721773716065
11120,298.0426857161239
11121,302.6640209128946
11122,263.7014868323265
11123,304.31737585681554
11124,276.32064157740837
11125,290.1966406875366
11126,279.16423592909246
11127,257.4656689103936
11128,310.500820861271
11129,258.61030392416717
11130,300.11283681575367
11131,252.2739322496457
11132,279.672677428561
11133,272.05364256289954
11134,285.5029837525102
11135,266.31316092440477
11136,282.37794141155064
11137,306.89669036361306
11138,277.1974312735084
11139,307.90354808833695
11140,239.94745506730746
11141,289.41518598769574
11142,279.81980140400464
11143,240.0388602263694
11144,241.1713874879195
11145,289.27647343122624
11146,293.48828450699904
11147,265.7547828946054
11148,271.21133945702275
11149,276.5958739340234
11150,275.9458667281501
11151,302.67152092502
11152,255.3154027028695
11153,261.27911554818235
11154,298.2701187670102
11155,255.88709822189196
11156,244.5226632186379
11157,259.562073888976
11158,257.9691595359219
11159,255.16554711522718
11160,270.68448591254895
11161,300.50140601404223
11162,293.827349009548
11163,264.1698667736732
11164,314.67759235874416
11165,294.26371742119363
11166,291.30342350845615
11167,308.6432657125371
11168,312.4430648106384
11169,268.5764983087869
11170,256.0708238094604
11171,292.6279513243477
11172,269.828868384991
11173,252.06676434010498
11174,278.78410645168105
11175,288.5218218380337
11176,291.52772129816856
11177,303.68539278901363
11178,279.41658808493236
11179,280.6446871754577
11180,288.9965798471361
11181,309.78063630582943
11182,275.4213536839959
11183,253.9033385520715
11184,281.93460878046454
11185,271.6539947807415
11186,288.27587824094223
11187,261.6678356618361
11188,286.3904092463827
11189,284.4246325523319
11190,319.364883411343
11191,38.814368234709946
11192,143.1977937451519
11193,296.97485531994323
11194,276.62455474501064
11195,309.22357367837003
11196,183.0497048984493
11197,255.44260963016654
11198,258.32425049881016
11199,277.9797659048242
11200,258.08110305913226
11201,15.293361907288897
11202,266.74821161048214
11203,277.2998507702318
11204,310.8254994188196
11205,269.62243966689914
11206,305.7637018468606
11207,303.3376144847057
11208,289.5809850138951
11209,244.09863092119633
11210,297.71025511970566
11211,269.5248670233966
11212,282.363597221904
11213,240.64859551236594
11214,277.58158917095864
11215,280.4054824126809
11216,310.1146199124339
11217,251.78132299506808
11218,238.28637651194603
11219,286.8476945470368
11220,276.07410742743707
11221,251.95937218322345
11222,290.5391450072999
11223,289.6962022470685
11224,270.4363177705187
11225,290.8095176576288
11226,168.93363911705316
11227,303.40246305864775
11228,305.22883040971135
11229,265.16043146514755
11230,285.68551596970065
11231,287.70499617240523
11232,298.7297462834848
11233,263.70430116514603
11234,296.577700373694
11235,295.57115040900203
11236,294.36067915740887
11237,276.399138800325
11238,306.6264344422368
11239,286.5448740442507
11240,302.6572594250521
11241,250.79596765668938
11242,253.38660439014984
11243,273.5455460216656
11244,255.70951324960632
11245,249.9952003820223
11246,279.06278235988475
11247,256.6377121710643
11248,264.3762507522448
11249,321.39621572904286
11250,287.0786544218348
11251,295.41477759606335
11252,48.70974144940908
11253,313.8760370423082
11254,302.8686257458171
11255,273.39683040341083
11256,297.35633385398467
11257,299.5445703191142
11258,282.65500927415087
11259,241.9402488297634
11260,281.84264089553426
11261,249.0603992913103
11262,246.07704934514604
11263,279.6526898316391
11264,290.12029343121395
11265,242.62969250537932
11266,281.38927572134764
11267,258.57964797674157
11268,282.1920018334094
11269,286.5626889919296
11270,245.47421033963013
11271,254.7219244200746
11272,267.87196635888495
11273,275.200624829905
11274,274.37656077017664
11275,265.406073037751
11276,282.1205050370365
11277,282.8395632037648
11278,259.2437067945301
11279,271.4062728296603
11280,231.05195591052973
11281,270.62496259588465
11282,265.23886893977385
11283,298.89843269874535
11284,262.5602428645875
11285,317.46519997833224
11286,302.3953149726806
11287,323.0215258846043
11288,295.33040098745244
11289,53.55881769995392
11290,246.11974503243982
11291,258.4874098618167
11292,298.3377561759799
11293,263.949601320752
11294,216.99735878270815
11295,298.45906393028804
11296,292.2687853453449
11297,74.2443266377457
11298,275.87975380282467
11299,274.6426647017149
11300,255.80789556153923
11301,275.8510754940961
11302,316.5150145166101
11303,283.6055672903483
11304,67.22446911867937
11305,273.1462088202692
11306,296.9112944812066
11307,248.09781055009773
11308,250.854877896247
11309,289.0578177081906
11310,51.39081488778805
11311,266.8651412690991
11312,305.8066198623245
11313,255.01476394378756
11314,268.61186750368404
11315,70.75557363060182
11316,240.16639603378468
11317,210.8332272044801
11318,72.32944331930895
11319,266.6571514555576
11320,226.94039331310577
11321,69.12679808958401
11322,272.29360048393147
11323,233.0912814291081
11324,284.2559003159268
11325,253.51308067105822
11326,282.116501641441
11327,302.76524177109326
11328,235.7540885300874
11329,244.33192669640704
11330,284.7940406434516
11331,282.8231560997427
11332,41.690643485458025
11333,223.21467445452467
11334,248.91765722879242
11335,63.56828747655641
11336,276.0866928180853
11337,293.6876802429559
11338,272.4159359866551
11339,244.12216370579492
11340,267.2801152324373
11341,312.1977705820071
11342,307.83021096564346
11343,295.90750586769195
11344,64.03653185231067
11345,304.38682768561
11346,274.4855589899673
11347,219.25427724754746
11348,311.94551448158415
11349,124.78471089069802
11350,264.9351590069931
11351,299.70016864269
11352,240.20114641633762
11353,282.28217621657666
11354,292.8105331740053
11355,319.089259568285
11356,305.3889070906621
11357,267.93022094877387
11358,252.77725549893387
11359,276.03899414039154
11360,291.5845334894159
11361,289.1826034100227
11362,223.26359064343137
11363,254.65685360602006
11364,237.80295671009037
11365,305.96577545214666
11366,264.9097452189047
11367,266.0152822086388
11368,243.42834692566828
11369,293.3888431603634
11370,301.702748071929
11371,251.70988942778314
11372,272.7322449654615
11373,311.6278153171983
11374,75.82928216633766
11375,275.5013966674125
11376,306.8142831688875
11377,47.83915253948004
11378,253.81763800373056
11379,287.7917716121012
11380,235.32586995553373
11381,258.0749738845333
11382,272.7557909965053
11383,243.42480833129653
11384,224.96703185354033
11385,297.94276497809176
11386,282.93076183889275
11387,247.0925547734109
11388,297.68017490629336
11389,240.83745021695498
11390,280.2696379357395
11391,266.08052676879197
11392,300.53726595975695
11393,269.3520540840616
11394,257.24236486828636
11395,276.67839437513635
11396,282.29307825155723
11397,308.6448590975202
11398,276.9144791113972
11399,265.5727187082029
11400,280.6863854754848
11401,265.30623324615283
11402,252.30348108021073
11403,249.06892488945073
11404,266.2792367121682
11405,275.98559438167234
11406,307.00431286589037
11407,287.92109601645916
11408,269.9867738809449
11409,299.56938243118674
11410,273.0539311083675
11411,308.8646896590624
11412,266.77586514953134
11413,284.00609479677973
11414,315.50202573424144
11415,265.9526456230104
11416,301.6955774233626
11417,275.38161779861554
11418,285.9173335177046
11419,149.5235884511734
11420,252.96734256427726
11421,299.1903214724126
11422,295.57275663495807
11423,277.5879608749601
11424,260.8453638972408
11425,268.8079511795266
11426,265.9532687514851
11427,318.61560026545317
11428,298.5547067787906
11429,295.0120837545959
11430,280.76590136770056
11431,286.062310230623
11432,259.03974738417344
11433,62.4320205176989
11434,304.34065852141896
11435,248.81307885519143
11436,298.4198095242648
11437,268.7569499503841
11438,261.9719949789145
11439,283.13397873670317
11440,294.6061629331947
11441,276.3654384971003
11442,286.201226079963
11443,306.51745476418887
11444,258.57995928800176
11445,283.737354072769
11446,313.22785132154775
11447,242.7953699358897
11448,311.33240678249877
11449,284.949066204829
11450,306.672671432485
11451,314.523423035349
11452,308.1800574494542
11453,247.26331621637252
11454,269.97058896763303
11455,245.32495616148162
11456,237.69344678412574
11457,281.0757168351759
11458,300.7476038316532
11459,255.81177101610655
11460,267.0555545868726
11461,280.53493863490246
11462,280.2861792090474
11463,147.5560958849458
11464,243.43279755137777
11465,313.9093071283281
11466,268.7975265584063
11467,253.7960357529939
11468,317.8573772504178
11469,274.95389831553564
11470,67.76153259056241
11471,280.6928951530123
11472,267.00754100271104
11473,259.1061562848307
11474,307.6410613768311
11475,294.5946157480965
11476,300.61441435721997
11477,38.4957969473827
11478,296.4150421901979
11479,276.74664428204574
11480,315.3822782923905
11481,252.94928621891754
11482,308.9929599842071
11483,279.00448143582787
11484,310.7761912459332
11485,275.0513490539324
11486,308.70335957977744
11487,312.1780797631503
11488,318.78405860032757
11489,289.89057184973274
11490,271.3806904340668
11491,313.46084305924865
11492,318.72828808748676
11493,240.96568533019038
11494,250.65206647672903
11495,273.1405635404218
11496,299.424479532069
11497,313.9239910553043
11498,301.3658458990728
11499,299.7211840225124
11500,273.89838953054584
11501,260.5781739310165
11502,258.75930353347763
11503,233.65199514611933
11504,268.3888530401267
11505,311.42174468189364
11506,283.68051928762554
11507,289.29983803833113
11508,319.23564872377256
11509,277.9865084117131
11510,289.3631156343823
11511,330.7954940000197
11512,229.0878628121633
11513,297.4873895578949
11514,255.20703544751336
11515,277.840840347765
11516,310.6135715980736
11517,319.8075408829684
11518,286.45377396250296
11519,253.2939811067696
11520,263.0687979231849
11521,247.50781043387752
11522,259.7980945040499
11523,268.4223199604246
11524,296.7161741438358
11525,302.70609975138746
11526,256.0232546632912
11527,316.14231170056627
11528,317.2241985087831
11529,240.83076738301045
11530,313.4119545561128
11531,287.1331459354702
11532,213.78584395266824
11533,278.6431205403958
11534,212.70417119947047
11535,255.45781229985812
11536,245.9032058291159
11537,307.90486313664536
11538,296.9240912119315
11539,314.18865706982086
11540,262.5854569052228
11541,244.15264025931637
11542,234.46290683931082
11543,259.2687293988845
11544,272.4034235924606
11545,275.939794298337
11546,302.24783763454155
11547,270.57669874074475
11548,278.84646250829763
11549,302.3354407401183
11550,262.5589174613223
11551,273.90538749254966
11552,281.8021288169764
11553,296.55349802155473
11554,283.4849588291966
11555,316.76507517309085
11556,272.5095446745255
11557,298.8984290656379
11558,270.708039378113
11559,284.71285059911605
11560,250.7158290639154
11561,247.11678606334547
11562,282.2766180798484
11563,269.40652651833705
11564,255.24773086785774
11565,265.99902570304505
11566,308.5314074249909
11567,323.3866378079856
11568,281.8434064489469
11569,264.56663516644176
11570,253.5149765392412
11571,299.9485468927794
11572,264.9920857338576
11573,278.2696575399817
11574,286.89315058514387
11575,247.11299681212998
11576,317.6827867575332
11577,239.828329285177
11578,269.91060552848296
11579,280.4832770829611
11580,65.71795159824833
11581,291.87570573135196
11582,75.96354837744394
11583,262.7887387735125
11584,249.26092586019448
11585,283.62805410164265
11586,278.5231538658411
11587,283.73107164912665
11588,313.9084378334404
11589,287.1171867869568
11590,242.43485596033065
11591,306.5927409892669
11592,267.3765875512664
11593,255.7155042894205
11594,288.6713633901695
11595,276.93979640877
11596,263.2913055141552
11597,263.4382597861064
11598,150.48999560145987
11599,281.28221221084505
11600,305.56683036784545
11601,249.11746475786464
11602,287.74961462427484
11603,279.66370918844495
11604,241.6311698845621
11605,279.29123154630327
11606,284.1370746198385
11607,253.3585807035609
11608,258.25883157355315
11609,246.48357651965225
11610,268.80388062960685
11611,284.73163886563583
11612,269.458902132107
11613,290.035465285688
11614,262.9702905535974
11615,265.9916751572949
11616,315.89576607319185
11617,280.00716112726855
11618,304.4654342296683
11619,257.7629996858698
11620,268.5684217829091
11621,3.961347536257179
11622,268.5694634873574
11623,315.14490842644153
11624,273.7692996915424
11625,292.9777196410377
11626,267.43765936701
11627,279.0950419865601
11628,299.3251308818594
11629,272.81035467358095
11630,304.9914997604242
11631,301.55181053346564
11632,249.8325151598723
11633,250.83645093200596
11634,264.7925675839381
11635,308.5041961001376
11636,299.66544567905737
11637,274.5581563902587
11638,295.71203933460873
11639,262.9534325253486
11640,265.8126230834531
11641,262.42119949143284
11642,241.9011583565873
11643,268.16260229359216
11644,260.94024458810236
11645,323.23168082070015
11646,280.9251861264096
11647,305.3344249322404
11648,261.5962703634012
11649,17.16564522797742
11650,295.45787586816505
11651,306.6501417593505
11652,275.159475536168
11653,256.7180934055116
11654,258.3495475606473
11655,259.23885556020394
11656,296.253849268805
11657,289.8140966690373
11658,301.98509617780735
11659,264.44503612756074
11660,292.33243756932643
11661,301.35449478077624
11662,250.0800273520015
11663,284.7159913674785
11664,274.73283430454444
11665,314.85415557553927
11666,286.5866528323469
11667,281.3162670096808
11668,264.9278294677881
11669,274.462234225901
11670,245.67067328125978
11671,256.1975232761645
11672,291.2282902147149
11673,248.9829399646644
11674,311.4379116851008
11675,294.9211621121008
11676,246.80792030206797
11677,297.6265740451382
11678,259.8821268720875
11679,151.85083563788314
11680,240.66311378475166
11681,288.1417479410827
11682,287.67854167301664
11683,267.7176008379844
11684,258.21573388812897
11685,204.30724857358481
11686,316.3745351765157
11687,241.14984720255424
11688,236.72306784099032
11689,241.11196252879668
11690,283.76336069227875
11691,269.82406958804086
11692,323.5805688463961
11693,269.1017692931911
11694,260.32842435835585
11695,318.85629419681857
11696,294.9521606653146
11697,237.14225602410028
11698,263.58496016139543
11699,262.85827028844255
11700,304.6678791107948
11701,260.6536839526449
11702,260.029678497998
11703,294.67719501009054
11704,318.7632076742998
11705,284.19138330330577
11706,253.9312011256918
11707,271.4906153871678
11708,298.0220787546364
11709,260.62890318890436
11710,275.0391297457702
11711,305.90118848834913
11712,290.45865055434365
11713,265.0379605328734
11714,300.66304277309223
11715,280.444238495018
11716,86.23215779198912
11717,241.64540667636697
11718,269.0989892222033
11719,287.63155015375867
11720,264.54250161119785
11721,316.70749602521073
11722,302.26927028003695
11723,252.54849974990105
11724,277.9989211007668
11725,306.72428197728595
11726,318.96679367122255
11727,317.0805016233694
11728,275.8201042828863
11729,315.0086783420683
11730,297.86465274634276
11731,295.311484177798
11732,302.6721279274043
11733,283.5206513406009
11734,283.408219637006
11735,277.8762926154482
11736,261.6901521080853
11737,243.22082757365365
11738,234.37927279821795
11739,303.99402388207795
11740,284.28731821856127
11741,275.295640574968
11742,248.13878930666053
11743,268.6862896877099
11744,259.3840962252554
11745,269.8008366851161
11746,276.1914546403886
11747,318.19608336261615
11748,244.3603126740456
11749,320.64407609607315
11750,267.13351745071174
11751,278.9344870222138
11752,305.673591869442
11753,282.1314885612391
11754,271.68154755045816
11755,295.3939585849453
11756,317.04080234721596
11757,310.07098495782986
11758,315.12768918974575
11759,303.09660020432125
11760,260.73500870695705
11761,289.3290705037752
11762,298.22754037468655
11763,286.56155368067755
11764,231.03012228955666
11765,289.64080874201125
11766,271.99180558712
11767,243.03707610883737
11768,257.22764570508093
11769,309.6105409226883
11770,297.7447218499931
11771,308.8697026185108
11772,246.2139248784943
11773,310.16684914971
11774,293.14012919940336
11775,295.12052035964405
11776,52.89297956200471
11777,238.77331138232213
11778,268.79882877871194
11779,251.9751933751596
11780,51.03432031247664
11781,255.79377799099103
11782,287.7282260381332
11783,313.21665093332086
11784,275.95503370989377
11785,286.9792341048186
11786,302.5815732638416
11787,270.506049821624
11788,302.9229699983789
11789,301.8693886393096
11790,232.6223251765067
11791,316.01042280046295
11792,308.4486158358199
11793,282.457062318947
11794,318.6395712265686
11795,267.9011245753478
11796,315.44666808708257
11797,286.1066062705989
11798,229.9523288771289
11799,285.38497793295517
11800,295.3711356395644
11801,307.6810066052742
11802,317.5018018726124
11803,272.4099640972455
11804,148.533929161865
11805,264.5666648371673
11806,309.8892189646292
11807,303.1895499183595
11808,292.5179200461694
11809,273.5997744680174
11810,270.90324348053826
11811,288.031785569966
11812,276.2573196781492
11813,274.4717210981729
11814,291.3249827803418
11815,309.95906350689745
11816,290.57047455839427
11817,284.64094882390026
11818,314.7666690662566
11819,269.5588368882393
11820,270.93103078051485
11821,276.6506329267591
11822,240.53260241036193
11823,47.91219038483314
11824,278.1085437547945
11825,284.5999390960028
11826,307.5084362762108
11827,308.85537373848086
11828,309.18617577920423
11829,280.84832197427806
11830,308.62765685249167
11831,296.062106508081
11832,306.33492960392607
11833,307.53360984093695
11834,272.3923995127965
11835,233.76381282539654
11836,263.54715958107835
11837,302.0771331433831
11838,290.88615703785894
11839,306.02604524509775
11840,274.5299928860951
11841,305.4305116386803
11842,276.4403853579722
11843,287.0543718939002
11844,287.6170801127947
11845,273.888931587054
11846,312.46534711358106
11847,294.1215936982089
11848,292.40331512627876
11849,243.1610704212204
11850,289.80830314583085
11851,297.7639182909573
11852,243.04541343556627
11853,280.2387397229064
11854,250.79572979162282
11855,51.73052943879432
11856,253.2097425960829
11857,292.9939794839029
11858,269.99544582953536
11859,268.47814595075846
11860,284.41922660044486
11861,288.9196016922673
11862,249.5883425615809
11863,239.029959909047
11864,307.5151972522708
11865,253.57273896062478
11866,251.65045361325838
11867,316.54264832031527
11868,320.71197785401847
11869,267.8970273700391
11870,290.70058450986363
11871,291.89458525302473
11872,287.31761443180073
11873,53.51318873468682
11874,254.96260015720094
11875,284.5087211398154
11876,46.6480523442801
11877,286.87419424760844
11878,305.511839583324
11879,253.5002472101719
11880,55.689697317776734
11881,272.4867431477661
11882,301.3566796269249
11883,243.68287113444202
11884,283.88226661492445
11885,320.2127519846966
11886,262.377445855567
11887,291.4578059140815
11888,47.47478888959856
11889,306.44129988443933
11890,261.77915267895946
11891,269.8545568834186
11892,242.91387257431762
11893,251.5614921765625
11894,258.85516916330414
11895,306.25223337873086
11896,319.55751739700094
11897,270.1426023438958
11898,315.5000297474854
11899,264.36502609102166
11900,293.21431465476087
11901,248.84665045434343
11902,291.36870421539936
11903,278.1197511456715
11904,267.7761885168476
11905,279.9937440620848
11906,286.5904466218731
11907,304.33779031681553
11908,298.81841839313637
11909,249.07902733463882
11910,270.71177946822627
11911,285.96929446227887
11912,246.48802098229532
11913,263.1045893290143
11914,299.37049709601615
11915,250.56917524593737
11916,254.98622910632386
11917,71.36787588803347
11918,304.66619065287927
11919,268.65481342833255
11920,303.86966018445287
11921,212.0266744021328
11922,236.19895910172372
11923,263.87819651869626
11924,271.6750505569888
11925,59.43613314030273
11926,273.1908805752573
11927,299.7475076356104
11928,40.45083880826675
11929,278.13510047542593
11930,251.62576376318114
11931,272.55814733560885
11932,299.60948752084147
11933,260.6230175858308
11934,239.71801176619573
11935,261.06457115899275
11936,284.9912886513332
11937,276.52626079305696
11938,310.72026484283356
11939,226.23118950811713
11940,262.1220148199786
11941,302.55777324237465
11942,236.31807051039817
11943,256.336381051991
11944,283.8886364413163
11945,291.68081188017777
11946,304.31648944415775
11947,306.39535660956733
11948,288.6764011422307
11949,303.1594458393034
11950,268.8519304547101
11951,306.43805580335015
11952,279.53606974551826
11953,270.81713413369073
11954,299.9520280265581
11955,257.39597456360775
11956,303.84625855765194
11957,288.154848691783
11958,291.4682610366724
11959,280.4229767921207
11960,282.01586192855984
11961,267.67320318392444
11962,278.411061649668
11963,309.6497230717333
11964,303.47611005826553
11965,313.6444536448667
11966,302.54257801161225
11967,270.5768006785728
11968,268.7220129279815
11969,267.870856463246
11970,263.27807993071104
11971,272.20538910804476
11972,273.91472811374547
11973,238.92009129967366
11974,266.58656138181414
11975,290.6060204528725
11976,278.418085335972
11977,264.234731637582
11978,74.15415540082128
11979,280.78117038845517
11980,255.52834870019493
11981,280.48034091389917
11982,312.5288801814345
11983,291.08500091122744
11984,302.91152607611315
11985,313.7196834392414
11986,51.5556124543719
11987,276.3409834176741
11988,275.213940995222
11989,254.91962894544287
11990,301.5275515524325
11991,312.1522127619957
11992,261.0827877021102
11993,272.1075458564607
11994,272.3914649387797
11995,44.04456868337664
11996,90.86657673998127
11997,261.53497903167556
11998,260.4956244591235
11999,264.05338160424094
12000,293.82289080158534
12001,51.07378951148527
12002,244.2196139871642
12003,276.63037634495754
12004,303.064663365104
12005,274.1849440024965
12006,301.06866096939467
12007,298.74010829416216
12008,301.40714565362464
12009,23.585730561268036
12010,267.22879059682197
12011,261.79640057197116
12012,278.1087872630304
12013,237.57804859218257
12014,295.57143367883293
12015,262.7943754855727
12016,248.56912238518547
12017,296.8700701653332
12018,295.79090711443087
12019,303.61763648320743
12020,276.71814940641195
12021,254.4976840087936
12022,313.53750321831257
12023,300.62518161848755
12024,305.974102860618
12025,274.4735612509832
12026,299.4239567420757
12027,252.67198244044693
12028,311.5834478434963
12029,257.77121663854723
12030,271.22632070898317
12031,318.3227546268237
12032,289.3926410647896
12033,290.34629980182035
12034,301.27271975339096
12035,259.92025725798044
12036,34.11789679498324
12037,327.38557612711406
12038,48.14225477967116
12039,251.454332413978
12040,272.8549692115677
12041,265.30557606289835
12042,286.17676043535005
12043,257.9632606074312
12044,295.8186750726985
12045,318.036293231693
12046,272.90486978644367
12047,291.14436273635783
12048,270.71177353710476
12049,325.14592426881563
12050,283.8678880838547
12051,269.5766677760196
12052,316.7293081052859
12053,278.49412688575245
12054,301.2444437523893
12055,273.3732997382607
12056,284.40068733023224
12057,264.15267154994746
12058,256.99388366852764
12059,304.84425950894644
12060,85.10070020099624
12061,276.74328460003414
12062,70.77177811708196
12063,300.5153929740326
12064,289.2471421803299
12065,278.71688059259384
12066,279.6098228766159
12067,287.10026734962275
12068,323.2631562889512
12069,277.758073634737
12070,291.35877296369824
12071,294.46684095091496
12072,258.2881620206269
12073,247.4073076989126
12074,288.5386313398185
12075,300.7357827339397
12076,277.9368143629092
12077,281.34193549336
12078,278.3149154076508
12079,280.69931267549873
12080,260.18868300861845
12081,277.71705596426295
12082,285.60538580299817
12083,300.9323028080648
12084,267.3377637570683
12085,53.59478705668363
12086,260.7936178733809
12087,270.884999829397
12088,267.6214552589492
12089,301.3931824628762
12090,251.58532428625193
12091,303.8738875316726
12092,260.58302832858897
12093,280.5344132095081
12094,266.5302161428031
12095,295.5665949351623
12096,263.7576229900087
12097,256.7216958068892
12098,277.11150680358617
12099,287.84753398795533
12100,263.57024016699114
12101,277.2821107049293
12102,262.06496910811165
12103,284.38454010726844
12104,289.6860267628579
12105,311.2724080877577
12106,306.5411412444129
12107,294.47972235392575
12108,250.73209697244494
12109,275.4773167682638
12110,298.69124184194334
12111,286.30523759978234
12112,292.0164266653044
12113,294.08115203736986
12114,238.68141293634557
12115,70.15375379236079
12116,305.87736893918657
12117,297.5685395873737
12118,258.3938493369654
12119,44.84332209111295
12120,272.4711545724582
12121,265.34272183417374
12122,274.7507418836685
12123,298.1705194722977
12124,298.75984137575915
12125,179.8504461506758
12126,240.60773209000453
12127,239.42388379870675
12128,53.481107418249934
12129,288.42173608914106
12130,295.9932175674104
12131,289.88516157853104
12132,253.51697642422775
12133,292.77273026793466
12134,257.492246073963
12135,250.61089719137647
12136,307.6051994592508
12137,274.1334481407528
12138,256.053943572591
12139,295.7613738781868
12140,279.99516335840735
12141,250.93865705455622
12142,290.1224555479473
12143,311.3999099892915
12144,293.217685096398
12145,299.6870703004372
12146,293.87124090756913
12147,272.874465790813
12148,52.64998793142735
12149,21.69240106595072
12150,283.35729940672684
12151,266.8432100519915
12152,262.5280918668803
12153,311.03511081600976
12154,227.11635033895544
12155,276.7885046597577
12156,42.085686125606145
12157,263.6669119772877
12158,39.899255861992316
12159,303.56999466634574
12160,308.42184883853963
12161,271.42096113243406
12162,289.3821224579922
12163,301.60821861572884
12164,283.6324691640798
12165,263.5608817672812
12166,254.0058600503977
12167,297.7029267339418
12168,296.6801835649911
12169,265.46935844545976
12170,290.716985907049
12171,295.50873440824313
12172,280.05379699521416
12173,278.12798876231324
12174,244.60645509064867
12175,262.4203494743035
12176,283.8716631191912
12177,258.5464022573408
12178,307.67872697707054
12179,54.71110662611764
12180,261.64331185158477
12181,205.40729088571914
12182,274.6419757816532
12183,265.01259306782146
12184,253.21287580116882
12185,57.925933269733065
12186,255.3968830549068
12187,234.75257389282746
12188,301.5684330357127
12189,297.3213708552197
12190,309.7351938853191
12191,290.1965530205621
12192,261.1809620268682
12193,260.30301983840184
12194,290.2727251635872
12195,289.04650945538293
12196,258.30276339060504
12197,274.5076206564413
12198,267.79974795694534
12199,263.2189647232615
12200,304.8659796968318
12201,278.18710419841307
12202,284.38693542673053
12203,304.42309458339474
12204,324.86830941036817
12205,273.84785008509664
12206,273.6443532657196
12207,68.63031956950249
12208,267.24787590970453
12209,61.54849754771479
12210,260.2538273006636
12211,30.428226500051665
12212,275.6227305895234
12213,77.8655985360223
12214,288.2512304583537
12215,256.5745531583601
12216,266.8543466357014
12217,261.884815489281
12218,17.92091855844322
12219,288.4912954304611
12220,260.882110071537
12221,278.90311516585393
12222,31.35812971905247
12223,273.9293225115238
12224,281.82111395444485
12225,278.28771006937126
12226,312.5695380706308
12227,254.85352862835754
12228,303.6430072271544
12229,291.00762172274824
12230,300.0896443259668
12231,241.68100817480018
12232,290.64467798798023
12233,87.68686533853005
12234,251.68157582116785
12235,68.59610651120042
12236,249.65466698109924
12237,259.40441158632905
12238,58.54438179869874
12239,263.45021918933264
12240,62.27431245512267
12241,275.5373983902514
12242,260.0417686813165
12243,269.94822118670356
12244,62.55976551014902
12245,281.12923857608376
12246,52.63794557514001
12247,266.30760350774756
12248,259.19455484449304
12249,53.03097526186872
12250,63.883539634949386
12251,260.9378339038461
12252,287.35986146814264
12253,285.63469224877247
12254,266.5881649439177
12255,59.202080357981345
12256,285.5966921408126
12257,55.571033112441256
12258,265.1456503445729
12259,297.2487438922912
12260,252.22581559483717
12261,262.69762224439364
12262,56.59162650071221
12263,60.17803097969562
12264,74.46530448748888
12265,238.26006546733677
12266,302.57721066950404
12267,261.3474918908633
12268,274.55731276645326
12269,273.588829135145
12270,281.0380563101708
12271,302.4468611139961
12272,292.63640564725347
12273,293.0389406866007
12274,278.0886350535743
12275,292.5041429583241
12276,273.7420882539702
12277,294.33562440472696
12278,32.463845296480685
12279,313.78973150675824
12280,261.0162388614559
12281,253.92984517560072
12282,277.0375403219856
12283,281.29589687428614
12284,265.2545250429955
12285,304.22476782728575
12286,290.1961870277863
12287,277.01219092310316
12288,65.7587399081466
12289,246.5580543681419
12290,287.6946488266358
12291,264.692667250349
12292,51.96783868913269
12293,260.57018331347865
12294,278.03426565494715
12295,288.14885153836246
12296,244.54435509733878
12297,62.820900779218704
12298,286.8578575425326
12299,59.399404290690995
12300,286.7971351962437
12301,41.57550304091117
12302,288.00703143425994
12303,281.97197354188665
12304,241.23293531647943
12305,306.2845570157159
12306,256.0441220315778
12307,275.2485932232985
12308,277.8726624858916
12309,244.1880562719686
12310,288.5023723804385
12311,283.5566986377254
12312,292.2328693561917
12313,277.1402933701413
12314,243.76726040998446
12315,290.38263487081497
12316,279.0701555530477
12317,301.5084659973387
12318,266.1639700206301
12319,258.4660991864352
12320,309.92190268492436
12321,250.27561469251043
12322,289.3357031352375
12323,292.03305891482466
12324,282.33630990472267
12325,35.011946261873106
12326,310.23797327161515
12327,311.6279029908726
12328,74.68137213128006
12329,287.28469143154746
12330,62.30222362824887
12331,305.67568801120126
12332,270.92710179009373
12333,241.99086191304738
12334,51.733534576017405
12335,258.5888668969628
12336,301.69922218530934
12337,297.99727921860705
12338,300.99097443319266
12339,79.8726854535258
12340,300.17835712923295
12341,300.75940886577825
12342,282.12641604596797
12343,284.9586805580178
12344,307.49464277267475
12345,304.28068961136626
12346,317.43479201306025
12347,271.35394777515904
12348,262.85738139159685
12349,271.3305136080098
12350,303.22022022714884
12351,275.1338024361262
12352,275.072567362436
12353,297.8802756418226
12354,287.60052055813134
12355,239.65410867273516
12356,274.77135071834846
12357,267.2706882632714
12358,269.48956255009006
12359,292.58173334257845
12360,312.1334992212447
12361,292.2953458198494
12362,288.54478934289415
12363,263.3711439500965
12364,261.7878181535684
12365,232.47203500147657
12366,287.146427001337
12367,289.67717141195493
12368,297.0830815229466
12369,309.6356534600498
12370,246.14374082934054
12371,49.61874493728186
12372,273.11297838398406
12373,274.42893127033204
12374,272.0737371671675
12375,278.0203410724878
12376,256.48275449756875
12377,287.58744177487733
12378,13.660096671209516
12379,292.69251505697014
12380,295.2056762833912
12381,285.2585250521088
12382,249.65280688659573
12383,267.62001891683985
12384,182.8079639046661
12385,270.2125107510104
12386,86.56651453160896
12387,43.421986461810974
12388,44.908315538872245
12389,249.00507462819724
12390,237.7097988749687
12391,-139.84924720579502
12392,47.73178671587081
12393,-38.49593689084831
12394,280.4445899448351
12395,24.985130206614286
12396,288.41098629474055
12397,269.3781307383211
12398,239.92833011794178
12399,31.414591588905154
12400,288.5319357847746
12401,311.45953174604267
12402,37.58660110014273
12403,59.359182437764446
12404,252.38233186290248
12405,43.18105728292181
12406,263.64570627757985
12407,245.79942208590603
12408,-191.68088436250426
12409,309.1136497282614
12410,314.6086187681382
12411,265.53215279939985
12412,277.4092715003188
12413,27.049188194429902
12414,297.69761399505796
12415,288.2580000219996
12416,305.9592306878019
12417,311.0951431398745
12418,269.02384197394156
12419,17.9851366390632
12420,68.7001039581308
12421,322.0205826181999
12422,104.86960654321322
12423,295.3312399370276
12424,272.909533146402
12425,300.58185875471656
12426,312.71862321262256
12427,79.27079362433122
12428,24.404985782230412
12429,308.81037994145106
12430,272.4451983171574
12431,253.24635715867063
12432,298.8754108614768
12433,309.94373974976236
12434,232.89532482032814
12435,300.9210753240375
12436,286.63632809524086
12437,266.7085688481069
12438,268.3241247672327
12439,294.30781377167096
12440,282.93315177307926
12441,315.12900674479704
12442,303.83556111098716
12443,307.0038211580214
12444,265.3641251599279
12445,312.2248717571407
12446,283.7311057855186
12447,302.8806369535679
12448,293.09335867090044
12449,251.021112511198
12450,40.851659802980976
12451,249.65243584797656
12452,288.35706778993585
12453,315.55567724795355
12454,49.07718872792282
12455,299.13297263100816
12456,275.90426445118703
12457,41.40403862356888
12458,306.68346589624286
12459,258.82229880168086
12460,279.08820406795286
12461,58.337356510451855
12462,301.78191345711167
12463,300.5631021536692
12464,292.2623411163009
12465,258.1280097747052
12466,54.02265022304991
12467,277.06483180607376
12468,60.535560684784514
12469,276.27301526031476
12470,296.4322081728735
12471,300.91861321627164
12472,298.07565174176517
12473,306.29257847768736
12474,295.5712447962373
12475,281.45685203105904
12476,248.1234978227614
12477,271.25928916935425
12478,36.82986161961253
12479,292.9077314708363
12480,47.62396767787871
12481,64.6879217073083
12482,231.30724248157864
12483,28.048884865777836
12484,275.59821482931545
12485,290.0002061008094
12486,258.19880001499735
12487,238.58729358951274
12488,282.25557397589995
12489,294.0347982414439
12490,297.4145341050713
12491,236.03884301991687
12492,257.30547265444847
12493,273.7727905423285
12494,64.85980553541819
12495,29.608122507077212
12496,318.0337395575141
12497,51.02975047169602
12498,264.2206979018374
12499,268.8483272347902
12500,74.02989737888726
12501,305.3471321886257
12502,238.75209568240564
12503,309.1328049535526
12504,261.5260484262037
12505,253.85790032618405
12506,0.5519186014259247
12507,57.447488788046115
12508,49.66609919645771
12509,35.99733105941377
12510,279.41404492140225
12511,314.0446219554706
12512,265.848536294038
12513,312.14887847776583
12514,293.77637516546565
12515,304.3709447549234
12516,277.9558642973634
12517,286.71742417264994
12518,297.82123225822306
12519,279.4871449257725
12520,68.28799406183072
12521,275.89758962547637
12522,272.5978275845848
12523,279.61210526556613
12524,314.86974985482874
12525,300.3742546613774
12526,278.26737721984716
12527,299.94429377215823
12528,44.9544548844118
12529,254.23114759128532
12530,306.1790755371239
12531,270.6629278666576
12532,274.5236890010573
12533,306.76774537152005
12534,57.67438092407596
12535,240.56924563840403
12536,256.2549354680723
12537,60.3546777190073
12538,287.60568271510715
12539,132.74434105471283
12540,270.6309761937929
12541,292.7303751363473
12542,321.60792317024607
12543,279.50940236125643
12544,262.7328185743406
12545,293.8906759100515
12546,77.34821612160627
12547,279.8219928356743
12548,308.2699625122847
12549,297.74422176163216
12550,299.6918208882595
12551,297.637263555886
12552,259.900223303353
12553,308.84226775884605
12554,244.09435163428344
12555,307.2103731758118
12556,266.5071135985154
12557,259.21708714908414
12558,299.2689564545189
12559,267.26334643359644
12560,71.39973785134075
12561,292.09266009210387
12562,281.95263142564755
12563,272.51454729725725
12564,283.51596549779947
12565,12.002935765504304
12566,298.14636868589685
12567,258.21934338801054
12568,294.0175087776496
12569,49.099148266381064
12570,246.01651027500074
12571,251.59255535253783
12572,62.61044785498265
12573,263.47726297914653
12574,275.3414313819788
12575,273.266512954438
12576,284.0408596564896
12577,297.276901014635
12578,299.4333755455959
12579,241.94379841148697
12580,261.47449358559095
12581,281.64851015101584
12582,49.542866660681796
12583,273.25727603309787
12584,0.8930036502773646
12585,261.28377032417865
12586,262.879122078552
12587,46.01707601740276
12588,306.5402679807823
12589,298.9006956660482
12590,48.13911214066235
12591,71.65258686206349
12592,294.0241083671933
12593,303.4300153524666
12594,273.06553657871274
12595,276.4796693344706
12596,303.6938027020937
12597,278.4532026017025
12598,304.1195215572244
12599,271.7792332588776
12600,285.77761475801685
12601,309.0747439861133
12602,318.40026104771175
12603,280.65115867708835
12604,52.83217808531697
12605,270.74935442723245
12606,273.18258701606555
12607,255.4871944470573
12608,297.4761264641288
12609,285.7412557668187
12610,281.3995584274578
12611,309.8489680606043
12612,3.4409411659594724
12613,254.22351269881185
12614,36.137664867389134
12615,292.51778937831335
12616,284.9760155259242
12617,249.53373243834682
12618,233.63026184349638
12619,261.31198375181657
12620,258.32368611833783
12621,232.8618552211006
12622,285.58956346289824
12623,299.3933030663733
12624,263.7355768212051
12625,39.796625985269685
12626,300.30660501912973
12627,292.0283305738212
12628,284.9985203863418
12629,294.1862895986236
12630,68.71858856322254
12631,251.3302478522326
12632,280.41885222865733
12633,283.5755815414351
12634,37.387581491089776
12635,256.7579961530595
12636,24.328043810056016
12637,255.58600761581573
12638,293.4583664828547
12639,246.08716737769478
12640,57.15279204022815
12641,41.064549716556826
12642,269.3617527458632
12643,282.31774097728464
12644,266.0431279349356
12645,270.34342236539993
12646,50.24855292434083
12647,317.1013906110785
12648,26.547064928784366
12649,294.8585973891081
12650,256.0380772512845
12651,74.6025333122567
12652,47.243600975963545
12653,292.31122268318086
12654,268.28596775388894
12655,293.54020477394283
12656,267.9303118128347
12657,268.72065775527113
12658,262.59123212778275
12659,263.1673418937447
12660,262.17770052977596
12661,68.97598039049456
12662,285.0668364376975
12663,294.01992282693124
12664,268.4880389665855
12665,19.80656648728285
12666,259.0025191012256
12667,309.4532540661056
12668,248.69283660718563
12669,296.5375173439654
12670,56.36724623046936
12671,49.27270603048805
12672,48.14984614382939
12673,51.31800391411892
12674,288.4586106155044
12675,275.13449108301836
12676,217.7984268819183
12677,247.70259469959282
12678,43.61819939525839
12679,236.15784179603483
12680,-41.47523238317068
12681,2.4128292013871686
12682,295.11567363728125
12683,313.1806265083965
12684,297.561896957302
12685,259.3861703104633
12686,25.541949814744257
12687,37.99587896791141
12688,52.48118777754098
12689,281.97562753858693
12690,300.91923432367594
12691,325.0947747580216
12692,30.912174920600137
12693,64.9543466678191
12694,277.13698286342833
12695,240.82513085724887
12696,51.70285846202199
12697,38.1792548253774
12698,-18.540461635201964
12699,264.10630316946686
12700,241.13872932652973
12701,259.10497900700045
12702,283.82402549593667
12703,262.52163401668776
12704,283.21646214867496
12705,300.0661463019368
12706,255.388204027207
12707,290.46017082845776
12708,284.28524095104945
12709,260.1711226450817
12710,259.7319316555669
12711,300.32742446899556
12712,299.41260083222755
12713,58.91639966272302
12714,301.1308412618444
12715,255.49252875391468
12716,54.877561223138656
12717,288.01664730952314
12718,285.367816223595
12719,252.19213447581248
12720,293.86594243830416
12721,37.11711498058219
12722,286.6859257759694
12723,84.16433935893198
12724,289.7817122711186
12725,41.30744484908638
12726,259.5651819739691
12727,23.849107275359543
12728,14.904379566293827
12729,177.28359965536086
12730,269.48537165335995
12731,292.70633860821874
12732,303.7144699670131
12733,303.47603938261483
12734,294.00162655296947
12735,267.88414245286845
12736,262.9560334312472
12737,40.15150816349313
12738,296.91545397545747
12739,191.92910962136756
12740,266.99115649964017
12741,246.09318404191097
12742,306.6844798417143
12743,278.0161960132086
12744,26.526942419221882
12745,302.59280706602954
12746,49.97312714149899
12747,248.5188697483915
12748,251.4787562299676
12749,300.3173398474279
12750,280.94663674589265
12751,307.18748971896855
12752,245.56446866946266
12753,256.3546820953776
12754,37.520025207539476
12755,26.981548147585215
12756,249.30634996661848
12757,276.15550321737453
12758,288.797114674975
12759,279.3135899727506
12760,255.8643925088097
12761,279.11114134820536
12762,267.6654003718286
12763,44.22845854546034
12764,305.790134129752
12765,266.36301497057445
12766,294.78027062075614
12767,41.1671237217067
12768,292.1517128506537
12769,310.5729745171997
12770,242.6582493886563
12771,265.26372261400945
12772,271.48157431171444
12773,305.47056002056047
12774,289.55517718694097
12775,305.9398279244908
12776,297.57271035440925
12777,58.59781276992615
12778,276.3950238542431
12779,282.61785409430587
12780,268.97507486501297
12781,306.5038788232819
12782,288.7014283067416
12783,297.18848966109545
12784,32.31312978418583
12785,272.04036728065813
12786,60.934008011680476
12787,252.09141527224565
12788,69.97469266047858
12789,288.3165363411217
12790,50.480708426492356
12791,287.55421496304086
12792,294.0197557300339
12793,42.01668979386179
12794,284.22178955388586
12795,270.7883158133261
12796,280.1028916849234
12797,293.9608429732613
12798,293.61921903186476
12799,41.18420189225881
12800,238.6326935606138
12801,288.00450078446045
12802,289.29194653036626
12803,294.0813342367518
12804,264.6785912825317
12805,56.69794487396601
12806,270.4996616269152
12807,294.81694250220255
12808,3.864400977433604
12809,270.69877120757764
12810,287.7208267778757
12811,310.56080675806913
12812,230.597796927031
12813,319.4470602502215
12814,305.0168581792185
12815,296.2435286995685
12816,309.7168611310611
12817,285.3045451715212
12818,40.13881075421696
12819,243.38662741808773
12820,43.33522090554479
12821,271.281994813383
12822,290.74308567959
12823,279.13140460254635
12824,271.8331335006302
12825,54.17205409426194
12826,48.655088201138284
12827,256.99427196356044
12828,302.5291062874411
12829,263.5181906446426
12830,277.35872740970376
12831,254.71454677193145
12832,305.43962694051606
12833,245.29874146668598
12834,-14.128362901370608
12835,225.40420867640898
12836,312.37010881578215
12837,228.91687624249832
12838,257.76332426926024
12839,39.146319293088084
12840,327.86918708418193
12841,289.55297773112056
12842,272.9150535704953
12843,40.56209784277945
12844,306.62377561132575
12845,57.40003060314231
12846,311.5076634452997
12847,253.448924373496
12848,66.58259095257415
12849,295.1788783647644
12850,53.70744904546342
12851,212.43955634736125
12852,275.1655357336497
12853,267.9045546296668
12854,-73.55572810685136
12855,304.59559698183455
12856,296.44557492109243
12857,284.63521001050674
12858,289.7379575694265
12859,266.7829259857531
12860,232.94505144650748
12861,305.7375821621413
12862,273.9503318521914
12863,26.93057990819122
12864,46.829437266188705
12865,257.0690159371204
12866,292.95785634080556
12867,233.79605312007556
12868,287.28803046090644
12869,48.42684350218579
12870,256.8304885819035
12871,303.10514777373925
12872,264.60400447926656
12873,290.7459723085053
12874,237.48725753443796
12875,248.4704718037799
12876,285.1200862899659
12877,294.75211668074513
12878,275.97096851733625
12879,272.2817110178927
12880,263.93267590506275
12881,299.05367306734996
12882,279.8520109140012
12883,298.50357709370394
12884,298.48584590849094
12885,250.78492574633637
12886,44.03785731243343
12887,287.7166347571183
12888,236.04539709165203
12889,197.92109214410945
12890,285.5724374312377
12891,300.0138103614825
12892,267.3498805516084
12893,302.72620317781707
12894,270.43811343731977
12895,49.00524532815842
12896,81.81393819043495
12897,79.02423190071636
12898,304.365097961755
12899,45.21675670983356
12900,260.1409707135726
12901,78.1503746666354
12902,298.8258102854892
12903,308.0048305144895
12904,58.492354458251896
12905,291.77246504536856
12906,48.62519812731858
12907,270.57390802627106
12908,281.89596617661675
12909,282.01857535307647
12910,296.99353590642187
12911,277.2717993950297
12912,286.70668589731713
12913,299.418925637626
12914,55.90687136214194
12915,42.86167806371992
12916,307.1541928215
12917,278.95690292083805
12918,37.661311521280396
12919,287.08741229559996
12920,284.56447929786054
12921,75.93815040353539
12922,299.6445321336124
12923,246.7829722440074
12924,279.29480599257
12925,257.0786697726992
12926,248.00802902305287
12927,56.69863324443966
12928,-1.3472421641867953
12929,264.9692542960464
12930,51.16877712906776
12931,293.0540879529301
12932,318.11651619511235
12933,249.58621383752157
12934,274.5992358517316
12935,53.803943189800236
12936,237.73878544035796
12937,311.9797043469829
12938,281.63172203554245
12939,27.837036711033065
12940,263.1897696905332
12941,284.68480803608736
12942,303.7315318279639
12943,310.2970229875797
12944,281.6243510013717
12945,293.1235642731748
12946,60.493009889457426
12947,271.0337140981976
12948,40.55437494734997
12949,265.92061076570803
12950,282.45504829351876
12951,50.49463653909271
12952,243.28366630739208
12953,309.43437274226113
12954,41.90847091155695
12955,314.6840293844173
12956,67.41648282010158
12957,270.17559621124155
12958,240.1285825188165
12959,303.44335011245715
12960,303.3377893851288
12961,252.73760645061725
12962,72.54658810206175
12963,280.8960848972641
12964,249.9263026092318
12965,27.513470019538815
12966,278.6920704782233
12967,287.76025110639534
12968,295.93831774499654
12969,319.85812932070064
12970,238.0750947562953
12971,271.68236440883976
12972,253.94964279630418
12973,304.6322198194649
12974,48.76589326556231
12975,289.387471795613
12976,254.91803706163685
12977,262.69608236179226
12978,318.9384389074789
12979,294.44167949079645
12980,47.61445171284362
12981,298.5416437125299
12982,315.2891572504563
12983,290.51295617805863
12984,254.3563722515991
12985,296.9499329593159
12986,308.9577215904563
12987,297.9322102070061
12988,312.44204231712354
12989,279.0849410425087
12990,303.9827060611976
12991,299.6510382043579
12992,265.7196489959571
12993,288.12204137309584
12994,290.4501096602281
12995,269.6597667399068
12996,271.4906197001637
12997,296.32287301259987
12998,313.4364491496077
12999,53.28051362844582
13000,278.79451744982083
13001,62.08855243119993
13002,291.0820762874779
13003,252.2619163410165
13004,289.42204163691775
13005,288.20761327556454
13006,59.24857216772773
13007,310.39011767880675
13008,57.735587251486265
13009,300.64634763626896
13010,289.6772658816212
13011,296.6521229053175
13012,283.581597199338
13013,286.3267717546096
13014,308.9164585618817
13015,246.65863995388585
13016,294.081312156173
13017,64.46858577858703
13018,290.10867057447297
13019,66.81737600064454
13020,255.7175165915056
13021,266.5682369507771
13022,47.515265481919414
13023,309.67178100283843
13024,292.7094235031809
13025,259.33892678968346
13026,305.52430037078886
13027,236.17325660650712
13028,280.48445619705967
13029,299.509713778909
13030,277.05779656887364
13031,58.67936956441636
13032,281.54562540701306
13033,52.268528066128795
13034,262.00763761187784
13035,309.1857234497305
13036,270.02487205341623
13037,317.32674457456847
13038,279.44345770585653
13039,270.6208355667531
13040,260.1945737482183
13041,274.3725972460071
13042,305.9399664097547
13043,261.30522245911993
13044,287.99369560919985
13045,236.30985397624247
13046,288.105447428862
13047,291.4413167072795
13048,310.2071874035773
13049,305.54249148955864
13050,250.0580402874258
13051,281.4091081407095
13052,306.2046800274131
13053,257.1557901867494
13054,248.9777894881046
13055,296.0804190877279
13056,290.0787507778447
13057,261.070808050161
13058,269.3047695512138
13059,262.33189102887263
13060,268.91935869569545
13061,272.12441375236136
13062,283.67045412854276
13063,290.6391925414382
13064,315.72603382307267
13065,256.1645943111099
13066,281.2631787082091
13067,281.73865578338587
13068,259.76747803625017
13069,273.10106431408616
13070,265.2185471913116
13071,272.43450401378993
13072,281.61055941797866
13073,261.95006463549134
13074,263.41271141754424
13075,247.03022503580672
13076,247.2130411121344
13077,68.29035596568826
13078,271.7214100254054
13079,314.090474218827
13080,296.43632147230215
13081,293.14187315167067
13082,284.80514200213173
13083,282.74103765807797
13084,300.4955846360639
13085,257.3840753531706
13086,249.5265658663963
13087,265.1701288134326
13088,262.7350056621782
13089,249.23965016997536
13090,48.96085417501024
13091,300.44719386657
13092,299.3395995146623
13093,260.48966839437776
13094,266.3564080926407
13095,270.7116055293894
13096,293.9591096536151
13097,281.8227734271859
13098,256.9624153253198
13099,259.0256534498782
13100,247.54950094937075
13101,294.01832683753037
13102,295.81497270875434
13103,293.7120819027091
13104,243.66868489272653
13105,278.08166530238515
13106,65.08254295415094
13107,27.15636382978066
13108,276.5638894915952
13109,60.79467654751798
13110,248.04354304282472
13111,267.7374147431786
13112,251.10798661571164
13113,66.88293134051585
13114,72.25056958813573
13115,263.1364379430294
13116,282.12896357738884
13117,283.782096410436
13118,291.2753334823256
13119,262.8144972675579
13120,267.47942762827756
13121,254.67415774953412
13122,279.40041943050846
13123,285.6093765577097
13124,314.05681927676846
13125,72.47616600451451
13126,279.3874100791067
13127,304.9126432913046
13128,279.17643786255144
13129,312.88058805946355
13130,271.95128569127655
13131,299.53190103096176
13132,67.40819937480194
13133,53.47328056073283
13134,301.6379994113853
13135,296.4002549723832
13136,275.9734613866925
13137,270.6021281324349
13138,313.6396998238623
13139,262.34732953566004
13140,57.06478166352548
13141,78.69090269755765
13142,258.2575246128315
13143,275.49189524944427
13144,275.1531669665315
13145,277.9553180218143
13146,52.31904972320447
13147,87.67891686812277
13148,270.5055462383707
13149,297.41633053323625
13150,293.71278143963065
13151,266.8709636072007
13152,98.63468478768823
13153,58.62787835126349
13154,61.62396364391418
13155,276.9852408731759
13156,270.5636790705639
13157,270.4805417168516
13158,297.0166946322842
13159,55.258844629962255
13160,249.69777720663674
13161,242.82307915931898
13162,304.02935829539354
13163,248.7226275179282
13164,280.6179342321292
13165,270.3547011927469
13166,276.074861021601
13167,266.2935340354206
13168,283.1819193062238
13169,282.26979257339866
13170,248.0838741714245
13171,307.8409015653383
13172,254.70172975706612
13173,268.6844788465053
13174,294.2869380291165
13175,289.160962399765
13176,271.03832584941216
13177,63.06921031962577
13178,259.6234153365265
13179,285.7117942840638
13180,275.5007682854602
13181,284.82078907316475
13182,268.6781347888952
13183,280.22898873305616
13184,273.7656862273968
13185,271.4528336353394
13186,288.71150549986174
13187,307.1087779112418
13188,242.1458761374027
13189,310.5624701395048
13190,297.2485018577685
13191,259.66291070989746
13192,268.9891635391683
13193,258.25865450773983
13194,302.1954942071852
13195,291.34384050579075
13196,274.2217510372394
13197,277.3509456706765
13198,283.4998942652709
13199,281.0110583843476
13200,316.2428777089484
13201,307.33951568984367
13202,282.00651241374146
13203,255.84158966481434
13204,278.2809055672494
13205,283.16572599307153
13206,300.2681262522368
13207,284.0697818660176
13208,267.75509236841077
13209,244.9844337714422
13210,57.947507643481316
13211,307.99845675473205
13212,257.84950888936726
13213,283.2193130982528
13214,266.06093150205504
13215,249.88400517228828
13216,261.53600957865257
13217,270.8365157547557
13218,284.6259871000625
13219,278.3796451840769
13220,265.55606580782387
13221,272.4784698135536
13222,309.4366061339145
13223,273.50850984352155
13224,246.11430902629488
13225,296.37519415714854
13226,300.0282790141032
13227,303.0458293690708
13228,282.1037464843638
13229,265.6441442838004
13230,256.759065898016
13231,78.81920390786433
13232,65.87922283084953
13233,305.26579840301974
13234,303.2296438501545
13235,242.87624886408875
13236,278.0521682793062
13237,295.44156536282776
13238,72.26293204223487
13239,284.5954153779203
13240,306.418303302316
13241,257.23965800790893
13242,278.1459614437804
13243,301.9828382792067
13244,312.92854191305236
13245,264.28032512875745
13246,301.44570540246195
13247,285.49009452693895
13248,308.5607903548521
13249,270.18947831224193
13250,275.81374545210645
13251,270.09299456713404
13252,57.268918992044235
13253,280.3640651506429
13254,303.0289318521754
13255,239.18624314865122
13256,305.819404174758
13257,259.5187887822134
13258,306.2720062185865
13259,272.25395530903825
13260,283.3575894484445
13261,261.78540712332597
13262,274.28496160799256
13263,287.55613494053557
13264,310.97774799059073
13265,298.4102750586406
13266,288.29564909341855
13267,322.2110619786535
13268,47.42725678845011
13269,63.810337195933386
13270,284.42917081564053
13271,313.11614336747505
13272,44.309263888485276
13273,266.6481527795359
13274,306.51990681364407
13275,285.77371471500317
13276,258.48554689166144
13277,301.0784593019514
13278,306.7685589732026
13279,321.1208683869629
13280,255.63259960608985
13281,34.06347759353261
13282,280.25038090437056
13283,261.56461174891325
13284,274.0413233041827
13285,284.4817700942533
13286,276.74822153485593
13287,285.14929951427905
13288,289.28247564750234
13289,290.22564882128177
13290,293.7818020134975
13291,279.8113868241982
13292,266.11291806410327
13293,285.94963740931837
13294,309.39763887339944
13295,259.1149140051242
13296,269.2274328752791
13297,278.50745911441425
13298,283.38096140460294
13299,273.43782210984875
13300,257.11120869989776
13301,311.3865105218526
13302,270.426324735274
13303,296.0933333060323
13304,256.92671742556894
13305,275.49188734381005
13306,259.5974581860445
13307,302.7401973440499
13308,262.5659851329848
13309,287.8427134206787
13310,266.9529989818502
13311,282.30327036010414
13312,55.28069234997551
13313,89.29873029220028
13314,283.570923956876
13315,303.4090275278269
13316,261.65616468483273
13317,288.48300666406567
13318,279.47644715091815
13319,258.04584168524605
13320,-835.4875757703759
13321,277.7001255453711
13322,259.3558808993113
13323,302.45948710708694
13324,311.5485067941197
13325,288.0543340567425
13326,37.91367346304003
13327,273.7733430586417
13328,254.49216332611334
13329,306.77187365225615
13330,293.0039373119381
13331,292.13655302013
13332,259.26256844649004
13333,261.92178867851896
13334,289.58407548980165
13335,319.04239450833967
13336,273.8762496742097
13337,300.27419023941485
13338,289.2018950926592
13339,250.3232011379159
13340,282.25536289923167
13341,296.37061488944903
13342,284.25431025200396
13343,285.8696601905525
13344,269.53800901153636
13345,291.98469425265546
13346,273.0127325799589
13347,284.59739993388473
13348,287.07477140093727
13349,301.94501064183464
13350,293.9034761997007
13351,259.4821732841574
13352,70.30960828359184
13353,39.349531662434885
13354,243.9004980160029
13355,275.2404043488143
13356,70.08291357400054
13357,271.3266234869499
13358,302.0671873880999
13359,262.3889142665843
13360,59.626042296675394
13361,272.7869271933498
13362,286.87284879367013
13363,37.95594158383631
13364,278.03670458434203
13365,298.2222569362651
13366,247.2383773756696
13367,289.0598817038534
13368,269.3182331245905
13369,277.85279476115846
13370,296.3416010228301
13371,294.7798836512957
13372,70.60392702733003
13373,309.57182045864334
13374,53.60636580121894
13375,294.1361659195062
13376,312.0345689133445
13377,267.88395240654074
13378,298.4766794899232
13379,40.27401623980529
13380,67.67926102173377
13381,31.966948908726863
13382,317.40153504779704
13383,285.95654903046966
13384,294.5735181130635
13385,271.73970766989027
13386,245.15921552666046
13387,302.73564334229695
13388,261.29088173023763
13389,83.20195683185892
13390,306.9914214886316
13391,279.3150457906793
13392,271.9914438030768
13393,254.2851531138924
13394,280.1711018493629
13395,286.2054818362802
13396,270.1310011447137
13397,278.472217335698
13398,284.86170625140153
13399,65.12236897149882
13400,271.2412917193329
13401,276.0023155978108
13402,276.7935777468431
13403,298.56443300450917
13404,45.53557392968608
13405,285.313997276465
13406,292.4554089747746
13407,302.26498508226155
13408,296.85650636214973
13409,60.51594350806417
13410,269.2253480960211
13411,252.34298453452942
13412,286.1717011386968
13413,279.3337722312297
13414,256.7876525526794
13415,314.1798485557522
13416,77.05010451163338
13417,253.85834010437657
13418,66.00701220152638
13419,293.3526896066329
13420,276.23013901090894
13421,260.13063767255017
13422,276.0215187052976
13423,266.0340757420774
13424,286.23145895294925
13425,274.0987221573364
13426,257.8323868209908
13427,298.5608082096443
13428,244.98693151685654
13429,309.48263331128044
13430,271.4858728500586
13431,291.7640561377128
13432,252.92687218267358
13433,320.3042518554224
13434,36.96622353302021
13435,300.4982031219208
13436,286.91665892952074
13437,249.22437481343056
13438,63.207033435331425
13439,273.41529832629345
13440,279.40303324281575
13441,300.3885460888587
13442,58.254571309112265
13443,261.2758672889662
13444,310.46164659511754
13445,288.9438267224673
13446,295.81449234313277
13447,267.99017484840533
13448,44.29956319908334
13449,274.5104749655965
13450,281.88684607192863
13451,278.7542471751425
13452,241.84153993348818
13453,276.14729040004755
13454,252.83568822701034
13455,281.09052435582464
13456,278.05032382468073
13457,262.83569573489194
13458,269.56782123313036
13459,311.1737739528709
13460,45.934976640870076
13461,256.22876583238593
13462,258.96810869736095
13463,287.4086500122248
13464,51.70631991349015
13465,297.7261654924588
13466,292.83101332165216
13467,284.49534521128516
13468,309.36242184027583
13469,68.29156765171979
13470,305.87996731243294
13471,42.29195192628575
13472,275.20244240283205
13473,277.8266968471122
13474,287.8000141663579
13475,64.58446909356951
13476,265.471847913043
13477,289.6381323594746
13478,264.8494198175579
13479,33.53052305461199
13480,326.82688819375926
13481,312.88509589899365
13482,246.54349388523627
13483,301.89748817435213
13484,282.6565520122854
13485,269.3627428936526
13486,66.41372286399672
13487,299.07467508512013
13488,278.6535590677993
13489,80.27876405688926
13490,289.28277699559123
13491,305.47746771820596
13492,308.69722298563744
13493,250.624707877939
13494,53.83699493481657
13495,257.43783323814625
13496,303.9136348671393
13497,277.2694340672824
13498,277.27128046145407
13499,268.00104150050134
13500,271.51894254217245
13501,293.0620428457164
13502,276.5671657260157
13503,54.75871881016673
13504,305.4673084329579
13505,276.39464755909523
13506,262.4223554890599
13507,67.55747635433087
13508,270.5985331566045
13509,284.222543484876
13510,278.74126896273435
13511,288.2348727290029
13512,263.51600629615456
13513,262.81491966664385
13514,304.1407500846319
13515,273.13822798719696
13516,71.09081248335997
13517,254.01405684992278
13518,256.883357294013
13519,273.33828624186015
13520,270.1562845763302
13521,274.306825153721
13522,302.11601609484904
13523,51.37189430175064
13524,281.4068061178232
13525,306.98088403038895
13526,292.13311213523673
13527,259.65089439532875
13528,66.21773997231219
13529,276.3892063256203
13530,246.38006078259036
13531,267.62453611120327
13532,279.4978140733609
13533,278.17382283302834
13534,289.4036047265648
13535,299.5288371937693
13536,297.2776521585385
13537,278.25071010953104
13538,262.7831957452318
13539,292.44347062907565
13540,65.549251053713
13541,262.9261997759608
13542,273.23158856718214
13543,263.29768668105953
13544,285.4275343222886
13545,266.2526047610727
13546,280.5730201665449
13547,306.8838485942953
13548,277.51680266573646
13549,28.40069688531196
13550,274.55715327124454
13551,298.149538402713
13552,271.7140417575898
13553,268.4421822051165
13554,67.20363372435799
13555,286.4674619678087
13556,260.57345019045636
13557,288.0774870816967
13558,275.436363632987
13559,287.2070688875734
13560,269.46742895524324
13561,258.9390397984755
13562,259.1258011322955
13563,263.5983298309176
13564,291.4665719620778
13565,300.1407615066307
13566,311.2757983890242
13567,285.0597529880331
13568,303.4722293505088
13569,289.558747671192
13570,68.38405112784346
13571,287.4530493639629
13572,303.73877262992266
13573,309.481033147979
13574,266.2566441549425
13575,47.03216952783592
13576,301.4951429669578
13577,319.3163896265228
13578,281.7032591317701
13579,303.44992048495294
13580,266.28123719079053
13581,31.373868246978617
13582,289.02050745098114
13583,299.64021925513276
13584,270.0771371024436
13585,292.5971739038816
13586,271.717481216545
13587,283.6453441759396
13588,46.94077292258524
13589,57.09340767404606
13590,254.01127896340813
13591,315.55347464643694
13592,246.58301005388523
13593,285.5355835524041
13594,310.6482356930253
13595,279.92380051213667
13596,283.85513993674004
13597,244.91252735971887
13598,62.67447110341365
13599,305.47757086381614
13600,323.58716763479265
13601,292.7801191742954
13602,310.38270597212875
13603,292.2755923071884
13604,265.1167348751235
13605,260.94577705982886
13606,67.69657163992753
13607,54.6374415921083
13608,309.4658858427671
13609,287.96663841511383
13610,316.1520023230049
13611,281.0682537362282
13612,253.5371279847888
13613,58.887354767886535
13614,314.8212577984718
13615,256.1145705987972
13616,275.8246407893664
13617,270.9811214063046
13618,286.11631149682296
13619,60.92259415723936
13620,257.6533713141248
13621,250.3073515259976
13622,274.5668527580416
13623,59.14903535859233
13624,64.52353711197887
13625,290.2677942692119
13626,304.84538126375617
13627,27.39825219926523
13628,322.5107644562555
13629,278.41548040415114
13630,267.8590250492039
13631,245.67285609012424
13632,39.832000600987556
13633,298.73266588328266
13634,219.63674064269796
13635,282.0143746974569
13636,74.82522863869599
13637,47.74704280430578
13638,301.1064063459608
13639,286.6541867755562
13640,48.32362344532078
13641,62.79769718159912
13642,250.72228738259753
13643,283.7738592668731
13644,266.76585820301904
13645,297.98758623870594
13646,270.822587542278
13647,245.25378451827459
13648,263.82459042016217
13649,311.6914476427296
13650,277.9949468827721
13651,290.35559699129794
13652,299.636349480814
13653,314.19669269415
13654,248.9425287929707
13655,82.36007335030573
13656,268.5853941412587
13657,71.52369701374101
13658,261.39796926926937
13659,-24.276206854359145
13660,265.8724021015056
13661,272.15507456814197
13662,274.5034176543253
13663,288.4808459567032
13664,9.675469788599088
13665,272.31865032754206
13666,296.29121137700037
13667,263.50703019389
13668,259.76330983756213
13669,248.0779366327366
13670,250.4354715541346
13671,277.862798405278
13672,300.6780136193512
13673,61.61037400070413
13674,306.24948801522083
13675,253.99586887650355
13676,283.2117060072354
13677,295.705703807256
13678,280.64570694703184
13679,44.06768990633279
13680,300.93398128363253
13681,276.7469858366227
13682,304.32886632714633
13683,295.1268336144735
13684,247.2884357711156
13685,83.64842492350385
13686,312.9076961405825
13687,310.7594824905623
13688,67.94834236635657
13689,284.6327198977458
13690,254.47063371572747
13691,325.4964087740716
13692,49.59944675138868
13693,70.52034994795795
13694,268.5194603382591
13695,54.52900740022426
13696,59.797276221099736
13697,301.2973696792852
13698,278.1904922740014
13699,56.380912685140316
13700,41.56606886155831
13701,47.71588160171774
13702,308.81375430693885
13703,66.64219091008141
13704,266.236919343433
13705,279.8015350918261
13706,50.61795691032606
13707,71.63893975016748
13708,265.01942565900265
13709,57.07961682671393
13710,61.543556804895644
13711,268.00289342362987
13712,288.79035241991375
13713,276.2859327266126
13714,281.3735100366498
13715,280.99068479748996
13716,69.07955377948673
13717,260.5530724908003
13718,68.43440912427886
13719,321.08549007523504
13720,267.9841589532677
13721,284.00534766366286
13722,51.43153051588993
13723,301.9390529971062
13724,57.199463395369776
13725,275.2435931924605
13726,265.5684449042129
13727,294.9405796587106
13728,66.5381313673881
13729,279.5471845623211
13730,291.16097098402827
13731,269.46735749406423
13732,273.7366302182768
13733,318.09628518505104
13734,69.31453475070373
13735,81.07353716055906
13736,285.5702199737721
13737,276.3998735491322
13738,240.75534246669025
13739,63.59035298379422
13740,271.1954385345931
13741,267.8906740297821
13742,264.8164488812058
13743,259.7785616176627
13744,22.15380444442883
13745,297.5360068699114
13746,202.72562431655467
13747,312.8368805078778
13748,280.9478465405142
13749,83.78678042910911
13750,306.5633366428111
13751,268.520080711435
13752,277.1744472906321
13753,238.94264555845416
13754,305.6289519529305
13755,265.42130735019333
13756,267.5494810445987
13757,280.83604880891414
13758,57.508763005245584
13759,68.10226678032336
13760,52.950258365109676
13761,273.5585557308513
13762,307.9141960329423
13763,63.93744125860462
13764,261.95183883874535
13765,60.06779077259151
13766,301.07967946108994
13767,298.01868851042923
13768,57.19095283649486
13769,263.9990932073621
13770,269.38057015431446
13771,247.18747435252436
13772,307.1708086892105
13773,54.99449718101985
13774,300.28693620787635
13775,265.25503748029183
13776,278.25949027760703
13777,237.92701637536413
13778,59.68204241056097
13779,273.78446321290767
13780,247.88811109442878
13781,284.84373771394996
13782,276.45846645086147
13783,250.1488345871104
13784,288.3471952343772
13785,272.93968717606504
13786,268.2976199448261
13787,42.514444807827005
13788,293.1449084343611
13789,266.31806844937705
13790,257.6403822267183
13791,319.9758871503992
13792,308.9661859279061
13793,286.54630473581824
13794,272.0821149486866
13795,247.9786342265484
13796,273.529072877785
13797,274.4991203950816
13798,258.9001451964089
13799,292.30423863884823
13800,316.39068392347735
13801,62.664157690216854
13802,81.8802574954027
13803,262.7653024945614
13804,277.6104849400064
13805,310.768224859671
13806,278.8783392923755
13807,297.84576516512095
13808,246.70109671410933
13809,62.62779327427168
13810,287.44039909930586
13811,277.4926512942569
13812,276.2472761085111
13813,285.7127941798373
13814,251.99521181776873
13815,313.7470725118795
13816,278.34128272342997
13817,285.8057625972596
13818,267.2407693114064
13819,240.90351914166052
13820,278.2488164658066
13821,286.7864470032031
13822,288.4622788277817
13823,295.4948157180089
13824,282.9521199765234
13825,265.4687962323791
13826,302.5828805468975
13827,299.2353784766081
13828,282.21236915984025
13829,302.42186643251137
13830,58.53412529777742
13831,254.40721662018066
13832,260.553193933266
13833,46.870155770442864
13834,297.2007527045829
13835,258.98873242883576
13836,260.26527788087935
13837,310.0737442420283
13838,75.92183019694886
13839,253.20897722784886
13840,258.1552481762525
13841,242.1360271342744
13842,285.6139563520868
13843,268.74323713485
13844,298.96440406249235
13845,247.2204395118297
13846,280.1712708690259
13847,272.669420383296
13848,272.979840664678
13849,314.10763738212995
13850,281.0505321359037
13851,287.3314531476025
13852,297.66564310265636
13853,54.32579380168471
13854,315.0182478153507
13855,300.7067218782791
13856,313.1356112902512
13857,312.50103850897074
13858,269.6914536810074
13859,281.71960223015463
13860,249.3389731919117
13861,310.828215846804
13862,292.0207044010556
13863,281.8881902796023
13864,275.016435480946
13865,-5.222584954890138
13866,286.0211882634508
13867,291.05396527115175
13868,71.31044986009769
13869,282.98737561053446
13870,262.20098300508175
13871,274.9010024543428
13872,312.74905733451754
13873,281.5418959007403
13874,247.92907815356818
13875,306.8762595882989
13876,41.03380862317164
13877,252.68664632266115
13878,319.4233148781682
13879,287.680760479827
13880,245.50365411825314
13881,284.41886304467073
13882,295.39083700964926
13883,288.15437599836713
13884,262.698989323403
13885,281.2582075629132
13886,247.14732127810043
13887,282.8213832738628
13888,288.496899450192
13889,264.03059887379584
13890,36.87111085492705
13891,307.5919018502469
13892,300.0270936828634
13893,279.6857710851431
13894,293.8801287030382
13895,257.6185763536451
13896,282.01519873724686
13897,72.25958432550809
13898,271.292291895448
13899,270.128613782421
13900,71.12580689875827
13901,288.88792800515364
13902,279.81774843599294
13903,312.0421221229033
13904,294.98167155499056
13905,290.94542676341314
13906,231.39196658654376
13907,283.3870623733848
13908,313.9087747159771
13909,79.25976221999989
13910,253.5249174861194
13911,58.583011676699186
13912,268.869423623927
13913,276.34048852751846
13914,317.5573470186695
13915,309.83103892694317
13916,305.94294746076383
13917,254.68079068289364
13918,49.44437043807824
13919,268.37845416604193
13920,283.69916889882984
13921,276.4799529376148
13922,316.91114013307424
13923,54.67312787512611
13924,265.39653724620723
13925,291.75107981731844
13926,70.28241183619298
13927,300.5214161659687
13928,266.41728116284787
13929,55.20216600191725
13930,260.4826930792958
13931,269.14865346483487
13932,302.7457412209909
13933,58.804352644384295
13934,65.4040550663643
13935,67.57491783151238
13936,298.9996174864041
13937,281.24792504389154
13938,305.7763633855287
13939,317.1117427541648
13940,240.5998493227426
13941,81.80793448397267
13942,251.52349991456256
13943,277.7044183109473
13944,297.76840303163317
13945,316.39538658739076
13946,254.67646080310374
13947,49.513799969367994
13948,267.56872680953177
13949,289.53398837846726
13950,275.56441707478837
13951,280.6514490124117
13952,286.6878283225079
13953,307.98463388586225
13954,278.5236444752818
13955,281.6558195121266
13956,60.584345372626075
13957,241.68836516927286
13958,256.38100408020966
13959,305.1864019829787
13960,300.9312399050325
13961,295.48891712053376
13962,264.81622275971233
13963,259.48035578668606
13964,281.79834310232866
13965,266.7333940092982
13966,254.751751112615
13967,280.416474735669
13968,257.96756025658476
13969,274.0758623084794
13970,283.37733855684064
13971,258.8187914010132
13972,77.52873275688935
13973,261.2382460616283
13974,305.3841568587102
13975,247.7758004106307
13976,277.69997033027846
13977,278.6781016918413
13978,258.8570640373258
13979,304.02789191848353
13980,277.33935446883964
13981,302.2857844029476
13982,296.4742961898021
13983,259.5660354722886
13984,288.3451288215316
13985,287.67906652232745
13986,315.3014112575849
13987,258.05588266133486
13988,324.22168890483783
13989,268.6817507536257
13990,287.8227826263066
13991,284.52068982183266
13992,77.53024360459989
13993,283.6555033789286
13994,301.70532686394904
13995,68.80799263798056
13996,265.1056287801904
13997,60.69969324889962
13998,50.80452683859812
13999,284.64837977761607
14000,289.88807096126254
14001,313.7137888257371
14002,63.53454066580977
14003,280.43482542805214
14004,288.62727382585194
14005,282.45290367728956
14006,55.68833613800152
14007,79.42115417610415
14008,67.98819906439124
14009,277.220009737592
14010,280.12238811925886
14011,45.60657618858929
14012,305.97815082183405
14013,257.6790343613855
14014,270.8226297520163
14015,50.058817983913144
14016,312.59026645896273
14017,265.59080589938327
14018,72.4529567769518
14019,306.76466251269176
14020,281.7788914684731
14021,251.06200861807528
14022,284.8482881262253
14023,283.56664825394137
14024,302.98751096308024
14025,267.9013065135687
14026,282.8155688560566
14027,309.22748765195655
14028,291.0005816094715
14029,290.29590618312045
14030,270.78276261087717
14031,259.3682065824822
14032,261.84143085898904
14033,265.0069297210578
14034,285.07955100472225
14035,301.1464407475562
14036,41.29439202890518
14037,276.381813487932
14038,70.96252232050807
14039,51.73278303406522
14040,69.12093249823675
14041,43.22846150512447
14042,315.1273629035213
14043,282.90869127023814
14044,322.09175169066464
14045,48.58326802847532
14046,34.64775054946236
14047,265.4535762124382
14048,252.51733112678994
14049,262.11031961695613
14050,303.83943498060603
14051,283.9890970136375
14052,277.310033352423
14053,248.45857736876815
14054,68.75385871969127
14055,303.2061611566811
14056,270.27212698988126
14057,260.46496735021117
14058,294.2611881428634
14059,298.6775107724865
14060,280.3163666085163
14061,300.4777568052798
14062,260.1847752943562
14063,289.57030041337435
14064,298.50486294508494
14065,280.9639552354124
14066,72.25794184178733
14067,62.68220258711531
14068,61.340575950480485
14069,45.844019832428216
14070,299.33548144414146
14071,57.445567500440205
14072,259.95670144096766
14073,265.75891896273885
14074,296.02659870618254
14075,295.2055010969152
14076,289.57424009398125
14077,279.9728528814105
14078,304.31471406628185
14079,250.20271540166368
14080,287.9038492748681
14081,286.69099038068987
14082,49.305899913740376
14083,290.86951564325057
14084,48.503194765325986
14085,60.44977412224142
14086,299.556239793161
14087,275.5717663662936
14088,253.52926271161186
14089,56.32880158622157
14090,279.7356087691254
14091,250.86290465040562
14092,297.432498802253
14093,52.26624385927644
14094,300.02761203028797
14095,316.2402987793689
14096,273.2226703594022
14097,326.9407509113117
14098,285.8872450654065
14099,310.7826367400098
14100,319.99263377542707
14101,281.358203198487
14102,265.23624122034516
14103,283.6077928743673
14104,302.5477536880978
14105,245.66796780624128
14106,246.9217943372306
14107,284.63363272769834
14108,278.4253432451645
14109,246.37298126618634
14110,303.80121027322934
14111,66.18257737013926
14112,310.34681717275396
14113,255.37243016355208
14114,274.80605821464167
14115,281.6224174362343
14116,287.5979748910844
14117,70.82290024446212
14118,263.9266034481143
14119,258.03479452047986
14120,266.3304790565844
14121,271.5665742783482
14122,45.04316298369221
14123,297.62744826499045
14124,250.3246190250405
14125,43.25480592518704
14126,257.2385612582443
14127,300.28417878644586
14128,268.9108071544076
14129,60.588970556055244
14130,259.92017812308904
14131,281.67638891933393
14132,305.01503250883957
14133,274.0461510031331
14134,242.1840292535033
14135,312.26813196183696
14136,262.64145103447345
14137,64.76833677832235
14138,281.2002864645299
14139,313.78875073814504
14140,260.07361368283193
14141,258.910451335271
14142,291.37961994106604
14143,268.37661154036954
14144,271.36062758270606
14145,269.349101009939
14146,297.6699363216924
14147,305.64186932246054
14148,236.11636807421817
14149,61.333004507600776
14150,290.5659423839869
14151,-199.26821531366033
14152,46.47020998412907
14153,69.03760435848625
14154,-61.328035909908564
14155,63.26994258209504
14156,293.9712872433714
14157,-98.43616196911783
14158,264.2740752399105
14159,280.86906195626614
14160,65.95391394767438
14161,254.9991387076476
14162,255.58994145060112
14163,284.7843521625283
14164,266.53822762017614
14165,267.4877666560136
14166,313.67937948884173
14167,302.11205535811655
14168,276.7006055880389
14169,302.0657537406156
14170,256.7786134258962
14171,312.9777124989354
14172,258.63221991495914
14173,277.61658888632473
14174,261.6046387197024
14175,279.4395383826069
14176,53.00038229200584
14177,263.9567956568782
14178,270.24840075812074
14179,47.01586419579036
14180,303.66859086368254
14181,282.72090382006826
14182,250.34897274571378
14183,287.6380029379772
14184,59.2095879445929
14185,241.26607312537098
14186,233.97509288528536
14187,248.0298588192566
14188,55.85106470539904
14189,269.0126082560653
14190,280.0695220060966
14191,60.377377572513524
14192,261.46493936113734
14193,277.94530459214326
14194,289.72646861482133
14195,283.24667008003104
14196,294.64562213511977
14197,65.2803519651944
14198,277.73497056258987
14199,49.95002565883499
14200,299.59755785181915
14201,58.43546540305391
14202,50.57761483555379
14203,267.61959933245316
14204,50.50354266849618
14205,284.70281503558033
14206,35.087244008645854
14207,40.23194710584923
14208,244.8277018222686
14209,27.69099113321674
14210,240.06111441662156
14211,286.53800369882777
14212,40.204893184616736
14213,55.06583479836098
14214,283.90869760142283
14215,27.080980226277234
14216,289.9249548429069
14217,248.6787460934728
14218,41.22897622947903
14219,289.38182735500277
14220,303.48173481607233
14221,280.769190398961
14222,296.1284013207737
14223,280.55055092354314
14224,233.5816743012902
14225,264.42788196046945
14226,58.81987597518554
14227,263.4957320750761
14228,41.925046808772066
14229,274.5331769525365
14230,291.6113566675285
14231,307.9894010103559
14232,289.76724563424625
14233,243.5397711133563
14234,274.06404593562957
14235,306.03306255759674
14236,74.58305897871108
14237,53.829905838807065
14238,48.368126813941046
14239,306.5248740962987
14240,311.6576549948613
14241,265.51318267064835
14242,48.70558877712517
14243,297.20655737304736
14244,267.1551104363399
14245,54.21523874403354
14246,270.0862552397658
14247,-555.6839555344732
14248,286.72588115134005
14249,251.14347098471708
14250,285.0028111643735
14251,37.56634416223491
14252,272.69085742168465
14253,307.5975217446148
14254,308.420415701034
14255,71.25897950797369
14256,296.56393431383856
14257,290.86639882357974
14258,283.63621122030486
14259,265.71388946690297
14260,46.704698585042905
14261,235.86049905631157
14262,313.1101913671532
14263,256.05809986947645
14264,269.9630181069015
14265,287.033424980327
14266,263.31261604623484
14267,296.9505365236854
14268,284.1560566024454
14269,279.78636212467006
14270,263.65586755020206
14271,265.84362797994515
14272,278.0715345927396
14273,37.5273844555914
14274,265.75217738459287
14275,277.23276635836476
14276,297.8877093317865
14277,251.57878726849955
14278,280.7612017101418
14279,257.2178822177988
14280,268.87000070672104
14281,291.3530123080484
14282,278.08465573269115
14283,47.331651506199535
14284,31.894271856221877
14285,256.1518841843373
14286,304.62528443722124
14287,55.94859748345169
14288,305.39199538311004
14289,258.6033734320057
14290,281.4522510814683
14291,277.6917963768874
14292,258.4043162326582
14293,264.34051132169844
14294,254.58977754142893
14295,281.9427609603886
14296,48.69135916596554
14297,279.4788747128521
14298,61.7241174542211
14299,243.42423129238207
14300,270.22088518347994
14301,291.0415133432141
14302,38.70516892089796
14303,300.5536920180437
14304,256.1349100782409
14305,306.5292675907741
14306,65.70206572611747
14307,304.0307527834336
14308,277.0432127724351
14309,267.0123794545612
14310,282.13950559088454
14311,299.4433195384219
14312,298.1099627477239
14313,42.87976009306189
14314,264.91403840580995
14315,248.4918883486819
14316,268.5899131817499
14317,310.96711692268184
14318,269.3143235205465
14319,302.2402911520583
14320,255.8244546923332
14321,60.118446088108385
14322,281.0030217241922
14323,284.0993248901939
14324,303.3479932091109
14325,300.3321522822466
14326,300.4592210241087
14327,297.2256470187538
14328,283.15694954655015
14329,252.10222399280704
14330,284.6189811778078
14331,268.6199226106393
14332,274.18064917186825
14333,312.62336508134024
14334,308.7275844278621
14335,46.11240498679851
14336,45.800373801927435
14337,315.90528787822035
14338,297.20186196112013
14339,287.0968008298031
14340,246.76227914437032
14341,46.766121632581985
14342,289.6156544728257
14343,289.61377449094823
14344,274.03307243520976
14345,80.88329217566141
14346,288.0884921579635
14347,264.87056066568266
14348,76.8571494266632
14349,240.25915657357487
14350,282.2949260876156
14351,260.1334853679997
14352,325.977476269739
14353,251.09372658136897
14354,292.581285117204
14355,256.24456858257054
14356,312.66705743556645
14357,73.85536557330684
14358,250.61898398549693
14359,54.17011802585998
14360,280.7471740668807
14361,302.3313376755362
14362,308.0833163997049
14363,280.23056316678094
14364,293.63816062865766
14365,283.1941293174673
14366,308.06326645826823
14367,71.40255000064005
14368,275.20000197503157
14369,295.38569598766236
14370,305.93527290315615
14371,292.6495488667302
14372,320.5529646540556
14373,298.28147523324355
14374,312.38064264493227
14375,307.77221872491293
14376,265.40813081702214
14377,308.09374798780664
14378,280.40708874379186
14379,282.8056727041615
14380,299.9454875465902
14381,305.2953501727881
14382,306.6815726807429
14383,266.36563349916065
14384,56.16926357472363
14385,33.3588897477415
14386,277.3838139959582
14387,279.1599972193173
14388,283.8397538867678
14389,302.90245297824106
14390,287.7841837398614
14391,306.7508258354774
14392,280.99579835206214
14393,265.9817413607999
14394,298.56323764059175
14395,306.39778336520186
14396,269.896307604449
14397,309.3115565506522
14398,296.50227199176106
14399,298.2977798863776
14400,290.2808006242058
14401,60.6326317582313
14402,274.5109450074788
14403,264.43097796707787
14404,251.8547762039513
14405,288.50047726492323
14406,272.72395401630934
14407,242.192982638406
14408,74.54150344606845
14409,280.90134979313666
14410,292.4797168249623
14411,282.73835600611613
14412,273.9160811648114
14413,257.5160637418919
14414,276.950396485258
14415,322.2867665010839
14416,63.89766398377046
14417,250.84624067190956
14418,275.81373356682377
14419,290.2012545101026
14420,75.30022453971645
14421,270.53881547831804
14422,297.7928546823126
14423,281.2458338563543
14424,285.13391765800975
14425,61.17378834969128
14426,264.525095889604
14427,291.2262342591541
14428,283.81792628556826
14429,258.37353153880736
14430,68.39047237567132
14431,254.08627227972747
14432,293.247563175214
14433,281.80637252448804
14434,271.6213389383563
14435,72.42304832091443
14436,267.1204895345119
14437,315.7649485490298
14438,256.13339229781235
14439,65.18663140881597
14440,56.66246707607539
14441,300.7699681945906
14442,313.539283964172
14443,326.61591012859196
14444,244.40177839293702
14445,322.0027972858787
14446,280.76933104070804
14447,287.13292907978473
14448,302.84301609777157
14449,299.6024810369788
14450,283.40209515324653
14451,326.5159662000295
14452,302.5100042285929
14453,289.536040061334
14454,288.0615868180805
14455,283.50410709558986
14456,326.20760170567803
14457,53.466769527639144
14458,270.3632016142676
14459,287.01078743336006
14460,294.6285359639021
14461,254.31248918911805
14462,261.65779329418024
14463,288.1321586322272
14464,253.55002812747247
14465,302.1121091397255
14466,289.4952320326961
14467,290.9129421145157
14468,316.0414487673092
14469,318.6618728648069
14470,281.2210281397794
14471,282.1184437993626
14472,283.8498923760415
14473,289.1813553429783
14474,82.429980707439
14475,57.88369349218485
14476,275.23992153167535
14477,310.33106409893765
14478,268.3532790491993
14479,248.50379609291608
14480,273.4689196236057
14481,313.5274023529306
14482,291.3489306140965
14483,268.9674570706882
14484,279.78419207834565
14485,301.0460047713542
14486,306.2943645438287
14487,291.7396401954903
14488,266.18255279605444
14489,314.417451144452
14490,146.2579921415382
14491,284.32067928096086
14492,297.0795133618753
14493,310.78469501014615
14494,284.44478915566077
14495,313.0247545236425
14496,315.01041527588404
14497,284.7534840684851
14498,56.87844878296963
14499,278.40156870870254
14500,282.27862436969156
14501,277.4976004125124
14502,291.1397991109782
14503,262.8319566158108
14504,277.0358595963172
14505,291.6342869855848
14506,296.3795272736552
14507,268.69875358713546
14508,296.1968101005939
14509,255.5887595495933
14510,302.4706421260571
14511,306.8712201731132
14512,291.48599702014536
14513,254.97850716238077
14514,278.2940089074037
14515,62.05309070904639
14516,238.8881736882368
14517,266.05872658109274
14518,310.3168463175754
14519,209.88019126884103
14520,261.9696415614367
14521,13.128641478730742
14522,287.44312417643874
14523,275.7921057622947
14524,65.00023085352763
14525,307.8793372923598
14526,293.5125622234744
14527,274.1735358189627
14528,266.4532881731967
14529,284.0713821196485
14530,242.16294118086003
14531,297.93726687003766
14532,280.01552271066794
14533,55.238930309192
14534,261.1938763344153
14535,276.0429062318844
14536,96.75668497343534
14537,303.21130128455604
14538,266.25778918942956
14539,247.7327263721039
14540,280.05684140461244
14541,263.09912093563014
14542,72.69713937699586
14543,238.940954978294
14544,306.367250972748
14545,269.5032138316958
14546,272.98828274146695
14547,53.55613634907715
14548,294.5146251977837
14549,295.5239067591254
14550,76.18087678079615
14551,281.43790479382034
14552,279.045040491038
14553,283.09517298864523
14554,266.7038367930571
14555,258.7053788580022
14556,263.05310947567807
14557,279.50665873581056
14558,288.34203481274494
14559,299.9200685781967
14560,285.278351203566
14561,275.6206320778281
14562,261.90461345319375
14563,244.0942674310378
14564,279.9357648117481
14565,260.98499671788085
14566,245.7101024419413
14567,313.7763631142035
14568,256.6732913862468
14569,245.68672429654262
14570,52.720161057646465
14571,289.70593084915924
14572,258.08638147264725
14573,50.79629529171581
14574,81.87367331267407
14575,309.62272128431715
14576,282.6759339103037
14577,239.5739811516301
14578,276.3837536612223
14579,298.9570768182215
14580,235.9550894118255
14581,282.0982370491503
14582,276.7731192034339
14583,258.2246249351468
14584,292.5509477189015
14585,267.28792651656715
14586,295.31952969012093
14587,293.32395486500934
14588,290.28032254133024
14589,295.125759415212
14590,66.41349028411176
14591,266.4450587061384
14592,248.70739086969144
14593,56.56560710045943
14594,278.1372475223453
14595,251.2066725626014
14596,291.29696441084707
14597,243.17991190856063
14598,260.9322580312256
14599,288.3659903765772
14600,17.451513712456546
14601,290.0493155429572
14602,287.9961397983582
14603,63.90641293485075
14604,289.5118120489618
14605,282.6252382687141
14606,71.39941953927772
14607,278.08401669460306
14608,294.538631991242
14609,280.12869204107454
14610,286.4405945983515
14611,48.06675832226668
14612,294.8984014954662
14613,280.6543205683279
14614,280.0596037098328
14615,291.61780302139147
14616,285.2065702534398
14617,259.540579360725
14618,298.8144779325029
14619,247.9318741264003
14620,315.8294096481595
14621,282.9799612329054
14622,66.93412219644037
14623,291.1167748041512
14624,302.2450225980599
14625,290.2574732083265
14626,284.2758221717855
14627,259.25709647761363
14628,272.3224331792204
14629,280.6278316447234
14630,321.7965088320145
14631,68.75716597757582
14632,294.95502929773653
14633,312.0199682103383
14634,271.5427737322519
14635,306.2894273556079
14636,278.99866900029747
14637,274.0639356815018
14638,286.21332967565417
14639,263.6603367589187
14640,278.7496923201689
14641,287.99917248600184
14642,294.11863931896266
14643,298.0237886591156
14644,70.96537268374621
14645,311.928640051882
14646,17.268493763316712
14647,290.1602840320435
14648,274.66854789354943
14649,276.84287322780085
14650,265.8666609230595
14651,249.18666916981746
14652,284.58770540177386
14653,292.2903941268763
14654,265.05776655275
14655,251.0444163448282
14656,305.8118464721032
14657,282.8175558712855
14658,311.4675857734063
14659,275.95947531925776
14660,279.89075520011403
14661,302.6534857864728
14662,245.18381845212562
14663,293.6370771519763
14664,325.9843538881069
14665,299.2177457813747
14666,306.0447032230531
14667,249.67136932792158
14668,268.495231959521
14669,248.30406659369817
14670,286.20946027731196
14671,292.31185664747386
14672,305.52686255148575
14673,283.28553200867304
14674,280.54672174143
14675,255.1329830908751
14676,274.76237707497364
14677,302.2579341542725
14678,315.43143028650115
14679,306.1013799054914
14680,42.25364002175536
14681,304.3869054646954
14682,264.9407170241518
14683,291.15399788090065
14684,289.1197634509902
14685,273.19573263667064
14686,252.09283803653477
14687,292.93468487235634
14688,278.49669430651124
14689,255.1583844392814
14690,292.792535747236
14691,280.4666475726967
14692,292.5630934746508
14693,249.47119406318143
14694,252.97652507374775
14695,298.0782275982408
14696,278.8309809333167
14697,259.46648193457384
14698,291.25650402966755
14699,293.4500134872057
14700,270.72396345645495
14701,263.33593699151174
14702,239.2797186691985
14703,299.30658228296966
14704,282.7596445259148
14705,304.36284734721727
14706,258.70875274548837
14707,288.2340397519235
14708,316.55345993773653
14709,293.77169777642564
14710,288.3605805253567
14711,288.84448007898646
14712,287.7232770720383
14713,289.11785010861036
14714,299.1398608729154
14715,268.61488183071754
14716,309.6861815141168
14717,297.9066304504614
14718,287.2703145298751
14719,298.0265308436842
14720,262.7039390155388
14721,314.4125907810127
14722,293.8893409051826
14723,63.53150958078962
14724,268.24501768038766
14725,271.6426830822725
14726,268.23760138020236
14727,296.2427846869721
14728,296.6801589395893
14729,276.2521205169162
14730,272.01460600877425
14731,290.08164453305295
14732,56.590095328040235
14733,293.5773420645761
14734,266.40418746149373
14735,286.37192590950576
14736,302.93996237594905
14737,308.3257797927475
14738,278.23309752004093
14739,297.15963099185706
14740,307.3764082649133
14741,292.1518950103987
14742,264.75320981562976
14743,251.53178005340322
14744,249.39264980525638
14745,292.28106603257163
14746,312.85563744990975
14747,39.39976108366895
14748,272.1088347243584
14749,290.84356755733046
14750,62.82791756827561
14751,72.74249058513664
14752,283.93135652917863
14753,293.75932100916
14754,306.62442347194076
14755,294.5791631296034
14756,304.5842457350566
14757,279.70933067357515
14758,295.51254322729517
14759,273.1450663436467
14760,258.10196797795186
14761,263.59806422412754
14762,269.21494999682966
14763,304.2666285417266
14764,317.7413184483728
14765,287.1016618612307
14766,287.33029586879735
14767,64.03375167391033
14768,60.02837378579835
14769,261.62614752996427
14770,34.18645260456492
14771,265.9462983537287
14772,288.5367338775519
14773,284.93690835908205
14774,256.18048096400116
14775,270.35082527093175
14776,253.80135937685245
14777,275.6808843052122
14778,308.6354148967356
14779,249.2843709033031
14780,284.90294720777075
14781,265.48952217426523
14782,282.3609597711871
14783,282.71846154546154
14784,287.37020549774945
14785,289.9824383784087
14786,258.14622963008895
14787,281.74068154147216
14788,243.29719671014928
14789,284.79265921257957
14790,321.72041101295116
14791,276.9366805820779
14792,299.80537138184354
14793,270.92719212271555
14794,276.6899731666947
14795,248.25140893781523
14796,310.6781240442399
14797,280.7536037078055
14798,249.1750862632383
14799,249.1903320254702
14800,299.7357021741161
14801,291.2739285449119
14802,289.8195059824948
14803,281.14738304090196
14804,257.53850410740785
14805,41.51233598546949
14806,291.0952218705272
14807,264.5747427185778
14808,288.50616834076334
14809,267.9038901940911
14810,291.73701269496235
14811,30.54822553299053
14812,256.69257279069825
14813,288.4779462442817
14814,257.9946309243031
14815,269.2607496278023
14816,261.0447443538025
14817,42.454368214415126
14818,299.5473214777838
14819,287.7927890786675
14820,289.8181002181294
14821,293.04831445921116
14822,292.6905377632638
14823,274.8110693074955
14824,317.1315483557644
14825,30.76911063331272
14826,282.6065280554312
14827,286.81179929301265
14828,304.3732381956968
14829,285.02607381350003
14830,299.46770641617513
14831,289.4059814281569
14832,59.7519297861935
14833,294.8488411742364
14834,264.4151981016047
14835,302.6298380104576
14836,288.26019818003033
14837,270.1962496727632
14838,277.04273820981064
14839,292.7365159279145
14840,277.7024436544922
14841,292.83586116820413
14842,290.73732204811256
14843,279.63955144722564
14844,41.25360034113032
14845,300.32510822166404
14846,290.8828997593935
14847,259.74205714319754
14848,253.81958009509847
14849,261.48373363705514
14850,290.3880015884934
14851,265.04272780992363
14852,275.1047635948581
14853,313.2590186131064
14854,280.3161467617982
14855,289.4833587277841
14856,26.252593028612566
14857,249.1373428325914
14858,5.991476142837982
14859,277.53593746832246
14860,298.5476315808103
14861,287.69909624642236
14862,269.30763590112423
14863,292.0269578425239
14864,275.5310822796415
14865,281.6394436140563
14866,284.0764895519609
14867,293.61515390684394
14868,47.360399550585356
14869,263.1803497079987
14870,273.61573713494977
14871,297.45956060654976
14872,289.9909113677351
14873,42.85707721113266
14874,69.61339386389062
14875,290.5403040197722
14876,30.445351707223324
14877,255.08259411053407
14878,307.32626609814946
14879,258.51681983820095
14880,316.0619388158052
14881,294.81232438698567
14882,312.17570070448943
14883,307.22578993764034
14884,282.12563034892526
14885,283.82273071842945
14886,286.5483927420731
14887,314.50342227458884
14888,283.09880108336654
14889,284.53656746405454
14890,282.3315746833865
14891,293.4378464539772
14892,306.5721408677985
14893,289.0326258827448
14894,279.5007238845525
14895,281.2335753304833
14896,278.0444414056677
14897,67.06687548763259
14898,315.90552213286236
14899,282.9829252471393
14900,271.9251419862735
14901,288.8189138583358
14902,267.6182911929707
14903,254.45567542415432
14904,262.0166857187945
14905,265.8658348530952
14906,279.8994751934964
14907,313.7436191536251
14908,286.838492134132
14909,309.4949797167625
14910,284.4879921734899
14911,282.4203999342449
14912,296.6796375103113
14913,296.9454057060582
14914,312.31683486334305
14915,285.61277726108716
14916,305.5651499316579
14917,295.16381459155673
14918,305.1007499087232
14919,276.28997144286535
14920,259.48792282581223
14921,272.7363838468473
14922,287.90385034075655
14923,281.7168705232407
14924,279.7424793098599
14925,289.9763785632017
14926,263.2538983653965
14927,66.44298484215147
14928,315.96105398424754
14929,300.0491208494294
14930,305.20559970389183
14931,296.1942067508028
14932,295.5098736296034
14933,305.74916090308596
14934,263.76015743938876
14935,280.5968907861577
14936,285.0202972554839
14937,72.11402380150443
14938,287.4469760858543
14939,256.4744049269174
14940,328.9548157367458
14941,268.8019301352934
14942,299.6553925885285
14943,267.77046342198287
14944,252.6193310274217
14945,322.2797029507283
14946,287.9108275861511
14947,267.0250496902155
14948,272.0747156349024
14949,271.08746133860575
14950,281.10183965756704
14951,263.7692495735662
14952,228.5787660310414
14953,300.9265847687021
14954,251.0993610184698
14955,278.7197276113719
14956,35.48465428211196
14957,290.32313609131825
14958,275.22260191226815
14959,257.6689336616783
14960,314.7022913355038
14961,283.2265237143945
14962,314.8577170400213
14963,307.66065718670154
14964,258.95408865288977
14965,298.8314282844981
14966,246.9455001110204
14967,284.18785093678775
14968,254.97901646727954
14969,282.1507256282472
14970,278.687314657717
14971,307.45496956933334
14972,59.736479225855305
14973,291.2923289255601
14974,252.47641840203252
14975,242.09726560097272
14976,56.147316385466354
14977,48.29634904107863
14978,275.4092865270003
14979,307.44368589794635
14980,288.4190729743756
14981,287.60531382559634
14982,258.7692412409575
14983,286.01615152213276
14984,300.1321258116162
14985,285.07443272024943
14986,27.799801540778276
14987,55.40975792694675
14988,268.7047128897776
14989,260.56201996216015
14990,251.44909312285176
14991,271.83201212496186
14992,227.5474948221547
14993,273.09725078736415
14994,58.42625406198701
14995,232.5628303298149
14996,283.88373852923525
14997,258.60733765966535
14998,288.2241427321155
14999,42.775084904405645
15000,268.24531244574246
15001,312.14514143820423
15002,70.21047846834614
15003,281.96504044487733
15004,65.61380687260495
15005,55.822892825536854
15006,47.15318546751283
15007,10.294866568452875
15008,274.2881809022482
15009,43.3880196860172
15010,244.7440802246416
15011,289.00889094340744
15012,252.3513987537614
15013,64.52063585232611
15014,281.9884667244788
15015,50.30162254042514
15016,246.5572163047134
15017,294.5087824288197
15018,286.97074745165116
15019,310.8004044077884
15020,265.5758234834394
15021,306.8798949838323
15022,295.83104940375637
15023,264.84013873916075
15024,279.3172020287361
15025,309.4799794231204
15026,52.57575880095345
15027,281.36656884002974
15028,39.60249390781698
15029,63.82743528471377
15030,262.8945652726301
15031,273.1763072996673
15032,316.05948238276386
15033,285.7534275217292
15034,290.42346967086894
15035,266.3944159018192
15036,31.553481308109895
15037,49.72808102881706
15038,243.13423039565924
15039,260.55830795340705
15040,229.29532140195508
15041,47.932898836675605
15042,245.13095968038945
15043,59.074572431110795
15044,297.4136648988963
15045,273.72778024722857
15046,291.3567284166881
15047,262.7551966239704
15048,286.54179637636497
15049,64.67312877640018
15050,251.6094626031775
15051,248.22156521377292
15052,240.18874539686885
15053,284.7776064529992
15054,245.5136606091435
15055,302.741922079951
15056,284.83728623947985
15057,52.12816596977143
15058,62.63881698132417
15059,264.0807575432733
15060,293.8596048409392
15061,258.66660137102264
15062,259.2359320315179
15063,54.17424102225061
15064,307.5092378382844
15065,286.3736730594927
15066,225.88842408988103
15067,318.6198735696077
15068,249.69114758233204
15069,264.0022612356619
15070,287.3053341543242
15071,257.2013658186714
15072,248.39203805805627
15073,305.2427441372936
15074,31.167163295777954
15075,274.7671807902304
15076,263.01383181603643
15077,56.25086690016511
15078,286.73064154567584
15079,241.90368799968326
15080,310.13954420581223
15081,250.97416814060364
15082,13.687406845600634
15083,43.09584076396604
15084,253.11056686886616
15085,55.05216851075295
15086,317.96495588747814
15087,230.69945146670807
15088,283.42023105130426
15089,293.4588571552675
15090,272.41077042067116
15091,270.32415668980536
15092,264.25419962643525
15093,52.38526583002937
15094,299.0549113720501
15095,-317.578283445809
15096,290.9284224766219
15097,52.71159404388112
15098,288.4057324998778
15099,298.2777247175994
15100,73.22061474089045
15101,284.73254580952414
15102,279.9907030782808
15103,270.07843195186103
15104,263.74555863823593
15105,54.02051276491571
15106,288.65976646503793
15107,244.89279857499318
15108,300.0704250655192
15109,290.212824220004
15110,203.58530619995176
15111,79.56273327398165
15112,53.485623098371605
15113,305.57492229921553
15114,57.62662292320201
15115,232.81891079018158
15116,271.84082404907156
15117,35.684081953615674
15118,236.59364381762688
15119,61.16856778722442
15120,254.48457264842503
15121,261.3080943746031
15122,313.8225557639257
15123,284.53632565295806
15124,276.96424840350437
15125,-277.16210209563434
15126,262.20005578985865
15127,-15.812430862787703
15128,243.7397975456758
15129,83.2461877721774
15130,252.81964442911544
15131,289.28280010194715
15132,281.34934319295905
15133,275.40732721636016
15134,-235.46538943241958
15135,58.37013257200587
15136,254.7706022055178
15137,57.28808394917863
15138,29.050902075006178
15139,28.055709158417528
15140,-136.66112793260413
15141,46.12254615946364
15142,249.56076676942016
15143,274.8812177140958
15144,39.17897477679736
15145,-183.01346923811627
15146,274.096422219975
15147,51.574836082350316
15148,-244.39836658294954
15149,-181.8343847617717
15150,40.70524663647788
15151,262.6929304714131
15152,54.68459196221622
15153,307.0899679332267
15154,-231.04509558932835
15155,54.366103154821104
15156,-104.5438778179618
15157,252.03627143516937
15158,-6.126062201950002
15159,-179.4347374882687
15160,-26.320087954435564
15161,-40.594039861241306
15162,299.6800973622401
15163,238.28758364780725
15164,-83.51731321627969
15165,278.88525096136004
15166,283.3998258375098
15167,234.97969569818446
15168,-123.26762468748313
15169,278.920786285046
15170,72.55839649357188
15171,305.13954408531595
15172,272.51271405031827
15173,-73.46661278026997
15174,-103.1938053637871
15175,255.5502178175679
15176,287.34721658159964
15177,39.769782323622934
15178,273.7806321160241
15179,298.4848920641509
15180,-57.563006052889875
15181,57.3542355040222
15182,302.652536554986
15183,-91.93351418313777
15184,38.46237181406201
15185,42.1769949794718
15186,30.36386390706167
15187,297.18887241681045
15188,54.3537385413772
15189,-97.32101239351593
15190,-137.16924641976868
15191,-147.32150479556867
15192,243.69836018127626
15193,-202.48108870829924
15194,307.4768608085502
15195,255.93741473711376
15196,69.83149319239755
15197,-307.1522412052856
15198,267.4870657795446
15199,294.4748353232386
15200,261.1373019839931
15201,320.07083053271754
15202,246.7079608892023
15203,284.47390156153904
15204,-44.08334988916236
15205,278.8824490730025
15206,-50.00804990948863
15207,231.52748876919784
15208,306.50834641844455
15209,306.93038667023177
15210,19.00751779080342
15211,-74.60472062253183
15212,256.0564466439317
15213,39.54213301092844
15214,261.0488834654992
15215,281.9495542083248
15216,271.7977131346464
15217,261.56322456595535
15218,33.954788613599675
15219,283.8718729814957
15220,-212.22138958595067
15221,258.0076964362475
15222,285.9876164790941
15223,311.8407841929885
15224,0.4233244786132673
15225,286.2576973016105
15226,238.41388322389656
15227,284.8640012850299
15228,-270.3875855287598
15229,-160.6250569462787
15230,24.571101020440608
15231,282.4691554685171
15232,236.82614088878077
15233,-193.16464787124545
15234,320.13512601773607
15235,149.85571616048315
15236,267.38736801455275
15237,284.3334926111406
15238,294.5742853399022
15239,43.496051481757945
15240,236.78417981652993
15241,26.66316513027924
15242,278.48364263047495
15243,54.46980950696971
15244,288.62414241266896
15245,-12.290373045151156
15246,310.9268246080354
15247,244.98649236264373
15248,61.86305165277568
15249,-104.71887276480217
15250,242.3054702650987
15251,296.03348475929874
15252,243.16107005689685
15253,36.89008845300711
15254,269.37240915061034
15255,292.66816989337843
15256,33.43046272471315
15257,271.6909203308576
15258,245.64952628363957
15259,41.60968556102321
15260,277.59499786428
15261,304.45758033409777
15262,265.8958121604347
15263,260.53156958987853
15264,280.83337500193954
15265,45.05596888587118
15266,286.89083099692596
15267,285.3363080945925
15268,33.100278572953954
15269,291.14306136729806
15270,282.1090927188453
15271,31.246105769753655
15272,304.34658660599615
15273,57.731868701499764
15274,273.62428803801987
15275,302.33740976453157
15276,39.315529150053806
15277,287.8063378737035
15278,62.16650019538335
15279,47.14811976452245
15280,288.69771001302814
15281,290.6937565677549
15282,247.72764202990197
15283,303.56850293524496
15284,299.63862314695984
15285,271.56241853136277
15286,-51.592381399025555
15287,308.35659596933294
15288,57.91625545237733
15289,72.9424166482861
15290,268.3478326802863
15291,47.35493318647343
15292,293.5084066463019
15293,58.14301923672181
15294,-42.8611569350697
15295,10.019718475848165
15296,310.5146663438694
15297,272.08733595326873
15298,270.16351493968824
15299,259.47099784125595
15300,288.34690336634526
15301,245.6171898017359
15302,292.8440559700775
15303,317.56629051029574
15304,230.33363465703945
15305,315.59098561301926
15306,303.70222494220957
15307,63.06403775851973
15308,236.30445459881204
15309,228.5200030212926
15310,239.74149142937583
15311,271.12960874902205
15312,306.8522661839645
15313,275.591988694733
15314,275.65016508316376
15315,249.21651801371038
15316,288.05798496435125
15317,275.7775208377999
15318,286.99329463513203
15319,285.89440157411275
15320,-369.4182740549845
15321,264.16093609946086
15322,16.929227815771526
15323,262.256172036346
15324,283.8999384703245
15325,272.9072822250267
15326,286.9129595646116
15327,278.0500998032369
15328,272.7916239773574
15329,288.12107439850956
15330,304.6868594244628
15331,298.41632938614055
15332,276.8535497194025
15333,298.6956656932533
15334,284.6914234449488
15335,282.84419660827245
15336,319.6204874934161
15337,285.773956959795
15338,294.9584051298192
15339,37.45342238312713
15340,304.53837211918926
15341,299.57021059023697
15342,320.32161279511575
15343,292.02076124982926
15344,274.0636437642345
15345,45.36805396482646
15346,261.64373034913956
15347,276.1820041500061
15348,315.12689222018497
15349,287.33438706597667
15350,265.02882136447147
15351,310.74586662090337
15352,31.272035207246688
15353,274.44612733132374
15354,243.42908251544483
15355,287.1674840545421
15356,297.80542704135485
15357,271.6205161726157
15358,263.30316165952365
15359,307.594937612019
15360,273.0164640498429
15361,285.77123030329034
15362,259.7834519349233
15363,267.9812434147717
15364,287.0992221533918
15365,293.601412516707
15366,265.0252739012598
15367,298.0385809410053
15368,283.2198384051919
15369,282.7969758201441
15370,268.24823955671906
15371,285.90978472581946
15372,266.7881609527679
15373,259.32572900237665
15374,291.83653742486416
15375,265.66417822447625
15376,300.6856993101012
15377,257.73020019125465
15378,296.01139435381117
15379,299.294741546625
15380,263.68607461050664
15381,241.9981067238573
15382,263.96063308928643
15383,232.67878157916036
15384,300.2129564499563
15385,301.28989085003496
15386,252.81165857585012
15387,289.3714191391648
15388,265.53252597086646
15389,230.10199283593442
15390,282.04009817003555
15391,243.44906486549027
15392,257.0741560959621
15393,291.82108058956067
15394,250.65851658200026
15395,272.1893862622503
15396,273.8197696270922
15397,287.24600181595025
15398,282.7355453291581
15399,288.1106109745714
15400,283.2570999315558
15401,289.6735856172918
15402,240.03199159417272
15403,257.90998072339596
15404,290.79619723697215
15405,314.7110746631326
15406,288.8312025802792
15407,255.53346327880757
15408,249.7880128703507
15409,48.21113561925472
15410,298.9575693634261
15411,68.88568334365513
15412,298.96646372134455
15413,246.7990000035523
15414,50.199852913681696
15415,270.4549974924174
15416,279.6805308278831
15417,257.42111377716213
15418,283.47471374415795
15419,312.56945963558456
15420,305.71575159279956
15421,273.1730296700804
15422,273.8255579457822
15423,3.336775480502098
15424,249.03953611348055
15425,268.9679046506196
15426,261.6315947258497
15427,247.00964869095395
15428,300.49585828988984
15429,269.0839831059772
15430,256.1274311511738
15431,241.16398880604962
15432,315.1616130297466
15433,278.9663477989267
15434,264.33143886343714
15435,298.24668107125945
15436,288.75634659856445
15437,291.9452643263843
15438,308.8362680280404
15439,273.79282173072477
15440,296.12379681440416
15441,253.88749141760934
15442,298.7324107754525
15443,270.1889273061255
15444,273.4730605606833
15445,297.6678677334378
15446,252.0393426569633
15447,303.9266488666005
15448,295.8012797660251
15449,261.7664002903951
15450,261.3729700439038
15451,288.73924418281706
15452,270.1304082152583
15453,53.814434744565915
15454,284.18639492479736
15455,281.07847723089554
15456,34.39510984565993
15457,266.1288629932268
15458,295.60255588003497
15459,271.2329798387653
15460,308.5724984315354
15461,273.9901765657048
15462,287.51166978579124
15463,287.0127070836749
15464,243.63354654272
15465,294.59418765828354
15466,267.5655131116801
15467,300.1017585700347
15468,269.4858337783883
15469,285.94612613156346
15470,275.71357749717026
15471,307.3991334882637
15472,274.49855576034065
15473,310.416606150901
15474,276.1007126858595
15475,314.3995313571931
15476,306.8945470949387
15477,298.36039134558996
15478,263.86543409359194
15479,248.67989568524737
15480,270.6879814898424
15481,276.0385194322757
15482,270.0940320306637
15483,256.8627033970932
15484,292.1430092141367
15485,315.02162619776306
15486,59.25569750658963
15487,259.5377510271119
15488,285.31739583544373
15489,295.48180426267413
15490,309.72507279996773
15491,311.2682182388211
15492,310.8408761148255
15493,266.07698567930544
15494,262.6009876667592
15495,255.57064704827164
15496,312.09136821420634
15497,259.72074857362423
15498,299.2790327102453
15499,274.8463839376585
15500,311.84804107006005
15501,281.2119283279443
15502,57.20422932282108
15503,289.4258846942581
15504,257.27360120745914
15505,34.774096394216514
15506,80.99611539379214
15507,44.8395659285072
15508,304.71429458683167
15509,268.1857298182331
15510,286.41872403491914
15511,286.9797925501273
15512,274.19066268930624
15513,327.68122719635403
15514,288.4432432358714
15515,274.9884534890691
15516,275.270227187427
15517,44.25176695907609
15518,18.364443085197593
15519,270.16170443052647
15520,261.5559243297238
15521,257.5292159177068
15522,267.534059699758
15523,310.71486270306275
15524,288.26128176371594
15525,301.6287912323055
15526,312.99090245823015
15527,57.122143200366594
15528,315.70700469557187
15529,288.4163373206019
15530,271.010942725243
15531,274.5504427266658
15532,258.65167755425813
15533,308.92539655391045
15534,266.4838978974947
15535,264.97004122539
15536,324.65527366437857
15537,257.2773508608203
15538,268.6059925982195
15539,274.4021672726676
15540,267.4287977015061
15541,279.557268819429
15542,302.76376362976515
15543,263.71590221780303
15544,288.14475628825477
15545,322.6596541147966
15546,295.8651977709509
15547,297.17180394806394
15548,312.1513979712545
15549,280.73411835877977
15550,299.24668225776236
15551,31.72555884602096
15552,250.0076752392213
15553,274.15022940059555
15554,282.57444254445545
15555,298.5709075599857
15556,247.40273184428102
15557,250.06552939591268
15558,258.51495593022196
15559,305.1077738288809
15560,282.130422934622
15561,263.7899897588619
15562,258.12620549899293
15563,283.2181903116199
15564,285.4160465361057
15565,278.3017018714296
15566,306.4363474658304
15567,292.5762003498925
15568,301.63293573050726
15569,306.8156415493279
15570,294.1746587641468
15571,308.1814067760183
15572,286.8063713738227
15573,301.5607746616994
15574,296.6758042655712
15575,301.966125372909
15576,279.7599538152423
15577,50.85599460256165
15578,52.17968714829732
15579,290.01281779972527
15580,264.93604671946326
15581,268.9965540901143
15582,256.3596741687378
15583,297.27739780712915
15584,311.33863549582543
15585,270.58790769545567
15586,277.38339590336636
15587,271.68606140649194
15588,14.60749578601127
15589,301.60570313445277
15590,264.88926421861674
15591,288.2701667941931
15592,303.22921886226436
15593,75.97473597783289
15594,59.76346117712649
15595,302.68051754541403
15596,266.96044543311183
15597,259.3247334804411
15598,279.5373688204371
15599,57.80982928884498
15600,276.4525105333504
15601,66.40310558278102
15602,246.3976800943643
15603,27.020354579391977
15604,267.75540748774773
15605,287.0046781377274
15606,260.19352169277914
15607,299.9877494837963
15608,312.3034829615696
15609,305.3896005868635
15610,273.6982270953823
15611,278.4904142568621
15612,258.27500576782904
15613,275.0698010411912
15614,252.861020789244
15615,78.22422247577182
15616,282.33056544396317
15617,82.33719447736081
15618,299.9808454946967
15619,251.64755678144698
15620,47.37375359295274
15621,52.76225748314198
15622,274.60682063612285
15623,277.5583327539796
15624,253.87723186077102
15625,61.36404983111575
15626,271.4792104483515
15627,284.85602308368914
15628,258.166232232563
15629,283.2903375515282
15630,255.54482057809415
15631,285.1685503879795
15632,315.9737137705478
15633,241.70920012499172
15634,59.34288620371106
15635,317.3626079946248
15636,225.74783800069287
15637,257.37117621641295
15638,65.54095710952754
15639,266.02682898161424
15640,283.82265472653125
15641,246.94829847816254
15642,309.48498014513984
15643,280.0634856080799
15644,253.02537142579777
15645,294.463638993782
15646,276.7189146580857
15647,249.21520300361973
15648,289.36189148605575
15649,280.34767150622616
15650,53.91860958321354
15651,262.588553498417
15652,236.72933302871095
15653,287.35583122675627
15654,281.5412596422515
15655,283.1898170685631
15656,303.89171570381814
15657,254.05786146332198
15658,260.0269875461766
15659,260.85425470958177
15660,285.9266679244063
15661,278.51979553786475
15662,287.2684041768746
15663,65.64471906065654
15664,275.013462755214
15665,302.02385133141314
15666,294.98919313239026
15667,283.3336550340575
15668,253.30207949400534
15669,248.18447087614194
15670,58.987535850961876
15671,294.4732577930949
15672,261.81152151810113
15673,292.01157975740546
15674,304.2040006069531
15675,293.4380398738115
15676,296.57943725795394
15677,303.6404296362674
15678,289.51081534803774
15679,266.003696189318
15680,253.84587806885514
15681,259.64710074833897
15682,244.01758267821418
15683,274.0638168865638
15684,289.971475915345
15685,263.07441797117093
15686,50.93487168388285
15687,276.3674705932833
15688,75.78596190906651
15689,292.4333786457592
15690,304.5237143600735
15691,288.51424975281964
15692,294.34933699561805
15693,302.9562278747692
15694,284.4044692194617
15695,286.82212306448014
15696,36.20056868605607
15697,61.18012283138225
15698,265.74849185608343
15699,64.4153218909102
15700,255.40832769527307
15701,260.7714578126881
15702,266.1702405876302
15703,12.87600139099915
15704,220.48578192324499
15705,255.86416753050008
15706,264.44002733749613
15707,267.0067576752247
15708,251.21398117069145
15709,302.67746680197786
15710,250.07472397016184
15711,284.06877122709255
15712,292.7907631593822
15713,33.91960637648697
15714,307.3652539027014
15715,288.5584447484359
15716,272.1528575189311
15717,275.24463721769
15718,276.2716434636267
15719,285.5006892162271
15720,311.7091077950407
15721,288.20200444754175
15722,34.773240792610125
15723,39.016970854058115
15724,308.1174246121378
15725,278.5770848784632
15726,305.0920480569283
15727,319.3615063379529
15728,301.077718355287
15729,310.2724384658329
15730,262.9070062667063
15731,275.8398734120037
15732,268.3316029692403
15733,293.49784075014566
15734,-6.816340653484005
15735,279.9211342302316
15736,279.43813441546286
15737,287.84419509114707
15738,278.80807761094917
15739,246.48730324807394
15740,302.2664155743504
15741,294.0633232789338
15742,295.35478375643913
15743,281.63194827969147
15744,294.5656011276556
15745,290.887340756328
15746,241.9851277326125
15747,289.3128203863898
15748,310.9579643025212
15749,257.87068350518314
15750,296.84249039417756
15751,272.97543356559606
15752,288.7844583843359
15753,265.74163559426813
15754,306.0592458167547
15755,272.5581625798384
15756,295.637931228356
15757,269.2976365344489
15758,292.8274161417262
15759,265.83925060138694
15760,288.23477581611667
15761,54.72199831961848
15762,13.168723827108963
15763,257.34994156281573
15764,302.80186255221065
15765,282.9837857388269
15766,263.0394820457857
15767,273.03892360431837
15768,286.0626423806506
15769,38.119379151653646
15770,319.1940691303744
15771,274.37161697649776
15772,295.63643489512344
15773,304.29346312471614
15774,277.2522456960087
15775,281.6405143517678
15776,252.44157088457638
15777,267.54400615660575
15778,288.4592824712429
15779,250.94993898651128
15780,307.654116980402
15781,258.91944673656144
15782,302.3913888995501
15783,281.71933119224514
15784,74.11023563176704
15785,312.79950920098804
15786,286.56934185038335
15787,291.13888878134134
15788,292.16337527750755
15789,248.54949491769682
15790,266.10814463503766
15791,275.1508372636654
15792,274.73633359171987
15793,273.3356550845883
15794,273.5403778167871
15795,239.03662343815284
15796,277.31197982449214
15797,67.89580202740834
15798,274.6488300804981
15799,268.5649930028736
15800,302.3254362538862
15801,291.4087605356894
15802,279.1352909533537
15803,290.64313649218764
15804,273.73236888283645
15805,315.2568739923197
15806,311.7953932250864
15807,288.98756217028483
15808,256.7678432085851
15809,311.0898432211409
15810,288.3360094490379
15811,283.508734863052
15812,303.59237896584045
15813,284.2562127027888
15814,60.371228564009584
15815,272.1396051627214
15816,275.0462787626268
15817,296.98109204419757
15818,261.1521719406211
15819,82.47347038083672
15820,286.4843331848633
15821,287.0656279216845
15822,269.3274218280869
15823,310.2575916551953
15824,302.87051885595736
15825,267.5981605880198
15826,324.47045541913474
15827,264.925148467702
15828,282.294943077761
15829,255.94695675547587
15830,290.9430984356425
15831,270.6428495935129
15832,264.1984352983644
15833,292.530899720139
15834,285.7437270357942
15835,273.70567331404453
15836,266.0621415720407
15837,267.897004069405
15838,308.785842316655
15839,316.3757700514853
15840,252.95013603740048
15841,69.42117869694243
15842,280.4958482482431
15843,274.84635800833746
15844,59.497913226961
15845,280.3842585165116
15846,252.87751690111014
15847,289.3102808731028
15848,286.1967911888138
15849,315.1779940957988
15850,243.75189679537576
15851,262.5447744973151
15852,312.4045963196363
15853,267.9301432024943
15854,288.64257347030616
15855,302.6377609882221
15856,69.24701905520814
15857,245.5184987199872
15858,302.03740226369706
15859,287.14322444563254
15860,292.9952122498769
15861,282.32414244395466
15862,243.3276166140382
15863,62.81012244645754
15864,65.2917411165459
15865,313.8542267074932
15866,283.0610405444067
15867,293.65089692212325
15868,310.9634050280055
15869,277.4988125585231
15870,305.7573309141753
15871,300.4108337648713
15872,34.44881887691483
15873,284.8410660792681
15874,72.50033293015363
15875,283.161243739689
15876,291.0853148529453
15877,268.6407727212978
15878,270.2078625800053
15879,284.1105072824595
15880,292.98643877586085
15881,301.2366750453351
15882,249.0753175238481
15883,268.08994252453994
15884,259.97893077618664
15885,283.51685171985275
15886,268.64499297670085
15887,256.08603242962823
15888,276.5317760034835
15889,241.15667560759897
15890,278.3613496838324
15891,311.897500281392
15892,285.8121572901492
15893,307.80607188969645
15894,271.07600706043013
15895,301.53919693651886
15896,281.4923876441053
15897,297.5614701875554
15898,271.92970933762336
15899,283.8315985421475
15900,274.02805587521055
15901,66.9644842428606
15902,300.55592373867285
15903,276.55451461943505
15904,318.77622093060546
15905,276.54345960701505
15906,264.3872361575353
15907,277.3732324363199
15908,298.561725207138
15909,224.1393947097182
15910,295.3746398623301
15911,74.14059737752837
15912,267.05208530457
15913,289.3737758472651
15914,289.02233795641496
15915,55.72021868261703
15916,53.22274372455561
15917,274.77334212427877
15918,292.8446407287312
15919,267.1239590641951
15920,252.987568883135
15921,313.53776460009857
15922,320.41441898614346
15923,261.14556742837897
15924,262.6500868192294
15925,277.9587923071796
15926,269.1014460647564
15927,258.63362312826735
15928,252.9862554973786
15929,273.48673657596487
15930,315.71051649085484
15931,304.99073882391684
15932,272.9095336372645
15933,252.18084544937992
15934,309.68800114022656
15935,289.0407791785675
15936,288.48649599515363
15937,290.5868482216774
15938,304.0171523508514
15939,273.92469778962374
15940,248.36704132857142
15941,270.209751170921
15942,289.7589397008138
15943,275.20487264647824
15944,92.54168633498892
15945,254.79940547459543
15946,264.1083596312128
15947,267.89513722794504
15948,73.97854152358076
15949,297.97003156459004
15950,286.73969138851714
15951,296.0787345595387
15952,81.26249008373767
15953,287.7500310452816
15954,271.8100573076607
15955,273.2566283884378
15956,68.057862722641
15957,273.26798877948
15958,264.3185912550514
15959,43.10246757741581
15960,272.31869508275213
15961,49.4091495575594
15962,263.5044981323063
15963,300.2960804464278
15964,317.03859624094184
15965,270.32421879305366
15966,292.6983593847047
15967,249.71225921931097
15968,56.48380329594718
15969,60.703639241806485
15970,297.95505506177875
15971,44.66403225086407
15972,297.3897629209721
15973,46.136739115775526
15974,46.095705767147535
15975,252.76660948751876
15976,285.22157766742146
15977,258.8787996002128
15978,77.24031856797589
15979,63.63372480407139
15980,282.9665341465353
15981,276.40062111714735
15982,32.455576565418994
15983,289.5769622346635
15984,273.8843785741495
15985,59.37739021627087
15986,258.9049987404328
15987,255.8981263515244
15988,291.3482570695077
15989,275.62838613342217
15990,299.4708604687949
15991,245.8008889680268
15992,273.2938019051846
15993,312.43298021350904
15994,284.7116290309124
15995,282.36493910332206
15996,261.45440942404235
15997,277.12330353922437
15998,277.6672794835174
15999,296.75677541921146
16000,282.439690915044
16001,275.7589426835881
16002,311.8321491866541
16003,300.1461191273564
16004,291.4707436170466
16005,253.54880166331546
16006,284.00267389484276
16007,308.44560000730803
16008,278.9244867147537
16009,271.96259546781954
16010,261.5921065252703
16011,282.14564590254315
16012,290.9577819259975
16013,247.08685370460566
16014,274.4409308392038
16015,287.20547490991055
16016,307.62706151548804
16017,53.45603725056736
16018,282.3058548679807
16019,308.896364437071
16020,263.8155221961635
16021,285.9616117169328
16022,279.87813589073414
16023,248.88985426549414
16024,269.2938906525245
16025,268.6975416319315
16026,286.37958876749974
16027,281.6205439027743
16028,292.4339655924389
16029,266.52481766327793
16030,254.08419250439223
16031,271.345857022766
16032,270.1551838857576
16033,286.3326497091142
16034,252.72503224671897
16035,267.4085419690628
16036,61.07674649357719
16037,279.36044914228967
16038,271.397315758544
16039,267.13299077739566
16040,54.962561281258246
16041,237.79182179024582
16042,254.80968830037813
16043,296.8943916160212
16044,295.96282383894743
16045,270.7087738253038
16046,267.6004217973583
16047,252.471580716122
16048,252.18342170759306
16049,285.0016926170678
16050,301.2470282401045
16051,295.09337272031627
16052,293.7759143781859
16053,292.2792757479856
16054,273.20504796369454
16055,291.37613129504786
16056,267.9940029442813
16057,307.1851120002511
16058,290.9436122922348
16059,312.27971980772963
16060,278.7600418393198
16061,298.0674919143821
16062,299.85106951062585
16063,71.10967917432376
16064,299.26433883546065
16065,282.5771562108664
16066,304.37324560391323
16067,277.21437181182273
16068,306.19046995555766
16069,301.8241826468094
16070,293.33239273912807
16071,296.97139148925476
16072,290.85799088991433
16073,271.4053963579579
16074,275.8208524216399
16075,309.80602586524634
16076,58.196417716575894
16077,275.986800011228
16078,281.10577358925525
16079,287.08290784090786
16080,274.35480412723894
16081,263.61508233395864
16082,260.7555212950166
16083,290.6933304796617
16084,266.45720660157735
16085,275.224688749574
16086,274.49364621902123
16087,256.38005589456816
16088,270.3271003976941
16089,70.89085488822826
16090,62.95433081719156
16091,246.82723243752147
16092,286.57971465420957
16093,288.3511936405374
16094,314.95363385624023
16095,289.5010114962615
16096,281.56379154471324
16097,258.03075484448914
16098,305.1162241436234
16099,275.6518126245305
16100,308.40348618668963
16101,303.4297330891142
16102,267.15890862755435
16103,268.6062974395941
16104,251.14641990827297
16105,295.4348686999996
16106,302.74040595462384
16107,296.87189539566987
16108,305.5465686761879
16109,282.5656540025207
16110,65.59066986665573
16111,302.48904290993187
16112,255.83321987935608
16113,244.33180217247394
16114,287.32261484324226
16115,297.9810060370329
16116,297.1887207238781
16117,267.1377436089704
16118,266.87011905427187
16119,245.8641444940561
16120,299.69115823922743
16121,247.66637164542044
16122,47.10145609037468
16123,301.0830272935042
16124,271.03113585508873
16125,283.77576659107103
16126,258.33603223715613
16127,300.38217726422045
16128,290.5144001207202
16129,50.417938690364196
16130,298.11281752902926
16131,281.1828988758548
16132,305.07374907165485
16133,299.07147933405315
16134,275.9756839564949
16135,307.0866667396689
16136,299.3421925768075
16137,251.92907654016773
16138,290.5625893121611
16139,309.63361133439673
16140,281.3708159882111
16141,263.0233047937131
16142,56.535899752530014
16143,303.6264742699311
16144,281.9830996723697
16145,44.8200407722083
16146,268.6472535272173
16147,278.78046761698715
16148,273.22423932706204
16149,293.2765445332835
16150,296.94104265603505
16151,296.49283537151035
16152,295.8728706919346
16153,301.7456968083606
16154,259.9088064915611
16155,293.66291590615197
16156,300.8280788527037
16157,67.14451802992338
16158,315.8760142640997
16159,280.41014092718575
16160,252.25019981448864
16161,298.83732552080716
16162,268.6709391020594
16163,44.820026841137775
16164,281.88564089592063
16165,315.8511300691594
16166,297.38382862507115
16167,306.62500866022566
16168,304.2754188870206
16169,316.33825780257143
16170,266.5857669896785
16171,275.52363135039286
16172,290.75478731685814
16173,61.72650694828815
16174,271.7241669389959
16175,255.11819698322716
16176,305.07024251620476
16177,315.83065948848224
16178,271.99038435609134
16179,278.9441878362037
16180,308.11601218229987
16181,265.8237509358312
16182,65.11909685719846
16183,279.36538608982397
16184,308.83112324407
16185,307.6737827682466
16186,260.811242538737
16187,317.2671857292223
16188,267.6393157207269
16189,323.9679615893922
16190,45.090616714772835
16191,260.91688506401175
16192,283.9363102833214
16193,281.3843008564151
16194,288.8512743969637
16195,257.19307484930357
16196,249.26409953230944
16197,288.51697216641475
16198,72.35243357710758
16199,76.56046900554952
16200,295.86858757429445
16201,278.83818429051746
16202,244.23676433095812
16203,300.58309869523885
16204,309.3441920266405
16205,285.25140180083395
16206,260.95247442058655
16207,297.5869905866215
16208,274.96284212155103
16209,276.30978091325534
16210,277.97106823462826
16211,309.76494920145603
16212,294.60593849243935
16213,298.35065370220747
16214,313.6226148313575
16215,275.6738696978814
16216,320.2412453993749
16217,239.40749193037632
16218,282.39751535086896
16219,316.44875558494914
16220,323.0324197008698
16221,315.8143346516763
16222,304.2473095206668
16223,273.1194985588247
16224,296.6944290691305
16225,279.7432698013876
16226,306.4398748892221
16227,294.94836743804524
16228,263.5869710306497
16229,274.69554632798736
16230,314.64035577859005
16231,282.71945477245526
16232,43.35570361078652
16233,50.24295790916298
16234,271.7325417584667
16235,306.5985735256845
16236,307.6133451045472
16237,281.94090089974287
16238,276.30710320328376
16239,288.65692032373727
16240,319.88276991158375
16241,275.2213057289965
16242,252.25870637732356
16243,66.46187345867864
16244,248.42331608914566
16245,279.1438022824093
16246,260.49218682010485
16247,264.2846930811818
16248,274.62091415642396
16249,301.7208825921831
16250,268.23276175061073
16251,273.2498616745965
16252,282.91044987514863
16253,292.72228084603563
16254,302.783273986494
16255,292.57978181858505
16256,80.72606741818944
16257,242.65274658763553
16258,308.1422839831737
16259,312.9305154497331
16260,262.13727754122067
16261,318.76277550809857
16262,276.9564787316828
16263,243.03842586711932
16264,39.714960623006164
16265,49.96139164304461
16266,253.8312524435068
16267,304.77704721644704
16268,305.56387711185164
16269,302.3087999319075
16270,302.5509298900946
16271,324.27444796449925
16272,66.90631723857413
16273,63.97020181041046
16274,280.4940459925956
16275,285.9966541914671
16276,259.23762403941737
16277,300.70344993409446
16278,272.4771594071011
16279,12.06310976204476
16280,285.988291745842
16281,307.4802550244987
16282,311.77995906636374
16283,285.1608698710063
16284,310.42112835130314
16285,277.8862510771264
16286,39.80176132644257
16287,248.53225475272038
16288,274.02212988283645
16289,279.370616564045
16290,276.2644467623195
16291,256.9262061520277
16292,261.7955045343147
16293,277.4845774174736
16294,78.1175110423379
16295,71.41381609077035
16296,253.39201217918009
16297,63.53453130826992
16298,284.7562985322128
16299,258.63060724329495
16300,267.479407575585
16301,288.2012528774278
16302,307.7552228673337
16303,266.5772079556346
16304,302.149927496767
16305,305.20295682380856
16306,276.85652574177914
16307,281.4167309772675
16308,295.94091840371027
16309,271.31206667499794
16310,263.02106507826966
16311,283.10610963787224
16312,43.72598509985738
16313,183.16140514110432
16314,265.11761668564566
16315,283.13633042362767
16316,265.33001332691197
16317,235.8699268246338
16318,273.89399377535335
16319,289.6618405119558
16320,48.15075147974599
16321,74.25705515592702
16322,73.10859474325426
16323,309.6064814033238
16324,260.7158918540299
16325,264.6328735900538
16326,259.86703310975486
16327,296.16097294303387
16328,277.46848694231295
16329,70.01610309731205
16330,277.89827604339825
16331,277.46920794061873
16332,64.32405159154715
16333,258.5696239614323
16334,58.95974941320381
16335,271.66336595491407
16336,58.539120223385396
16337,304.25412555494825
16338,231.20217744002127
16339,39.795206156099
16340,287.1857566059476
16341,235.95747603734344
16342,307.75509975093763
16343,309.4464239345359
16344,315.070114580685
16345,300.1172497918971
16346,302.9459630414882
16347,289.240584811702
16348,275.76287222541316
16349,277.8375451422901
16350,283.777436298075
16351,53.735832699570835
16352,274.1093122733135
16353,263.2207320995441
16354,305.4307060698901
16355,291.73761324362334
16356,232.76247204934165
16357,239.16035676354394
16358,311.92926162618585
16359,250.5235902907684
16360,289.1993693312522
16361,293.81521439878225
16362,249.860812781821
16363,293.0939566668128
16364,244.53647392430744
16365,222.91157052127477
16366,278.59069487067484
16367,263.9119519409634
16368,307.70620317077436
16369,295.75657150730115
16370,266.34906336395454
16371,299.5364787370106
16372,214.44439246244977
16373,243.33599517307766
16374,268.23892116281394
16375,69.38078105805369
16376,235.5319462662008
16377,56.64688567525556
16378,268.46512035679393
16379,287.4113942203338
16380,63.23409756097715
16381,317.21427629322204
16382,255.15616686735166
16383,285.87434765737095
16384,270.3288676003063
16385,294.32676804913
16386,301.28679267076353
16387,228.918021470003
16388,253.13286022737296
16389,246.4340282726588
16390,307.5730238412501
16391,257.05296383306495
16392,312.9522022655706
16393,306.8598610674371
16394,310.2578115437419
16395,313.12290419636633
16396,281.0337065539385
16397,259.75974866326203
16398,295.4787301762473
16399,243.39236590703493
16400,271.743753276545
16401,262.47061596559064
16402,305.17567340283074
16403,283.1657120790305
16404,297.750124878318
16405,281.8339372768773
16406,313.2614752392518
16407,274.55800424354334
16408,292.6875640327214
16409,315.25846546271816
16410,268.4540226526718
16411,286.78991916886696
16412,317.9246974824131
16413,309.9861592127317
16414,239.64138306210714
16415,258.19357591065807
16416,55.34328908228463
16417,288.1411703405889
16418,275.0275604285807
16419,268.3855038888756
16420,267.69815013153845
16421,284.50111875884414
16422,282.0004105410347
16423,234.96030948430177
16424,62.88158709274623
16425,236.3987707959345
16426,290.12968965521503
16427,270.6131463044036
16428,238.80193086969086
16429,316.5078127975387
16430,274.6430501821986
16431,278.1454920273766
16432,243.79025207177773
16433,317.74655756749775
16434,269.879085607142
16435,48.51775822523078
16436,254.1226963564896
16437,288.2054889911343
16438,262.65720445600164
16439,255.40500805042578
16440,276.67494957715985
16441,263.50111036588635
16442,296.02972342196523
16443,313.54962914636053
16444,257.9107478393803
16445,61.79308541225808
16446,301.8926623690347
16447,220.82560591512902
16448,203.29124660261962
16449,317.03519744789514
16450,69.1275056085189
16451,302.9098797428412
16452,261.3633127774277
16453,273.12932960730575
16454,74.93259393725296
16455,56.85165368503175
16456,257.3945234456487
16457,255.75392068327164
16458,236.55539150868435
16459,287.5907504752512
16460,287.46301147250574
16461,283.7307604719306
16462,281.9689582001755
16463,54.671166579840644
16464,268.2540684534299
16465,297.1731555342776
16466,289.3451358089634
16467,307.4561596276339
16468,56.95400432169416
16469,262.61984149149316
16470,316.99619940964135
16471,309.7887384795441
16472,279.7061797546295
16473,285.64008060505654
16474,81.80451444588775
16475,307.5810575506076
16476,260.9794269128031
16477,259.69760068543064
16478,298.27393555497497
16479,285.47204573104375
16480,261.05446330451537
16481,282.3104639642412
16482,273.01672696702843
16483,262.7813597135241
16484,266.9965028358955
16485,281.086137934149
16486,32.061224299171386
16487,303.0253686334298
16488,235.95947282834632
16489,312.609660598778
16490,279.4906728897548
16491,282.66155414070494
16492,220.87873796789592
16493,254.27413463230602
16494,315.5658639453951
16495,262.4180208854784
16496,261.9002821618906
16497,284.294242565354
16498,280.84850073596533
16499,287.13616043642594
16500,137.85525724375995
16501,243.5536645021077
16502,282.35444952879675
16503,288.5789278253363
16504,270.3976759362095
16505,238.02305660603957
16506,285.44097163672734
16507,275.91253639388765
16508,59.86328157455168
16509,282.10059654672466
16510,19.514867451408563
16511,279.0214807289125
16512,279.4455073803075
16513,249.69251927100302
16514,278.19239263099536
16515,290.7271623970681
16516,312.8927337653265
16517,320.78540370310964
16518,302.2782245323493
16519,-37.524437952090864
16520,311.86461430456694
16521,290.91496741066294
16522,63.427181008756776
16523,68.60411536346044
16524,263.37441251372707
16525,277.6297986572507
16526,264.7060657045179
16527,260.69290070844534
16528,252.93037940755096
16529,306.38843548364673
16530,291.9860851377297
16531,241.97438458551287
16532,23.90058945001701
16533,65.68315030914812
16534,53.09011229336974
16535,281.44866241863417
16536,63.150872903028784
16537,288.7462302267759
16538,63.81342529901684
16539,316.02340994174136
16540,291.49621701051126
16541,306.7911031942343
16542,317.82876614571273
16543,281.81282843139144
16544,283.3249618489312
16545,276.5715467016825
16546,61.94760581662942
16547,297.05250788467833
16548,277.66757518964
16549,11.501611459253581
16550,73.33808231550088
16551,57.411904915315745
16552,263.3323245104648
16553,310.79559974140614
16554,50.725095927187624
16555,275.3695313468372
16556,271.88575072639867
16557,266.2501528388623
16558,317.70771024110866
16559,64.06643174659214
16560,67.03114137221542
16561,280.9193768861552
16562,281.4579409189379
16563,264.0422008481914
16564,48.343162412016056
16565,72.42789011781207
16566,310.11608818541043
16567,61.17226042127092
16568,303.2378514664683
16569,295.6405410504131
16570,292.90487708056605
16571,280.38807367922277
16572,271.2338760315512
16573,263.6243236764552
16574,289.49789664672704
16575,248.86622647414615
16576,290.2088269438722
16577,266.70409718027315
16578,298.33568464335565
16579,27.166370291509267
16580,263.6243487297488
16581,285.4549579234905
16582,296.32467744826903
16583,315.6500496838178
16584,277.34632876892096
16585,263.6223713001692
16586,313.4786081166028
16587,254.5073485879603
16588,278.096216236934
16589,257.08112784940545
16590,256.5170777847306
16591,286.55112778838776
16592,242.6829434299388
16593,309.48784345236413
16594,263.0601189921532
16595,268.51502421378814
16596,291.19312804339717
16597,259.45680484795537
16598,246.864237287019
16599,250.03923838994052
16600,290.270332820525
16601,261.52721347809376
16602,318.2261442505911
16603,301.87902622748754
16604,261.49090737841703
16605,272.4884453770005
16606,289.8391094753955
16607,302.7731530846844
16608,277.86327978071506
16609,252.4129944647285
16610,64.15078204633016
16611,256.07269648491365
16612,289.50206405224674
16613,73.41190670165571
16614,255.1530893330765
16615,73.41729727145764
16616,273.6244156845373
16617,252.86798973972893
16618,269.73929189069014
16619,290.1864128279405
16620,297.623201842132
16621,292.7729754135727
16622,298.6276970296696
16623,282.9986650384421
16624,289.16338885783
16625,297.2057384563415
16626,282.3135725535187
16627,300.88521752732925
16628,289.7601368646632
16629,293.6399732049757
16630,254.5546966461939
16631,264.72371707438197
16632,303.2383845633087
16633,296.68011152890165
16634,293.6210902909688
16635,305.62723650011475
16636,260.87930479680347
16637,295.58859926373975
16638,41.22984909706025
16639,312.9706039268465
16640,245.0364936635541
16641,288.0551056077629
16642,290.3094141999694
16643,283.7370954398721
16644,283.3356554944586
16645,312.1915976083907
16646,282.7661486124849
16647,298.83677668312896
16648,296.95097994912203
16649,299.90830906978897
16650,310.0776614270845
16651,279.87343341871394
16652,304.2664894061829
16653,285.7372684505453
16654,288.37149201965894
16655,282.4749654911096
16656,305.73259780321587
16657,300.90197978637093
16658,309.5389039313307
16659,255.09894747067273
16660,293.58718306341314
16661,283.06323807977503
16662,288.6644275710722
16663,266.39012905954695
16664,276.00552644727486
16665,304.82716953030655
16666,279.058060632324
16667,302.5846232151538
16668,289.3081571576013
16669,302.56775973329655
16670,266.3118628017414
16671,270.88994741989654
16672,274.7780771674725
16673,298.4532225914235
16674,305.99798527956784
16675,305.80695343774636
16676,68.00897902235738
16677,290.13321456250634
16678,310.1820747402363
16679,284.7113025396931
16680,275.69201077721544
16681,306.74195962291594
16682,325.0950210628183
16683,278.80335799319005
16684,296.36311919640707
16685,268.5512198819806
16686,296.95417886750977
16687,297.405520433869
16688,253.11396791926987
16689,252.4083381003567
16690,260.26668264722286
16691,316.9932867540815
16692,227.27633622913237
16693,280.7888581517801
16694,296.8828124071913
16695,292.5562832014342
16696,299.96255432830463
16697,289.5510858782727
16698,266.7896205702598
16699,293.7255024333741
16700,254.45672588975555
16701,275.8611292818961
16702,314.84623546227476
16703,258.01610407798614
16704,275.6829793607116
16705,272.12204863957015
16706,268.76833920414765
16707,259.9800489561382
16708,318.00549620918395
16709,279.6599421267043
16710,277.26254034194426
16711,287.0654534516122
16712,276.60426420648116
16713,256.4222696566961
16714,256.59437161248223
16715,293.86898101902443
16716,57.460010230631525
16717,294.2041323514546
16718,290.3425182376834
16719,236.23561010211145
16720,308.02560678945105
16721,303.40051246371036
16722,260.20893818094663
16723,292.40639913869376
16724,261.19114516733174
16725,257.2036105475735
16726,49.72781171415056
16727,257.7022109037574
16728,320.1223977131522
16729,298.4296809874972
16730,282.1755811106984
16731,255.52627779272115
16732,310.5087985421536
16733,295.02210399853425
16734,54.67847097968479
16735,275.8600193436269
16736,291.63834586601945
16737,297.1171842712432
16738,256.1197025675142
16739,308.7740137853366
16740,240.87681434864285
16741,305.14910666203167
16742,304.3192656736863
16743,301.0003828321553
16744,270.7212396680375
16745,292.64275067111987
16746,315.10835061463797
16747,270.29788637391283
16748,269.7432667613241
16749,304.40847635425166
16750,290.09026150026745
16751,36.092540096055956
16752,279.71944814098026
16753,292.3198212232215
16754,301.8386897140397
16755,283.4360591196544
16756,285.7387882161921
16757,318.08126061617145
16758,252.96535436464916
16759,308.93474516839547
16760,290.8308325806919
16761,271.9273679491098
16762,248.61211736342617
16763,290.07687739262826
16764,286.12487690420625
16765,255.60836187198547
16766,271.88725003243553
16767,291.1604064785414
16768,253.29110959393395
16769,266.4029528855872
16770,287.514996954255
16771,316.67674954441094
16772,293.4787849350381
16773,280.9475412257373
16774,45.50790250432283
16775,265.15934191419825
16776,303.10204239458415
16777,50.32027300153865
16778,292.2869172618682
16779,306.829093635442
16780,290.9874198647242
16781,263.6766380954234
16782,273.91503288966976
16783,257.85412863354105
16784,306.3753012935065
16785,267.23610796730543
16786,291.7316076480597
16787,51.72019598636521
16788,267.62501042416795
16789,45.45273977476481
16790,299.67882925573065
16791,258.5652924372363
16792,39.960868323393726
16793,297.09593211431525
16794,259.07719493557624
16795,248.2277257071346
16796,310.0006245584556
16797,43.355993105696285
16798,53.04834853867058
16799,257.02937734311945
16800,259.34145483261915
16801,265.9526949597073
16802,265.8247498436342
16803,44.054790912857726
16804,285.9904431919811
16805,46.76495157350956
16806,258.62479823073164
16807,49.40247571326222
16808,291.0678189970845
16809,252.33553639433052
16810,57.307418398176054
16811,281.6395315915546
16812,250.30469228758855
16813,64.57296778049425
16814,54.85572593174396
16815,44.59667565459998
16816,259.58516408621284
16817,25.604540990544365
16818,269.8555497866941
16819,284.1313043570848
16820,251.5521743603416
16821,290.1654030497506
16822,248.3615721829412
16823,35.325542105813696
16824,286.8542678748678
16825,282.27912991805186
16826,307.7247817829231
16827,260.0201471529235
16828,291.7417798491742
16829,306.7405169974185
16830,59.50530970593195
16831,242.27969240794008
16832,55.313240817041134
16833,302.45235801457403
16834,275.5744412650794
16835,301.1387419041754
16836,269.2188055629683
16837,41.788273873422696
16838,10.816694164581222
16839,242.8689421760813
16840,287.9348958996049
16841,263.73047277020066
16842,63.75102614610162
16843,285.6570383106631
16844,46.944734906214364
16845,62.835278191773966
16846,71.20287326537056
16847,42.56870915338021
16848,56.18308662126725
16849,25.366395427792384
16850,285.812869027375
16851,293.7351632498233
16852,282.1094458260972
16853,41.17306095855761
16854,293.90867420118536
16855,243.54221832535075
16856,238.4817211549878
16857,42.84073072694085
16858,264.7807260953389
16859,265.4226611871634
16860,24.82473583515504
16861,15.185489571526205
16862,66.84512569597945
16863,265.97687067301524
16864,44.27827143060614
16865,60.13211207864745
16866,19.3156138566343
16867,49.08058748919112
16868,278.26600653362675
16869,265.11016380587944
16870,37.655183188246184
16871,267.64873036399865
16872,57.716058053761515
16873,288.8046592248196
16874,261.6225318470953
16875,253.07005212309383
16876,66.74663575549081
16877,46.94995424088387
16878,292.9147911993024
16879,270.4283866698729
16880,304.1006611173592
16881,276.0731877012838
16882,55.816962242799946
16883,56.7358983264933
16884,268.9931390889211
16885,283.01380221518735
16886,285.88646612511843
16887,242.0270934274458
16888,29.83426927101374
16889,299.53833382319715
16890,56.37234117930734
16891,250.53469917189162
16892,50.71370995087693
16893,29.294983031673894
16894,64.36936810282438
16895,33.83418030677302
16896,252.40156880071908
16897,261.3912119025467
16898,59.594720696399975
16899,275.4503187147525
16900,289.24426720177854
16901,260.1211069806531
16902,57.97830975400967
16903,268.6344233643642
16904,278.5595997751483
16905,276.3465123471699
16906,48.53703917807539
16907,303.89248492824356
16908,54.75502418140027
16909,77.66160190365127
16910,45.058937815587086
16911,290.4703475340091
16912,266.8212332005481
16913,239.1046653539087
16914,267.38207405107636
16915,32.18588307489986
16916,25.813700254841933
16917,70.5086271828061
16918,274.94367800593244
16919,279.57908252310835
16920,301.4222128148456
16921,79.72261252396206
16922,276.66312081607236
16923,46.68339220182216
16924,267.59282575644147
16925,284.8954956284353
16926,63.629973746048364
16927,43.27083945899548
16928,71.62225105972621
16929,260.2378398948357
16930,256.2056696660187
16931,288.4562292539367
16932,264.77538925572725
16933,310.7911002026266
16934,53.61144640268071
16935,6.642630244436688
16936,283.942737883861
16937,247.60239539358827
16938,286.1391862988671
16939,47.497453312587396
16940,47.05526377915075
16941,307.0883148610834
16942,56.70647060002895
16943,284.8001111385552
16944,56.058330307670644
16945,286.69595964113375
16946,58.27271736844051
16947,264.10317718558076
16948,69.82118490754891
16949,285.7839019524531
16950,287.08304643693657
16951,283.0244151553133
16952,242.93413798598854
16953,74.9381430620194
16954,295.7267391928747
16955,251.21361005080715
16956,254.35122889409718
16957,54.292889667478164
16958,252.23845524754583
16959,47.95965447063671
16960,59.17270303994775
16961,31.735250824219975
16962,49.21973914860877
16963,57.35873488478322
16964,36.83370441624905
16965,290.3877164587474
16966,25.214728819677873
16967,261.2010341069392
16968,247.9895427224334
16969,266.0842097014652
16970,58.36440736008237
16971,37.540781245347574
16972,265.1102334888768
16973,47.71958925402251
16974,269.7737670229981
16975,258.2462196539501
16976,286.6922918604928
16977,50.2479821141159
16978,267.7816606671877
16979,307.01559425921886
16980,38.227773819004284
16981,263.6132832977903
16982,40.52526036866652
16983,62.23797541973053
16984,272.129516868296
16985,278.81706600265306
16986,68.21848181289712
16987,281.29936754649617
16988,59.91954833412211
16989,292.3213395804097
16990,292.2766930884551
16991,33.43346501970066
16992,55.847620237926236
16993,262.7348351201248
16994,258.74641530060944
16995,14.907497147574489
16996,53.68622077016539
16997,49.59851225558717
16998,255.84767217909166
16999,281.32849476714273
17000,279.2046742365653
17001,278.1231318616464
17002,77.4643774366447
17003,286.3021704349574
17004,301.64131563808576
17005,270.238909773037
17006,284.6264368599408
17007,273.4114271594351
17008,270.93333127454537
17009,264.1498822462372
17010,73.4594563291553
17011,32.126932629708335
17012,293.4606292335337
17013,269.2817822576622
17014,45.82872945135031
17015,26.462729436646498
17016,41.858413084788
17017,258.904133047898
17018,53.500084606097374
17019,71.32862534023391
17020,312.19183097942715
17021,270.125482615383
17022,29.586510129203987
17023,12.162842795240223
17024,254.02312292515074
17025,31.14095369629493
17026,38.54788008636564
17027,44.23483264993831
17028,47.47313407458199
17029,42.24308303938295
17030,57.07752119201487
17031,48.870520343853684
17032,310.942365785584
17033,51.98043709773577
17034,69.51362324552838
17035,250.02701408061088
17036,39.372165019268294
17037,52.057137089402886
17038,48.02055787077322
17039,38.940800425978466
17040,249.2953290337874
17041,302.89545916632574
17042,39.287580829497756
17043,250.35013294934868
17044,49.678291833788165
17045,37.4544505485604
17046,47.481664114793546
17047,51.70520502423565
17048,60.84871572689414
17049,295.5800415849302
17050,250.20784151014087
17051,315.82335550810103
17052,282.62742236699717
17053,313.41477364071704
17054,57.86636566398329
17055,24.376378850240258
17056,283.92690030922734
17057,258.08209024571977
17058,283.9081493833753
17059,41.29384500839598
17060,277.8010541627888
17061,41.3197114048385
17062,52.7409977286398
17063,49.43969984944235
17064,284.9515491119573
17065,65.3062424319603
17066,56.47387768777705
17067,33.272795489003016
17068,46.78142440759339
17069,41.859091824895756
17070,21.533247591879842
17071,46.79425810159947
17072,23.01149886255287
17073,40.53825129900261
17074,55.28081199614584
17075,318.3373720864905
17076,18.66088795567839
17077,280.6015046306795
17078,27.708814449541336
17079,290.6871695903832
17080,56.70314735213714
17081,26.456753086472176
17082,274.0995114716043
17083,48.31141654858138
17084,36.663708690608246
17085,264.6230015786186
17086,29.277206681448234
17087,41.063657328285615
17088,296.835916062878
17089,267.7966762335095
17090,18.5488817024645
17091,275.0959651686195
17092,267.17862289068523
17093,80.82418071189821
17094,313.60926633329353
17095,286.2521786716584
17096,37.799493449231164
17097,273.2592597266456
17098,3.6780489752700873
17099,34.84968777056599
17100,284.03837365112565
17101,293.46092360434113
17102,40.21471897713181
17103,293.1039572211792
17104,51.86239224325004
17105,299.4285453126902
17106,41.745488233676326
17107,285.4021962464685
17108,57.44795592991369
17109,66.04789056088944
17110,294.72150257457434
17111,285.60651509565145
17112,27.781275460742975
17113,246.24191018754735
17114,31.409322602486753
17115,74.96445290788884
17116,18.834400014159286
17117,24.671611401656932
17118,51.420995988681796
17119,17.60106854588058
17120,288.89392482875695
17121,309.8419030476422
17122,44.398390892060945
17123,62.80946604748931
17124,261.92296501749036
17125,34.48924292399866
17126,26.040376135017212
17127,64.23141571200091
17128,36.13895502546012
17129,265.69881334285003
17130,29.9193924901588
17131,27.011430435443927
17132,54.66194293163392
17133,39.51063314921089
17134,50.021602886721496
17135,270.73206261431005
17136,40.882374316023345
17137,37.83080389594042
17138,255.02077488577666
17139,12.423088843091179
17140,77.80510240869276
17141,68.30908093580834
17142,21.103746706912005
17143,38.08139702781409
17144,311.41740555321906
17145,29.52777781614958
17146,47.32770581234226
17147,42.11383432941071
17148,255.9579655847561
17149,18.841645265313105
17150,287.5097374306125
17151,40.854188243235456
17152,51.03825833321241
17153,18.320145675850625
17154,299.1012052809991
17155,311.77877331411344
17156,40.409633491370215
17157,21.082634217241505
17158,283.62867402999734
17159,29.94384782862747
17160,38.155198334019815
17161,295.21637154254256
17162,34.70383995245629
17163,300.4714611577165
17164,23.168655612513177
17165,30.527536984260337
17166,298.6447644454395
17167,261.70602459207527
17168,6.571651742661203
17169,51.252050380487816
17170,27.25098155714676
17171,291.0105042247946
17172,47.40502460170396
17173,276.3314550319793
17174,35.35501367518032
17175,252.2009857542654
17176,260.0472855253854
17177,64.25491832755921
17178,249.57765067103404
17179,254.42141060596617
17180,243.38110641149467
17181,15.680368840575667
17182,275.98900601331354
17183,32.941924209587796
17184,271.0533794285745
17185,277.88314592577615
17186,23.849625469997775
17187,43.29122834971972
17188,33.175159213283706
17189,60.91747955100814
17190,299.0845953052494
17191,25.124008032046376
17192,58.439021232837774
17193,279.33475632946806
17194,256.1381684395954
17195,14.89171913941226
17196,306.60717162841934
17197,25.323020213924423
17198,295.75955327072086
17199,298.33740913006835
17200,30.511098521586888
17201,260.05028376275095
17202,28.490631975492306
17203,54.152855241802484
17204,45.116192844677926
17205,50.869245110549855
17206,277.7718801627176
17207,257.79282107349064
17208,314.38728622668634
17209,65.37015164347667
17210,302.3905477237083
17211,287.7942392431128
17212,256.7086623106038
17213,291.42893909255423
17214,53.27237900255136
17215,269.0037863807252
17216,47.23720881038733
17217,266.2571295021319
17218,50.538149731475386
17219,303.69299815329873
17220,39.18820534772448
17221,49.41951733761016
17222,45.8231357247343
17223,33.76939789436227
17224,265.61688005777796
17225,28.593376013028518
17226,37.27221472012681
17227,63.21776504682296
17228,308.1675787051605
17229,73.44913842234206
17230,31.817564988105545
17231,292.81324728900523
17232,46.49328250065071
17233,6.070867613918892
17234,38.97678876559198
17235,3.329203696066685
17236,38.8908736542607
17237,15.76998559334541
17238,59.74874873822898
17239,6.1243009928995775
17240,43.23426427587506
17241,10.914906870640962
17242,49.252881816647374
17243,34.444832079779104
17244,55.58154624844602
17245,291.5278163774514
17246,40.97189646492578
17247,45.30433216817377
17248,27.81867315760624
17249,60.68838180007711
17250,280.8839182007044
17251,47.4640617248547
17252,37.34990167504927
17253,39.163912400372396
17254,62.1241985184875
17255,27.9031333994935
17256,31.950262219108083
17257,50.37393821134489
17258,34.0930637113284
17259,289.94549233430575
17260,250.9838783383694
17261,57.6939864101729
17262,53.81631404788155
17263,274.79456150067324
17264,41.689126648885036
17265,33.007881876880276
17266,296.53096893156
17267,50.9159116839335
17268,76.35344521516802
17269,306.0033095065817
17270,37.31689137819026
17271,278.7088534220507
17272,50.095242491385335
17273,31.679645069562525
17274,38.13419741985331
17275,259.04566975176397
17276,267.2383334782319
17277,305.35047717208965
17278,292.8092375183911
17279,38.3721669065462
17280,254.3373709774524
17281,47.932717366798784
17282,307.0035914947399
17283,49.18936812804685
17284,322.93189843390235
17285,49.28759831074859
17286,82.68606491345926
17287,65.71917298678665
17288,310.07352155131457
17289,287.57537702510126
17290,272.81024042463434
17291,287.16946534532303
17292,272.1355230108377
17293,314.97243816497803
17294,294.60692837327207
17295,58.76687979830339
17296,37.603472906169145
17297,51.668563696872326
17298,42.39753397149207
17299,48.75047183555597
17300,254.94294782492142
17301,245.90642135123892
17302,260.25025953535066
17303,293.60445376354187
17304,22.925538227432696
17305,33.653704184698455
17306,77.28652711051404
17307,17.300910427230875
17308,13.974146385560942
17309,-22.085636772808158
17310,251.23774909077486
17311,33.105595868704086
17312,236.29805244211687
17313,287.751169588999
17314,304.19808985072075
17315,241.83494762911488
17316,34.40908946335844
17317,44.26797435200206
17318,39.005728658032126
17319,34.64689303095878
17320,242.95403726842082
17321,261.6264650224274
17322,262.1919626213212
17323,54.915713791782736
17324,16.793366219902495
17325,290.54254639807056
17326,-9.45233535843498
17327,52.19503782052698
17328,39.220486219402176
17329,34.352717030833446
17330,268.9469533202688
17331,39.05377466786453
17332,36.05466919308162
17333,60.742050511863596
17334,289.1742453464334
17335,63.20446478326082
17336,268.8056562411054
17337,42.18513289854627
17338,26.106542509608985
17339,41.57230024739465
17340,44.74345820038428
17341,47.37536458939161
17342,38.48097385086231
17343,294.6786862935721
17344,300.7852590021164
17345,14.055792104369019
17346,50.187938067979786
17347,288.77779699643986
17348,8.486443467650275
17349,237.5277002130859
17350,251.32625339885874
17351,57.0555747828443
17352,80.74383602656394
17353,40.9196994130366
17354,57.889363072898476
17355,59.38124335294947
17356,75.59054833038908
17357,38.32724577349964
17358,51.412803389619825
17359,275.8078005010986
17360,31.416172169554017
17361,20.640706272163598
17362,254.34335652928462
17363,41.87061943011068
17364,318.4128994461483
17365,253.6900341487913
17366,37.074297435855385
17367,46.43737748095148
17368,69.72981177761369
17369,31.31131658363128
17370,25.995966950846025
17371,294.9246377422171
17372,255.02686557516134
17373,312.9280996827937
17374,279.78555756198017
17375,37.584023119803135
17376,50.489942451210055
17377,56.237130816881375
17378,53.1218198283791
17379,313.98369698513017
17380,294.6967537430946
17381,262.59176370880573
17382,62.577095571352544
17383,23.41231956142444
17384,37.17563046994917
17385,39.764892544987475
17386,37.06632758756231
17387,43.449986594586335
17388,21.156130879494683
17389,21.274950758497
17390,37.19622459942141
17391,40.3361867374166
17392,313.0360680662359
17393,77.0715322303299
17394,44.41302698433964
17395,60.891755521450705
17396,56.5703551463765
17397,288.3653481955014
17398,43.41104324791374
17399,32.04770048420286
17400,268.00865642610046
17401,26.948903249897725
17402,286.7449380934029
17403,308.82469869651595
17404,49.46109567699676
17405,53.13911567391628
17406,273.19486968445875
17407,61.05644371085103
17408,265.34602325907065
17409,267.20281235713924
17410,52.22182073701646
17411,23.3454069683481
17412,22.63281354022861
17413,11.328017959134868
17414,310.3655950114182
17415,65.99355555653113
17416,16.324287787996298
17417,52.30720867262073
17418,24.24932840871567
17419,33.18254975329873
17420,67.0993726257312
17421,36.84823890446401
17422,27.744815392375074
17423,34.26315438235801
17424,38.23672122279629
17425,31.33700574185829
17426,268.25377157059745
17427,41.38684407385102
17428,295.5114406892966
17429,59.765898684407404
17430,56.73941501406779
17431,272.21090194341724
17432,58.57703658378696
17433,46.22962595063825
17434,72.62157688524442
17435,294.8511915744504
17436,23.639088933120846
17437,17.133098477871158
17438,301.7960690236245
17439,50.3288783827515
17440,283.5838123910296
17441,262.8714371528768
17442,43.238997165583044
17443,45.933537738539115
17444,54.97254342365642
17445,50.869043674696485
17446,314.94777760907465
17447,68.17962193075024
17448,38.19050067785719
17449,275.88889728678987
17450,42.277558763784754
17451,62.145102775049025
17452,272.7123132642359
17453,301.3148981716312
17454,60.083598495087045
17455,282.30804926232196
17456,51.198598407107966
17457,65.25951409399187
17458,21.96690109722823
17459,27.80534615246468
17460,29.576684532925583
17461,298.9821566767097
17462,29.11061653283653
17463,36.17246049462619
17464,23.214669999309066
17465,37.50451834953972
17466,246.8892448490767
17467,304.1038690374827
17468,61.300107773168406
17469,289.1493800396247
17470,299.0800956445684
17471,46.35453870492137
17472,58.356589943001694
17473,35.12741807276345
17474,46.87799994819943
17475,56.77428549721046
17476,266.7058986381742
17477,40.94165890973477
17478,294.5345687928169
17479,54.60311678068072
17480,322.5762181660797
17481,41.192645334278666
17482,-10.741439225543985
17483,44.45072383782792
17484,48.21748764255355
17485,25.975318360242525
17486,42.59900160820382
17487,40.61940176777472
17488,67.09916855197847
17489,284.37253517500153
17490,15.0278129811077
17491,35.004249844152724
17492,255.4451464144226
17493,278.14498696147024
17494,56.20071092902697
17495,37.06204916286447
17496,269.52533628514277
17497,263.9529542924522
17498,54.9241669955328
17499,275.3382619243577
17500,68.80718303626864
17501,314.7629058590454
17502,273.7841126965375
17503,311.98069296109577
17504,61.44377647518144
17505,69.8903551576858
17506,259.1157155329315
17507,28.85444860578039
17508,61.17949138692194
17509,44.36562941803652
17510,256.9953553938344
17511,291.2732874110819
17512,42.179901761133806
17513,285.65349015278775
17514,296.55537242631226
17515,70.00464224365396
17516,54.81533381186398
17517,48.230023220150514
17518,32.69936335973145
17519,36.98563572657491
17520,54.31438634636305
17521,36.4578700842346
17522,259.9151529189835
17523,274.7745040938439
17524,44.51369542133469
17525,25.714982535166598
17526,311.139694015848
17527,239.03045623985022
17528,38.07422416636757
17529,292.7440169507483
17530,43.29569689682987
17531,38.04551304376284
17532,38.65326759680701
17533,276.3990187751833
17534,42.9778482078722
17535,251.4344836326999
17536,60.62247078067847
17537,290.06682098903633
17538,52.95728719687804
17539,284.58488004066936
17540,280.7104216923137
17541,20.775475751391838
17542,300.198959798681
17543,36.960519910208035
17544,269.8972497281892
17545,27.19678381186472
17546,-63.180497034215
17547,300.43889601411223
17548,247.71423391299888
17549,315.4298834342716
17550,284.52822071225154
17551,287.7479715592372
17552,73.1546806764743
17553,293.21099746201344
17554,279.8598062108173
17555,49.33679324459976
17556,268.62852546789946
17557,47.940775263478685
17558,284.7680265014212
17559,14.247092175205253
17560,39.535395179006855
17561,262.03885842622094
17562,297.8267607049136
17563,47.75632545347136
17564,255.34106041222026
17565,276.620278881437
17566,47.11556861072029
17567,40.34286996457067
17568,59.003890753799766
17569,284.0807285900008
17570,70.30038782759576
17571,57.308542305428546
17572,279.2187367010554
17573,288.5960530870998
17574,63.249149950961566
17575,289.51580444717047
17576,60.492455825697505
17577,280.42001440866255
17578,259.8955717244906
17579,289.64956826179207
17580,249.35736522788486
17581,268.2759778943444
17582,62.69350636756994
17583,21.5067138689748
17584,270.7430685011967
17585,290.6637115980993
17586,270.5290284913942
17587,58.48810228742289
17588,32.461684290605774
17589,93.03569293667803
17590,245.90255677299825
17591,39.15040635049394
17592,247.8322499575093
17593,305.4393610692544
17594,46.639370213364685
17595,41.323425705937666
17596,62.17869374093527
17597,272.86684146962864
17598,293.52880702220466
17599,307.8559826424182
17600,60.028008276167185
17601,8.291340952455016
17602,298.54263431954314
17603,271.3484266612736
17604,278.89289413858273
17605,300.9525973849635
17606,53.24018705562082
17607,285.771333894806
17608,57.31927645335546
17609,304.0409067664899
17610,257.66751361332115
17611,276.13651401121217
17612,281.00728381948403
17613,253.6479124147161
17614,283.30606930992974
17615,316.07050787270293
17616,49.88729275896296
17617,31.4762170585866
17618,59.92727015688226
17619,261.8625703360765
17620,37.111939588361054
17621,283.7483336193504
17622,295.5145783007447
17623,52.89879024705462
17624,295.82384992709876
17625,248.73125418560068
17626,312.1313865478587
17627,48.6715945848662
17628,276.26555465044146
17629,303.0133608445436
17630,265.59197031797873
17631,252.3608231090422
17632,267.7647626170921
17633,18.832669085124593
17634,299.9914911945157
17635,259.4367473978858
17636,311.85548827391625
17637,277.4900326430095
17638,270.7150332758573
17639,282.74443084139784
17640,53.478219993453024
17641,303.2810873755562
17642,261.67086936845976
17643,298.5283576390294
17644,240.5214214566632
17645,282.83181758184213
17646,283.19884960720134
17647,296.4572805844275
17648,261.57762367314297
17649,280.5133912137829
17650,240.4519407815439
17651,258.4244016590025
17652,256.59259552610666
17653,272.16692942297857
17654,248.7223708919377
17655,270.04501435889347
17656,56.63911773558658
17657,280.152919346722
17658,292.91050800234666
17659,32.26565206640757
17660,290.9736606564568
17661,295.45378298236324
17662,216.48492676086858
17663,250.39219411291867
17664,261.8900885625317
17665,312.89631049296054
17666,259.08221185741036
17667,291.45707688306845
17668,271.9351569423442
17669,284.0906552247634
17670,269.5475911797313
17671,311.93613101675066
17672,167.16717828882037
17673,298.96948097846064
17674,275.897251279737
17675,296.4723933998263
17676,54.82862485146313
17677,294.43506391407635
17678,257.6626826309505
17679,276.12180394014695
17680,266.39545473539516
17681,294.6015285736763
17682,265.6906556388398
17683,293.53542634505203
17684,41.811209778950314
17685,52.57232242771093
17686,272.76640184185146
17687,259.5316226325351
17688,294.068520537882
17689,258.78889764247117
17690,324.1257280644378
17691,254.64839802593184
17692,270.9968542094384
17693,278.44116037713627
17694,-3.0891375120815923
17695,36.65905963546146
17696,264.98650244725115
17697,295.6351430530443
17698,326.8298727684328
17699,288.96482950126637
17700,272.0443689132313
17701,287.9460467092769
17702,267.3668136094288
17703,315.6452942799756
17704,273.0957999210662
17705,50.575758425166725
17706,67.00630766410731
17707,27.785713893330907
17708,280.98298625750635
17709,265.9422659628074
17710,197.87923211355505
17711,270.2055582171083
17712,57.92184703835531
17713,292.03161369530835
17714,32.43793615111579
17715,66.42041982859226
17716,263.0804154274643
17717,282.236726027753
17718,232.85546652084605
17719,29.73027487149355
17720,296.02587292865644
17721,290.1171801149726
17722,304.56177688814944
17723,303.3245841727057
17724,53.853973680859895
17725,27.015340363016875
17726,311.6976308882241
17727,316.83009205747135
17728,283.57649511143904
17729,242.36447034636402
17730,226.44874040379878
17731,250.45538233993835
17732,240.87580093923293
17733,280.11590820029414
17734,244.19664256446583
17735,26.56993131150074
17736,263.4181718512424
17737,309.8066409744775
17738,61.54680405068129
17739,247.75285151138723
17740,86.43621959835812
17741,248.13962489492056
17742,265.2281574536374
17743,163.9123026372822
17744,273.7300630146922
17745,242.11645589616833
17746,247.39920083648013
17747,282.66187757300827
17748,49.305677050584336
17749,266.44962635834617
17750,42.09457448353626
17751,257.87895543532846
17752,260.09855125529214
17753,281.26498795621217
17754,47.49717243440625
17755,279.3080312304456
17756,25.320713311184832
17757,299.7555408780638
17758,293.5572510997519
17759,227.36213248397232
17760,50.45140944999244
17761,230.70294418605124
17762,258.0646776539819
17763,273.97831960894496
17764,277.8610406849208
17765,79.04451231846235
17766,41.76000797385993
17767,245.47591719400808
17768,301.5056343906947
17769,233.44988467516424
17770,312.12390448363203
17771,236.37206838422597
17772,312.84452466911944
17773,55.09007265619397
17774,272.535088356608
17775,55.426541088381526
17776,246.55492188436406
17777,78.35896362968248
17778,286.0765108484456
17779,62.73115101174551
17780,301.1079489681596
17781,239.21721604338285
17782,221.06521886774107
17783,38.964552456989026
17784,48.40170300558543
17785,267.95039665903187
17786,58.91181881989277
17787,63.857599423491024
17788,274.54230060201735
17789,310.5728613514956
17790,234.37980867033397
17791,273.8460005183216
17792,259.3112530412472
17793,44.84556900118869
17794,301.0124281905176
17795,286.762938729865
17796,247.11385000163312
17797,261.689573182966
17798,306.4679104299016
17799,52.34014389544697
17800,280.72024663013804
17801,257.236021240118
17802,264.4094594235478
17803,255.7333645547238
17804,269.53697999888675
17805,56.35241561224521
17806,262.0525786815375
17807,212.3564813375978
17808,265.7639943120681
17809,251.67013828180123
17810,269.5749815695183
17811,242.11009285078714
17812,33.31607772629201
17813,219.4885162386056
17814,301.8623732713845
17815,294.9572089338756
17816,266.2065254002655
17817,35.261531474918314
17818,272.8317090006208
17819,70.86923134969715
17820,231.5107388877696
17821,240.6309307030932
17822,237.43543883152654
17823,240.74875885973012
17824,272.79976632798184
17825,264.89075280770817
17826,58.62262303848914
17827,254.22800876719532
17828,247.79415144275484
17829,265.45045735826034
17830,294.7864953988937
17831,264.19416660952413
17832,243.93325789030527
17833,253.48457330811686
17834,286.6956337049358
17835,267.16039680642825
17836,254.32286549293678
17837,298.17492889322386
17838,222.98837810989954
17839,270.3658352128979
17840,281.08354580733453
17841,289.3518144810857
17842,306.5551900785898
17843,276.35332916592154
17844,264.703247764547
17845,293.28066554404353
17846,284.80847856782015
17847,280.5569260066744
17848,273.64847584413354
17849,317.60601943050233
17850,75.90911287681928
17851,63.59254645520414
17852,279.1605151566691
17853,249.33978701036162
17854,305.4343098289815
17855,265.18849858650253
17856,223.49019776649803
17857,270.5459604578686
17858,317.1681887551538
17859,220.50737368302765
17860,71.75090787702933
17861,313.2013165915515
17862,268.7604035918922
17863,241.62532892683882
17864,295.4126804424591
17865,275.89190590614857
17866,306.6246228597871
17867,214.20876270412924
17868,48.74960593960117
17869,279.79020395567306
17870,291.0175568210843
17871,246.47777591597367
17872,265.53590414584613
17873,58.30395169819627
17874,302.96418661661164
17875,260.189877812386
17876,269.66088630438674
17877,262.36145484196027
17878,295.54389901185857
17879,202.9493345393463
17880,284.2575532395575
17881,283.55622027957594
17882,289.94601120987863
17883,54.342166762354566
17884,303.3453509358779
17885,254.23910161197597
17886,283.6584259369215
17887,228.22682999669982
17888,265.9924885613632
17889,276.2854171994359
17890,41.77357475460829
17891,291.13744321776085
17892,306.75418698796136
17893,269.3092756945604
17894,262.36749874607773
17895,277.45016308410925
17896,243.42767410016694
17897,245.7207022060889
17898,244.3392093946633
17899,316.4013347616106
17900,308.87618367175116
17901,280.00520422752106
17902,271.0061942560793
17903,259.3444017633724
17904,264.6307981872935
17905,326.6674012759506
17906,298.6940597864395
17907,228.67732224012497
17908,47.41858252766767
17909,294.187240954799
17910,296.5571164447162
17911,304.8253344398531
17912,275.0658010645184
17913,214.0251615793395
17914,284.2168575117386
17915,224.94268973997472
17916,303.07225273561244
17917,307.7577403665706
17918,282.1781319121718
17919,243.53373057028583
17920,309.05949345457816
17921,272.46820632728225
17922,265.10205130888426
17923,234.9730916464451
17924,255.37542992859298
17925,270.5328532233772
17926,306.22132221878974
17927,221.1194830979729
17928,267.63128006268994
17929,276.21755102447537
17930,292.8118459833322
17931,61.193656342360356
17932,268.1832344332402
17933,293.229786648605
17934,252.783333638124
17935,284.45191988578836
17936,310.6689895111599
17937,246.3597056193013
17938,247.13101305477645
17939,300.2964727180158
17940,263.33165915340976
17941,261.54261519251804
17942,315.0165649756507
17943,295.7961577925025
17944,296.49369629804926
17945,293.11897070352256
17946,294.8992488335945
17947,271.882693588971
17948,244.5399121519944
17949,63.76709947360078
17950,52.953916561581025
17951,266.74501701352415
17952,269.3136488441351
17953,270.3574755264988
17954,277.29760862359467
17955,241.31408234825795
17956,283.65065965834276
17957,256.52811818637406
17958,284.24124032350653
17959,312.4920795875597
17960,264.3970920047251
17961,41.14643373878857
17962,287.8873490672655
17963,290.4372993758795
17964,269.1961976353375
17965,303.89465357707
17966,84.49677046411173
17967,305.4679408512531
17968,288.36979386892017
17969,69.73890725443889
17970,263.1100256738926
17971,302.37924115539
17972,303.68736360514936
17973,294.0692559135847
17974,269.3540690570575
17975,265.83546500052375
17976,50.799764967226224
17977,255.40113965647538
17978,309.3663414680402
17979,60.341011322525304
17980,275.0771744651215
17981,60.04615771890798
17982,313.948211598464
17983,285.5404035872678
17984,306.3935807589319
17985,64.04021222686393
17986,54.34120318129578
17987,23.110514799242267
17988,298.9148211215155
17989,299.60124435334774
17990,266.3697411469429
17991,53.800369955749005
17992,305.68953508564766
17993,56.91598116184372
17994,62.22702278247692
17995,255.94143742330783
17996,251.28220404622215
17997,253.63402383114848
17998,264.8251481811508
17999,288.1170384294255
18000,234.0577283327726
18001,318.32923545984977
18002,165.1407089039522
18003,269.6394207441057
18004,263.9499798532217
18005,70.42568195818103
18006,66.85194951893575
18007,268.02290284721926
18008,279.72226536963547
18009,308.7960012797302
18010,291.41229793065713
18011,294.8897973768537
18012,67.05038939177729
18013,234.6860860820673
18014,248.98098572514246
18015,298.05423452744714
18016,303.82409342987364
18017,277.0271395304194
18018,278.5872993796241
18019,276.16951505168095
18020,307.10328655057094
18021,60.95013151105465
18022,294.1061175507584
18023,58.627518929986365
18024,306.45087149270785
18025,69.97474256084192
18026,292.2357662849454
18027,33.566872555478625
18028,294.2203289927637
18029,61.62792255055507
18030,283.3897561384403
18031,253.4109051272949
18032,304.6144062794673
18033,78.40855256631866
18034,287.3222223703666
18035,-8.215864566630344
18036,299.6455013362518
18037,303.3047024680892
18038,64.86990245531155
18039,79.95478438199504
18040,305.264416940187
18041,40.850687411088984
18042,58.13760040104964
18043,268.7064677490208
18044,293.9414119905557
18045,279.39530434185326
18046,252.0255202160127
18047,288.2466809417615
18048,304.3928675629478
18049,294.4682323329258
18050,286.51557567120017
18051,38.99246874626843
18052,274.92181222290515
18053,283.8971584595621
18054,281.33366548568506
18055,278.973091700351
18056,247.72216730313647
18057,312.39487799597896
18058,306.43527886544507
18059,80.8426261491858
18060,66.24820250099643
18061,276.56856785672835
18062,73.47865660512036
18063,282.80136397710766
18064,309.45543803839007
18065,275.5935380333335
18066,276.282363431859
18067,46.19763057433687
18068,270.6992543388346
18069,295.5694092100522
18070,259.2306283425313
18071,312.7429162213971
18072,296.96913728133575
18073,248.0018507156859
18074,272.5512477953624
18075,284.77392815144685
18076,283.8985056221725
18077,260.71444953004107
18078,265.012192990947
18079,51.29528782344869
18080,74.70538024424778
18081,68.89758485206752
18082,295.7176099252
18083,287.114543274005
18084,304.00294637443164
18085,253.95511223030417
18086,257.5228559924659
18087,268.91036645051145
18088,33.35062471155098
18089,275.13551973245967
18090,275.59252503740436
18091,282.3433534305296
18092,321.50346636645384
18093,267.5000918277973
18094,283.76266372713405
18095,307.0411528022993
18096,260.9244839171697
18097,272.8797490855631
18098,267.9375621015412
18099,260.25499294989163
18100,303.5601837087048
18101,303.9891657765687
18102,313.7908856929353
18103,263.6650278755634
18104,283.937316472474
18105,304.25304897262004
18106,249.91676565093366
18107,284.73275723289197
18108,265.5364774612226
18109,280.3446136163498
18110,243.9031840277587
18111,275.97791799604704
18112,262.91098608088475
18113,285.87969179547656
18114,269.38460236651736
18115,283.652078432763
18116,294.94962660683984
18117,276.370993120256
18118,293.0256257040636
18119,289.0799015018362
18120,276.41652534030845
18121,272.68972038023094
18122,257.2223303191557
18123,289.07371627083546
18124,267.17351730952566
18125,261.3424230370576
18126,283.4710127870309
18127,277.8047439463095
18128,257.032886175391
18129,272.07144123227783
18130,300.4848630429753
18131,258.13972297429075
18132,253.09916876071117
18133,258.1991606628542
18134,273.76996808546903
18135,269.9149966487739
18136,300.44486192211417
18137,268.9986324698163
18138,279.0668953498029
18139,242.67024718441093
18140,265.29355569667297
18141,294.909975219562
18142,259.1359618278626
18143,307.0318801244473
18144,269.7909650519675
18145,258.02369490321746
18146,266.01631914616615
18147,295.67963733695865
18148,283.28927372810136
18149,304.66689521137846
18150,282.8724237090313
18151,297.2467167537633
18152,277.34765929738535
18153,283.16893635066805
18154,303.2159126861162
18155,284.28630828518146
18156,291.0612199672796
18157,243.0807136325101
18158,285.0861937043286
18159,252.79487352054437
18160,281.07455610885415
18161,277.453997303798
18162,296.5239779601826
18163,275.2453519694752
18164,259.06132153598185
18165,298.9040465764157
18166,-716.2685528000831
18167,251.9437038990672
18168,256.07797404352686
18169,55.148400085001526
18170,296.334733188154
18171,169.96799055316063
18172,298.6864543464308
18173,270.00924759787165
18174,249.9002003710588
18175,272.80726884944056
18176,313.5991045174893
18177,292.87462855346024
18178,278.69917145197064
18179,260.3858529643783
18180,277.1428000348262
18181,298.8031714688027
18182,300.36763647217595
18183,258.6234509055538
18184,281.1069677811862
18185,287.6759240370293
18186,275.35356563705795
18187,304.2073494822215
18188,291.6300110078058
18189,306.61411971385417
18190,284.8047825712714
18191,261.37513607288594
18192,269.97403177379664
18193,277.4465843800831
18194,254.08416519265725
18195,260.6633583570381
18196,291.34014648315815
18197,305.45380922848096
18198,310.3138834894096
18199,253.88027925231697
18200,259.7430121673726
18201,306.98163644569274
18202,302.3264811968668
18203,313.12361363810203
18204,311.2120722792794
18205,284.76334369642285
18206,292.8956214880957
18207,306.90703773014616
18208,313.8680884116617
18209,256.33977371049696
18210,283.3708448012645
18211,303.31883797889446
18212,276.72885899869016
18213,291.41298764040596
18214,289.44842795816214
18215,265.2989880438088
18216,255.24494475486208
18217,296.4914726941678
18218,276.1631805879858
18219,291.7205066047213
18220,263.5361484167567
18221,275.66436157657927
18222,313.87926713897554
18223,282.21103493293435
18224,276.7605998158939
18225,260.4693340306021
18226,319.0742600386137
18227,272.8537215295089
18228,289.1882075437012
18229,277.5221101672116
18230,250.02926688294204
18231,259.46988068805103
18232,303.59182361790414
18233,248.47182289276674
18234,297.9502341493461
18235,257.88647277875873
18236,288.95840241763415
18237,299.60770588034177
18238,257.62302857423043
18239,284.9080532275094
18240,76.04595087118349
18241,292.0969268200563
18242,279.7773542660488
18243,297.08182950053333
18244,298.93989993442165
18245,263.3761372391525
18246,257.8536135539776
18247,255.64389803183477
18248,276.82275448434285
18249,285.953307042501
18250,276.8511981409165
18251,264.1282608753965
18252,293.0089141717232
18253,303.1743055174204
18254,282.64779947619695
18255,282.76806360276623
18256,269.53853931261335
18257,271.96818787557606
18258,277.5858037622054
18259,245.00418664279195
18260,290.69457898832616
18261,305.7204224176435
18262,294.2025736226676
18263,284.84162233721884
18264,278.47164054098585
18265,284.44808536522225
18266,280.2607892166078
18267,297.0385566931294
18268,73.89336306329702
18269,68.03837096033334
18270,284.5291874893521
18271,265.9487827446641
18272,261.2149689813681
18273,311.15178759352636
18274,248.83311009823515
18275,251.07729340720732
18276,291.90479198691605
18277,278.51956077779505
18278,284.9790383676452
18279,266.4332941304632
18280,311.1181478583819
18281,258.12752499727924
18282,254.71648081246605
18283,289.6008210003595
18284,279.1811231912656
18285,270.75187395658054
18286,271.7034029391109
18287,70.06260995718762
18288,286.34176859820946
18289,307.98106071458744
18290,273.80959790956473
18291,281.9301972159917
18292,286.3604554301772
18293,312.7220380488201
18294,57.914670197782385
18295,317.3480187626169
18296,267.79581968492727
18297,241.89525204762944
18298,288.6193558042685
18299,293.87688978394544
18300,277.7650748934379
18301,296.5762085711669
18302,250.11108546243858
18303,295.7816255562074
18304,272.67422581651175
18305,276.52726225649326
18306,272.0515116303646
18307,298.08986273303486
18308,238.1938175621177
18309,283.2715848172536
18310,58.65696167433481
18311,60.767192690236186
18312,267.78238164597144
18313,286.4796158382966
18314,280.4667129934652
18315,267.7872344536826
18316,44.14300481232621
18317,249.33905754216957
18318,254.4997273353738
18319,310.24417210283605
18320,291.9362491260146
18321,298.3749219486425
18322,274.80814452677816
18323,262.1247838133009
18324,288.58812458334694
18325,41.8902703174594
18326,321.6688143944874
18327,59.343621332176326
18328,313.70760601442527
18329,252.0683153275443
18330,280.0117585679729
18331,269.67919267191576
18332,253.37804671087736
18333,271.53930990732397
18334,265.4094407442278
18335,288.7358545665952
18336,303.79310242731447
18337,281.5949092005135
18338,35.11737358125731
18339,63.042989606487964
18340,274.57945064946733
18341,284.4360699905519
18342,270.9785589425919
18343,300.9670304684782
18344,286.01470810723674
18345,270.1940815772195
18346,50.092171541667625
18347,273.99835591123053
18348,253.80013599413246
18349,271.1949508515616
18350,260.2437516913225
18351,45.1975155581257
18352,252.0992686687288
18353,255.3900465216071
18354,295.0166013513104
18355,257.2052088274305
18356,276.9055365183758
18357,33.97450291357666
18358,270.662892521197
18359,235.15096857911846
18360,294.7498605936874
18361,59.11944290257219
18362,253.46911374013465
18363,309.7501006783608
18364,278.3153662819443
18365,275.7249995086503
18366,277.24478602767886
18367,248.04858936189441
18368,43.85945466371501
18369,282.40913951944805
18370,66.76478671881856
18371,70.02730303039004
18372,262.8221987103758
18373,48.495283683855064
18374,255.21049789628142
18375,275.26284368765585
18376,266.36057205210125
18377,76.07684616372424
18378,265.9640179105287
18379,320.04088884234955
18380,301.34446460824574
18381,275.4492838793353
18382,42.01945585277619
18383,263.9818753660636
18384,258.57846276547275
18385,319.45191953019867
18386,62.296007790030785
18387,45.87910218030913
18388,50.50320986376437
18389,260.8222470301105
18390,251.6779223245703
18391,257.3775733015143
18392,252.75528978113027
18393,280.6413899684395
18394,280.10587096861343
18395,261.2318280953688
18396,59.36265481771963
18397,283.3124687238409
18398,232.18661841074484
18399,54.8555960080289
18400,285.15357358558344
18401,51.83195153191048
18402,288.00343297073374
18403,29.492607725547145
18404,305.02702171621627
18405,43.735969866783535
18406,49.98005126484955
18407,45.83589296652954
18408,47.61648968046657
18409,270.65577020206536
18410,265.62539445251923
18411,42.85759409805175
18412,51.195263224130315
18413,291.01963850554233
18414,282.46687597549897
18415,21.967221131785607
18416,40.206910701575055
18417,292.4937241236594
18418,279.8611527039727
18419,276.6533612579995
18420,15.995406890757565
18421,280.7093619419154
18422,69.44210977591686
18423,-8.135594350224551
18424,26.200441654228072
18425,36.95107606637356
18426,288.97291680530543
18427,278.4151595546082
18428,268.4096767480826
18429,258.59337131932375
18430,311.25628161058273
18431,36.07327599169653
18432,274.3179368195003
18433,286.50949454307715
18434,64.03560244055487
18435,280.58607007935234
18436,288.8452465280741
18437,254.45833013535682
18438,18.28272448554759
18439,280.44940330880536
18440,256.8111280830413
18441,252.78032074784394
18442,57.17214752919577
18443,232.26471792757266
18444,270.1077684501966
18445,312.82307317914206
18446,290.3212669312386
18447,242.86526157890793
18448,268.22319093232807
18449,276.0860753441385
18450,239.7626081948593
18451,30.37576633331642
18452,23.248135839677346
18453,253.39338973795017
18454,282.1508361249759
18455,25.03561984518879
18456,287.09619238465905
18457,269.9190389818341
18458,313.9115343000698
18459,67.02908876913983
18460,71.2689843878812
18461,273.8390301195801
18462,300.3397496277962
18463,281.5433073484355
18464,230.26217170970304
18465,279.2492535624597
18466,274.65402752797235
18467,27.54383873609703
18468,282.70194960117044
18469,293.66726645093865
18470,30.610279582386198
18471,123.71470089520903
18472,-48.344906282657874
18473,89.67132680140853
18474,287.4019954579481
18475,269.1971445752715
18476,294.76044272453134
18477,234.5525819649658
18478,295.19015206316215
18479,264.73583403520115
18480,34.955896152795304
18481,307.7943550515073
18482,294.00429732606955
18483,-114.71525878995783
18484,311.92318298589356
18485,242.37336137138882
18486,46.41719794049624
18487,259.5118786319331
18488,264.19951654548424
18489,30.63609906615605
18490,287.72133277206626
18491,67.26555501463727
18492,24.606512781007865
18493,284.12492404718074
18494,293.4367197672418
18495,301.03792284580163
18496,288.46711838974437
18497,285.77213110184823
18498,223.0632767015597
18499,259.9532189095162
18500,306.14393125498805
18501,59.143995562789
18502,269.3789303576959
18503,262.3290515615727
18504,274.01837654210493
18505,214.75791379789717
18506,15.689814477348165
18507,268.0939254224203
18508,-0.0863165456279944
18509,266.7068213183762
18510,301.265484575261
18511,275.5262932718646
18512,276.44132251626786
18513,273.6544976488967
18514,268.8834036057368
18515,239.15769436477262
18516,291.3914111849547
18517,268.59690848456285
18518,275.64188774124824
18519,255.02433733312935
18520,297.90347774007427
18521,241.4335382426339
18522,275.60652457194635
18523,246.67685936444548
18524,284.9576898216523
18525,314.95516580856327
18526,228.48762897551813
18527,57.5188658272977
18528,41.546417898819755
18529,253.9867648789126
18530,265.38853657577
18531,48.12627884007205
18532,250.84476096032714
18533,281.8005945268526
18534,280.88105706959755
18535,56.00251972495113
18536,67.01526828057405
18537,248.05512627124736
18538,14.891204887873172
18539,257.55283803951966
18540,232.3196905440036
18541,272.6852113336436
18542,203.48054605534597
18543,236.76838983351308
18544,242.14607861637117
18545,284.1904290246077
18546,278.203709736444
18547,232.67902060741244
18548,56.508425907387874
18549,207.22576109939973
18550,298.83639274434813
18551,119.01524801275973
18552,255.51840956618403
18553,29.81094381408218
18554,256.01919096096924
18555,272.9992266867408
18556,244.02157568169937
18557,282.1160410270062
18558,41.75927946015017
18559,277.54485995883
18560,252.92270494517737
18561,272.08846639671566
18562,250.37252787444706
18563,266.235686104592
18564,52.82355410012988
18565,34.083767282560245
18566,250.9075740975532
18567,71.55764249181087
18568,44.38243711611608
18569,292.31160197539015
18570,222.40793488509195
18571,180.96672561568897
18572,61.82529397185283
18573,280.4341505840884
18574,244.5253151102598
18575,247.14462083895762
18576,288.1983872582145
18577,204.76238629866072
18578,59.9473872719407
18579,220.8857687059387
18580,23.93155232174614
18581,204.775825048617
18582,84.51644808150343
18583,244.2729871479947
18584,259.7581553415623
18585,260.2401595462593
18586,38.72132680651018
18587,46.965962261306856
18588,244.99247502941265
18589,48.50222039303375
18590,294.87249955319777
18591,307.2622359698194
18592,291.0890392601546
18593,291.9175226428865
18594,310.29177371685773
18595,230.5129403332561
18596,243.39776623489013
18597,216.5787448380762
18598,69.03164489749884
18599,253.6187998388708
18600,65.71478356319113
18601,268.2196963307031
18602,239.28496650281318
18603,236.45726482519657
18604,233.2789073863575
18605,274.24931701407013
18606,278.50892814045494
18607,258.57169989001443
18608,284.55717327933183
18609,212.07839247179493
18610,298.21182995507877
18611,282.93326452344036
18612,226.1049840153348
18613,70.34222787916602
18614,57.94811243631764
18615,312.2249944118301
18616,264.9529214404211
18617,279.34770032491036
18618,239.17351112145025
18619,230.67557785093933
18620,264.1832984187536
18621,256.94362247151105
18622,320.56717767497406
18623,262.7714976309195
18624,259.17530498920445
18625,259.1486498298383
18626,282.70038083867144
18627,262.1371923392373
18628,269.1850927883776
18629,262.95925696290976
18630,270.3586945745233
18631,269.18141307055765
18632,272.86701374356005
18633,238.4270155685358
18634,257.3577014906568
18635,68.85305618363518
18636,256.90776951870987
18637,51.18693523949142
18638,234.30541880533156
18639,261.41403232919237
18640,263.83758819213347
18641,272.93697277922973
18642,59.94467052292677
18643,54.813022679816754
18644,259.47538951196475
18645,271.3198146773401
18646,265.364888453639
18647,286.0794655317821
18648,73.54846057289151
18649,287.35377316835786
18650,36.2173756997733
18651,41.80770882779967
18652,235.70639831887016
18653,60.04999404295549
18654,314.5187557005439
18655,45.49989089308923
18656,283.4492009337822
18657,30.867946439907882
18658,285.33526960637147
18659,56.19269412459772
18660,270.7972602615089
18661,276.28903170345944
18662,292.99663996450784
18663,279.7484668615571
18664,271.4691178014927
18665,312.66845851530695
18666,289.4337613985591
18667,60.117207621803715
18668,20.335378968285212
18669,248.51712427989696
18670,235.2830399242417
18671,234.3396626520449
18672,55.421548935226355
18673,57.56603523018677
18674,301.91739397698245
18675,60.59267386813363
18676,243.47324406130653
18677,241.22893598573336
18678,65.22270134419398
18679,30.93962318855108
18680,266.68433848630775
18681,248.24151148262936
18682,266.89795263649285
18683,265.00117926181827
18684,69.50761829160135
18685,29.985486144675463
18686,259.1339418338812
18687,279.33700690672083
18688,38.4252012522158
18689,31.479198747997486
18690,238.84698651692267
18691,291.85047680784544
18692,239.9933591036246
18693,304.5297920788322
18694,306.9307960484066
18695,44.05329543656853
18696,51.32058339842601
18697,227.12959446068984
18698,61.98737184209844
18699,244.9241376095349
18700,264.04239298399375
18701,268.38967742860046
18702,263.8926409001701
18703,251.11712756159707
18704,70.55410479813489
18705,274.23841158498965
18706,292.0150754642634
18707,260.1901774313674
18708,269.6556828122978
18709,277.60034980390617
18710,310.6181249302094
18711,236.03299898347115
18712,38.42385294474596
18713,287.7836285541566
18714,266.7125906634601
18715,55.35698209975661
18716,41.056077989630154
18717,279.19230511296666
18718,251.25413350792516
18719,209.08962523820327
18720,299.32296289131085
18721,303.11887230302295
18722,287.93832686946706
18723,290.51924362458703
18724,305.16881390846083
18725,317.149150276002
18726,286.39045640004053
18727,241.78029817776388
18728,51.227783227024815
18729,210.23948497140984
18730,288.73899219736194
18731,322.735532911307
18732,262.48711579234725
18733,40.37975971077353
18734,68.56808748729549
18735,61.04732450471141
18736,264.41944356644944
18737,245.9719804325497
18738,288.4470300361254
18739,53.09670067597904
18740,295.73286386038706
18741,41.038720611688916
18742,249.46981274178665
18743,256.0730551324043
18744,302.8706887855749
18745,48.75416978817236
18746,259.66188762011495
18747,289.3186657183951
18748,67.77736530466521
18749,269.8769306373789
18750,289.64834399293704
18751,287.0871850332471
18752,235.6269372543095
18753,251.15884120506263
18754,289.54111866830453
18755,292.5962748192385
18756,300.0458304325782
18757,240.30313906545848
18758,232.92547473706273
18759,273.01229075427443
18760,22.63499040011871
18761,291.8414106993915
18762,126.21826369575689
18763,287.6384531337152
18764,262.6965929448071
18765,286.4219307148202
18766,308.84632048500634
18767,247.58304584784804
18768,269.10213004388254
18769,60.67076334104155
18770,283.3890137407492
18771,39.440774787050344
18772,252.33867978026697
18773,42.45563233712204
18774,244.57564705571923
18775,246.41379525919336
18776,227.6508065929077
18777,271.0071844653584
18778,254.54126195247684
18779,225.78296366922834
18780,255.32901093025
18781,290.08985869425203
18782,69.21929014940835
18783,267.2783243641612
18784,266.89533123877754
18785,272.5299671396188
18786,251.64199601969665
18787,250.6758539459165
18788,245.32482679379058
18789,270.60514912166025
18790,269.532737453144
18791,65.46997823828661
18792,318.82354348613285
18793,272.6181530581854
18794,263.121126715644
18795,295.6704039898782
18796,254.03944726044494
18797,288.76118537767275
18798,271.8648475477094
18799,55.93303447609236
18800,280.3233788548877
18801,53.94710937158575
18802,30.179694442136167
18803,57.710294102924195
18804,283.78153893516776
18805,253.54997537660782
18806,274.1143048884388
18807,245.12445558782355
18808,267.91336732223715
18809,284.6189988680334
18810,268.3281437934891
18811,285.6217766564636
18812,264.2770804560836
18813,277.48443988986605
18814,270.8186736475277
18815,43.28649978140163
18816,246.48370590582897
18817,305.65065763331376
18818,73.19298996614955
18819,282.0875064937397
18820,74.09299508084584
18821,257.0518215339006
18822,274.1072670794069
18823,250.59162553354898
18824,251.41093384362367
18825,34.420087265744485
18826,260.26744416066447
18827,287.00164054974437
18828,277.59827639911873
18829,270.53179037422683
18830,256.92107650928494
18831,57.505983415904325
18832,299.23093428239287
18833,288.16333311500404
18834,291.2943113336253
18835,298.0738780704387
18836,300.6643413636947
18837,290.5937879254011
18838,259.3084772220175
18839,274.5016291417196
18840,270.79611946352225
18841,238.8938302154229
18842,289.678907477262
18843,266.83436357742056
18844,294.06330619235484
18845,288.27626620322496
18846,47.36080556049902
18847,274.10729699467333
18848,6.46032445137331
18849,262.24673173807787
18850,282.46591588727415
18851,294.9522403928695
18852,286.0416600416543
18853,273.836710710317
18854,256.814415107567
18855,267.891157575703
18856,254.55217603880732
18857,49.82397744947349
18858,263.7563876325571
18859,303.7324660283514
18860,269.73596079360857
18861,260.809215646226
18862,283.31267017895254
18863,254.59463743369545
18864,64.11741964771213
18865,248.81046520647257
18866,288.03341577441836
18867,261.26672934557973
18868,265.3473587685789
18869,276.9961736381101
18870,85.0463396810431
18871,47.06636361116662
18872,19.816589371387508
18873,44.44775674524567
18874,50.62776756031039
18875,40.63856431631598
18876,265.61772957879543
18877,72.1738400067677
18878,278.6372917230558
18879,269.45132974847866
18880,258.4387797142898
18881,298.91400699440385
18882,44.42135284178613
18883,281.78239990135785
18884,267.06641098858086
18885,268.52171672049604
18886,43.31762195950725
18887,34.46281092292898
18888,242.88071328394045
18889,253.3669197737861
18890,252.9395075385183
18891,59.661844173975396
18892,270.6911453996338
18893,269.00791004874463
18894,263.215365878931
18895,71.61144995662636
18896,273.4580835078946
18897,294.9782141520702
18898,55.04337305328875
18899,289.78222257452217
18900,261.68914987503405
18901,69.69710939398274
18902,40.018797208262924
18903,298.9423426746105
18904,246.73420169624154
18905,55.186715191114445
18906,247.0198611473685
18907,256.54697391132385
18908,291.6330800009876
18909,260.4752022696505
18910,130.64019467340708
18911,248.55729596281077
18912,268.716923084364
18913,281.0559915835738
18914,50.621070746905446
18915,69.20682875231248
18916,296.97463292577663
18917,141.08822133917232
18918,270.65904846266346
18919,59.79556470901886
18920,270.55175550554355
18921,254.10794905668772
18922,298.0553026291095
18923,68.26293932438861
18924,293.30939868028815
18925,297.5575809679134
18926,278.4082270550608
18927,284.94507972723386
18928,290.4156236080767
18929,61.69579898891641
18930,279.7930508618738
18931,18.671751942222926
18932,262.01393487331245
18933,276.080256136084
18934,58.90829233662694
18935,279.44731543083924
18936,269.12942696775747
18937,283.48607558001737
18938,304.257509321601
18939,288.2657029273628
18940,281.28595897957547
18941,259.4405757102592
18942,254.98018876610664
18943,52.842747467280844
18944,277.17725775303893
18945,279.32862557179044
18946,80.61035401646342
18947,258.047152517292
18948,51.42202694962532
18949,252.92615148132495
18950,289.3380756467677
18951,261.5284765627291
18952,257.1047325382891
18953,318.0892445460337
18954,267.47586413185513
18955,266.8990162305789
18956,290.2364922694012
18957,290.2552210046247
18958,274.80022020273475
18959,257.1774580369738
18960,285.6248402214588
18961,264.07071381687774
18962,292.99807954657933
18963,42.38912837681298
18964,295.7472125686479
18965,260.6201647971909
18966,246.47380755911993
18967,227.8020019270378
18968,303.321234584203
18969,292.96602545741035
18970,283.03387708938953
18971,71.24066862634726
18972,21.636715946791128
18973,276.578057945694
18974,70.51177033932996
18975,274.14506978243327
18976,307.31647430763917
18977,53.21736426873119
18978,292.2918146542437
18979,273.14370484442827
18980,295.3744335704363
18981,66.626102884831
18982,277.77004548360003
18983,298.23834843701115
18984,296.9325130923298
18985,273.3737548640222
18986,262.5351578007569
18987,265.79488658306025
18988,254.8680610760238
18989,272.74271391953005
18990,44.536145384882474
18991,266.54853555527467
18992,254.12899142220482
18993,29.061995676174575
18994,265.01827651772584
18995,284.1718643972948
18996,57.66076432529377
18997,252.64239806682332
18998,262.51053956422356
18999,262.75146787606764
19000,307.48839792731724
19001,284.09581051809994
19002,311.6453357145807
19003,299.8158927878486
19004,273.8448267848384
19005,272.297184747146
19006,266.80114814122965
19007,286.20714219855154
19008,266.66365492999563
19009,250.45175570346626
19010,246.4852861385987
19011,277.1918894889226
19012,258.44067563879173
19013,290.6415014538138
19014,268.71415126588414
19015,254.98676109240304
19016,291.54929192185784
19017,288.787357335982
19018,254.39897371146634
19019,278.95152290559423
19020,250.74635560200034
19021,268.7830586515743
19022,314.688546067489
19023,240.92000763218476
19024,52.6416412131054
19025,312.8843005624186
19026,264.89649915948695
19027,312.4803626135561
19028,266.75428468869814
19029,298.47342374119864
19030,278.18081495035153
19031,263.7637135875199
19032,277.91504563109885
19033,253.68075273436096
19034,49.45438032863299
19035,293.93075513021836
19036,67.08068526382439
19037,265.26196234805974
19038,56.79082704206442
19039,264.59354713515756
19040,259.5742335502465
19041,285.3972800531304
19042,274.9740168943556
19043,270.98034526272875
19044,267.99315022347776
19045,283.0513904851901
19046,266.42590480642923
19047,278.10913006629875
19048,297.28727588109257
19049,244.4724820783312
19050,301.76173119134023
19051,308.2185962622084
19052,265.6736684663093
19053,295.3909976726105
19054,261.88090586656824
19055,237.5653545367691
19056,230.51556802594337
19057,254.6229346082068
19058,250.40417408350564
19059,274.910103052559
19060,60.97816935694274
19061,303.4276692451658
19062,237.66888594554126
19063,258.1939051975105
19064,248.50096946481665
19065,233.04499701125908
19066,312.7407567535646
19067,140.21136477791657
19068,52.57494132378966
19069,254.55310399543012
19070,305.17786812206396
19071,262.5830770659469
19072,303.76889293273564
19073,257.1655500831183
19074,268.1487362777774
19075,267.7580479601876
19076,284.0256165576084
19077,293.8918901757802
19078,302.9083632593705
19079,273.83247697134345
19080,252.7835388053348
19081,273.76838840793744
19082,228.51046171704704
19083,288.5242217433881
19084,266.89817141016255
19085,46.55222288636739
19086,258.1023078726731
19087,262.9230283031189
19088,259.50376151524176
19089,249.16256054975872
19090,280.68339168063636
19091,287.50473918419823
19092,316.8151832225427
19093,268.0277623304434
19094,245.3106378001196
19095,300.0429945664521
19096,285.7120108248209
19097,278.35730158631065
19098,278.89029464963954
19099,-13.3463104872407
19100,272.81177507701466
19101,295.1216100941925
19102,239.40091199092305
19103,249.20836247822203
19104,264.70402780829477
19105,298.78947030265243
19106,298.902856767956
19107,262.59576961573424
19108,289.2014291905382
19109,244.4370548096549
19110,256.8157921352694
19111,273.70459336379895
19112,256.5997351409777
19113,47.679708009212675
19114,234.67880068966724
19115,245.7719434824178
19116,67.58707433847448
19117,50.32747898349413
19118,252.73065579912588
19119,251.48549815970577
19120,281.9361103900495
19121,289.2934953827759
19122,278.82630419688735
19123,283.61053171515914
19124,271.567261167094
19125,249.45514285647096
19126,279.28620486938826
19127,272.6088340262636
19128,311.5193692952779
19129,305.39747955587825
19130,281.9295936218118
19131,274.7004940060325
19132,281.68822594270955
19133,70.04729212219985
19134,270.4863960971691
19135,300.05225786797337
19136,294.7267198929569
19137,68.24425762444056
19138,285.2749391901574
19139,274.43349550303844
19140,261.9311553676136
19141,289.2108404309629
19142,299.3460268875767
19143,291.47572154155733
19144,306.42750735581575
19145,246.18629280752356
19146,250.91834569180457
19147,245.60422950449586
19148,274.21141058298326
19149,304.2174874001457
19150,292.8688500452024
19151,245.09737928734364
19152,246.07895561972728
19153,256.8400048728015
19154,315.91401183411506
19155,296.52723032984846
19156,278.39194794399907
19157,238.59819237625516
19158,246.09498799696664
19159,255.97939956983737
19160,292.256246515322
19161,259.21302526469873
19162,288.4288164070242
19163,301.11809744597826
19164,252.65631456710133
19165,285.14624917060735
19166,260.0722074117432
19167,261.3006817913216
19168,253.59020924905033
19169,308.92348813026433
19170,303.1849669896027
19171,289.30972707172157
19172,257.56328357614444
19173,261.3927992091002
19174,245.59494884662396
19175,310.26988636835534
19176,286.61339934008464
19177,287.94988510028617
19178,271.22018029472736
19179,310.6572287523785
19180,292.3277565934465
19181,310.89005569451336
19182,296.83935759099916
19183,318.3246353387426
19184,283.9117333630319
19185,292.401520483113
19186,302.5574668883106
19187,261.7682788330393
19188,274.44795712521227
19189,270.2893618864429
19190,283.73511549678005
19191,314.39659577389426
19192,293.82118796717
19193,311.8454337164733
19194,295.59821452543326
19195,277.6575197123778
19196,306.9430135083322
19197,294.3811227751562
19198,315.5267660364955
19199,286.7693321824768
19200,290.60264804657425
19201,289.0336735336622
19202,296.03488265746
19203,63.10755515846003
19204,318.83064217237825
19205,281.05137590942377
19206,290.6445716225344
19207,250.48822976967355
19208,247.18492104190244
19209,251.44467123558906
19210,261.94761912936053
19211,241.72327332683446
19212,252.61982152766203
19213,305.68765341294005
19214,275.4209696765204
19215,241.93513592520637
19216,294.3551061240619
19217,249.26300885161476
19218,263.42720341526194
19219,269.4551297544633
19220,283.4987689944021
19221,291.95278908008686
19222,267.71924434349506
19223,43.31484360494079
19224,300.2762917165281
19225,308.75899127853626
19226,285.9040363378767
19227,265.7764650000213
19228,268.42652890210945
19229,252.1309524639127
19230,287.73779122777796
19231,298.76343141119276
19232,283.1066057728118
19233,301.9031949672035
19234,261.7086986618783
19235,300.2408970768679
19236,269.3817115273987
19237,276.79194625406876
19238,274.17736538472684
19239,295.8626102823285
19240,296.77406978866566
19241,299.83268808544534
19242,271.967388789323
19243,313.91331452009854
19244,291.2494429204585
19245,67.74355324257013
19246,292.90199890454915
19247,280.9702172948138
19248,279.76051022329204
19249,312.19606379848915
19250,292.5252742910516
19251,82.57743177259945
19252,258.49359257813717
19253,301.32946982242044
19254,47.390400298375
19255,317.8501650265191
19256,303.1234525845362
19257,303.81996419296286
19258,40.65591184599347
19259,314.332898457007
19260,308.9092125227485
19261,271.3509381698799
19262,292.2845974393374
19263,255.55126892317483
19264,276.26474045137525
19265,310.0108291659952
19266,279.8977227346595
19267,60.158338393543204
19268,264.8931927271526
19269,278.4234841955264
19270,278.9612131602627
19271,273.1647330780336
19272,250.29023577985353
19273,281.83411990040474
19274,283.91104599134565
19275,59.21275020498172
19276,286.65025087097047
19277,251.73099323201998
19278,32.823229997572355
19279,68.01905508724695
19280,286.7744293504227
19281,279.9117211074537
19282,255.81417406174515
19283,288.60185314831693
19284,268.0785355098658
19285,291.25511666530065
19286,53.85307644245913
19287,294.8190011777377
19288,255.40156203210105
19289,293.64663714358016
19290,275.1509972526401
19291,265.8286528522193
19292,293.95960358514736
19293,268.91815529256974
19294,290.86748537770825
19295,305.33505906921766
19296,11.20691281837719
19297,292.17190579829213
19298,253.98952249813107
19299,289.8761659495427
19300,273.594231875156
19301,290.41186297664524
19302,257.47745866709295
19303,57.196504106626605
19304,292.5147376385168
19305,260.06571606714186
19306,292.2300060317267
19307,306.53739289035747
19308,277.05019466050396
19309,292.0080709607217
19310,276.5291849782542
19311,288.23505445435376
19312,35.989286271804815
19313,271.3499704890917
19314,-109.90945115457039
19315,254.75798410009347
19316,302.21936313076606
19317,306.33341236976753
19318,274.9742473053308
19319,35.269219736959656
19320,274.6763127743442
19321,293.0345511448259
19322,286.65489100708953
19323,277.6102753830707
19324,299.97399658848644
19325,306.5415116059529
19326,291.108031439853
19327,52.60774467543095
19328,316.1988979169664
19329,302.7535123226176
19330,290.5470519987918
19331,307.06437789180575
19332,255.56923128598723
19333,54.35014346724853
19334,63.410921750885734
19335,290.33909812880745
19336,282.74909494337965
19337,55.53219967912608
19338,313.3748483315915
19339,281.68808715374246
19340,35.45055488213808
19341,-36.939246062332856
19342,268.08034964614137
19343,280.89933228167627
19344,269.7341938173569
19345,261.45642248414015
19346,294.22411011633716
19347,254.75023215674778
19348,44.02803846997432
19349,300.51576046592345
19350,282.99646086844365
19351,279.6079890533297
19352,295.45425271585043
19353,270.2902360746099
19354,284.9621212307661
19355,271.33320780204065
19356,287.58559616937623
19357,14.640192463390932
19358,267.5138647251372
19359,288.077910393919
19360,256.8657816897799
19361,293.68657384070144
19362,290.9093799045796
19363,34.13270013744736
19364,59.20524937649711
19365,275.5890423157357
19366,61.70108641050163
19367,51.71363508426094
19368,251.26221681567495
19369,286.69611187021906
19370,18.577990923732486
19371,298.13836378117355
19372,289.96839475126154
19373,286.77144080849035
19374,247.72455457526314
19375,271.0822126936576
19376,276.79734025273893
19377,287.3486888838931
19378,282.0705114634485
19379,290.74117164628507
19380,267.4909643861223
19381,55.92407385117727
19382,294.2800275096612
19383,315.29169208662995
19384,35.43281342958102
19385,287.50442055821384
19386,11.757523122497702
19387,254.00349494727905
19388,300.0821148422412
19389,291.01307771112414
19390,267.2388708697349
19391,58.44201060386567
19392,46.72243064518631
19393,286.38545750943524
19394,41.086556393986655
19395,303.0662171702189
19396,25.417414109130902
19397,54.42311326104277
19398,247.88049257640392
19399,255.73090905588433
19400,65.68671761245778
19401,302.0649799626611
19402,302.92289649795
19403,304.30713397311854
19404,284.37321281499567
19405,258.84165482871504
19406,266.06739414567755
19407,302.63474042463645
19408,59.90234278827208
19409,65.07624114027522
19410,294.3220348293699
19411,25.633767888030548
19412,279.9729254404781
19413,32.13336122396123
19414,42.197904447090025
19415,47.44795374746445
19416,275.2007237229
19417,72.18039730731869
19418,264.3815887078403
19419,60.98642298114635
19420,307.2400936834839
19421,263.22479599404915
19422,48.325742908046095
19423,14.255816100279603
19424,46.79503681137717
19425,41.21062672522177
19426,40.773092402670414
19427,37.7533789990091
19428,282.6193963075324
19429,307.24830636844507
19430,257.5524221587506
19431,74.4749515321596
19432,43.008438338389254
19433,61.74085073962951
19434,43.26495967429793
19435,16.06370156055921
19436,291.2292649741707
19437,262.43441714582303
19438,278.43697390624607
19439,24.21650706242545
19440,270.6307621543448
19441,64.93983624902975
19442,32.37917951239751
19443,293.24903407447107
19444,44.977158147789225
19445,301.8740962373628
19446,300.42939293397285
19447,276.27530445213813
19448,287.802082494513
19449,310.51930396531594
19450,36.208166732347024
19451,61.053883674766496
19452,291.4622519859925
19453,37.53176139018245
19454,267.67384086891593
19455,41.6266521795894
19456,261.3526727322792
19457,34.735015012379165
19458,270.1107385474576
19459,290.4855857203056
19460,42.31006552366014
19461,282.4232230251016
19462,264.8676690321696
19463,274.2701291505708
19464,310.37279334591585
19465,289.0499536570577
19466,281.17457605370157
19467,292.38383971021005
19468,86.08918970233046
19469,36.36549825151681
19470,39.64044135891146
19471,36.67303600855419
19472,31.800317387979277
19473,1.4685106078634647
19474,312.6637335146878
19475,223.95928195051107
19476,278.62117511764893
19477,258.57660035344963
19478,271.4027765722294
19479,279.7640717749807
19480,278.46330099412376
19481,269.8972473356627
19482,148.27328272238893
19483,51.914281212500924
19484,269.97051810401166
19485,281.66601499348735
19486,281.499618533576
19487,80.88810841292229
19488,311.3706393646486
19489,271.86602808017744
19490,302.22770551058954
19491,289.19710841246314
19492,283.20658843546084
19493,271.3363158421055
19494,264.91162441755705
19495,56.50580307328994
19496,317.6886191945014
19497,272.635763139723
19498,278.6924666001609
19499,283.9718678180641
19500,271.82157416488315
19501,26.57362715494503
19502,300.07178427095744
19503,253.23286822634515
19504,5.502817505450793
19505,247.63636754061326
19506,10.093920148115686
19507,282.5268733900937
19508,36.37026361294053
19509,27.90000053811214
19510,264.2484801308651
19511,320.3182193310351
19512,65.60317683972295
19513,55.81551808388707
19514,63.42034371845028
19515,307.47124379694355
19516,300.171543783581
19517,266.46009642299964
19518,44.76603570938343
19519,278.65336594160885
19520,38.751886121351845
19521,263.7444005606915
19522,303.0296723286454
19523,35.9630372650027
19524,310.2253916501028
19525,202.72411506963556
19526,5.778411935140852
19527,281.2738555602446
19528,286.1422132332211
19529,57.33560461817433
19530,287.57808724184906
19531,295.11941900211707
19532,292.3423113908177
19533,307.0614229678471
19534,279.6081469636024
19535,275.53573866122906
19536,286.9918559454147
19537,8.052467212772157
19538,35.89381204657556
19539,277.79307924004
19540,219.91558205415942
19541,261.98383504275785
19542,291.57530641353765
19543,53.70291515012079
19544,278.556464112237
19545,310.8542798328301
19546,287.08097561698503
19547,311.93990307915277
19548,63.49926966873343
19549,264.45491308867383
19550,89.43478831382996
19551,298.6307317842449
19552,269.89266861349415
19553,310.35411782432095
19554,298.36451098791406
19555,12.831190010800313
19556,278.62333366067094
19557,288.2168789977341
19558,297.84462195935544
19559,286.7564830462871
19560,275.1706616405019
19561,284.32500476051973
19562,256.80853556570435
19563,70.11913246191324
19564,295.198646627109
19565,292.96284588227184
19566,76.44407180900942
19567,293.4951639893541
19568,307.93966109802966
19569,65.40632106016068
19570,294.5162703429834
19571,249.7295887002237
19572,260.726591440676
19573,280.10832293882584
19574,-14.989852571521851
19575,249.22502568093861
19576,292.8630832303284
19577,280.4212127177149
19578,48.46999962687795
19579,302.93046347262015
19580,29.778373684843416
19581,254.65232007086365
19582,269.4754660120931
19583,314.0971889527972
19584,308.2037843437083
19585,32.862183284376556
19586,271.8061782676933
19587,267.3602699118168
19588,44.99526415164618
19589,285.71381207808315
19590,268.24795278057667
19591,78.47907382555604
19592,59.9192251017609
19593,43.68027279699487
19594,276.7618967030468
19595,296.2210789332726
19596,241.83034133824827
19597,286.47920455228274
19598,248.81795858468814
19599,19.933459670353898
19600,59.502615752533416
19601,295.08138975856855
19602,35.25608886306131
19603,271.3098487395183
19604,276.9436831576403
19605,169.85699595224582
19606,292.66202477598523
19607,296.6261204377639
19608,38.558015693828594
19609,-81.06838688461727
19610,21.723621795953605
19611,311.14034121394513
19612,285.62856047928665
19613,64.50499113722202
19614,43.17042933871585
19615,290.74140217034153
19616,49.01850808554252
19617,287.2030574535354
19618,298.6250460254337
19619,287.3420103129648
19620,264.90317269493676
19621,53.96953223102824
19622,298.20183510714486
19623,20.604607128704572
19624,275.7365068873091
19625,53.37610052429301
19626,279.43051933167476
19627,45.37400477915105
19628,32.93653112523779
19629,273.85249426109493
19630,56.880606310739836
19631,290.0343339593851
19632,269.61182401933036
19633,50.12325562828261
19634,40.133645904010365
19635,264.5783346096396
19636,302.0003347416564
19637,307.69475057466144
19638,270.4714331785297
19639,285.98883777256265
19640,298.749330319429
19641,244.53074304991165
19642,284.39489582636946
19643,268.0695444008521
19644,293.42821291400486
19645,304.6370096568937
19646,27.743648724083542
19647,60.49018133252176
19648,261.81523162708834
19649,276.90250496262627
19650,262.8302242169027
19651,246.4595893129157
19652,82.01803973106871
19653,289.28227775554393
19654,279.8565297649569
19655,249.14242188421773
19656,291.0451861982317
19657,317.78686668504537
19658,269.43449011077143
19659,295.2191147060905
19660,285.263745989756
19661,282.42805331058366
19662,263.2655844769872
19663,306.2384592206805
19664,276.30885664369316
19665,282.1764710465035
19666,310.6254243862413
19667,280.39597826455963
19668,264.41445349004186
19669,273.0649988069306
19670,276.0256344851835
19671,282.06352166821705
19672,287.5821589999205
19673,284.28411942996354
19674,296.6989456237352
19675,285.7606226286484
19676,239.88918707077949
19677,273.4375232418944
19678,276.5217137846855
19679,39.68279289999313
19680,280.0191756235139
19681,280.12983246727936
19682,295.59108677983943
19683,297.49480959005984
19684,304.9055009651275
19685,285.9773554343384
19686,286.27634279678557
19687,274.7292775919069
19688,45.73318466760702
19689,284.3337012826729
19690,274.1110654600572
19691,265.2402882885623
19692,52.70683977897133
19693,287.0402551703672
19694,291.0277290582326
19695,302.86486274065635
19696,267.6760886407294
19697,261.0542655732786
19698,315.89675526424963
19699,313.5283833989017
19700,292.4601492418213
19701,284.03603807130673
19702,296.1052464393609
19703,249.09209203032012
19704,277.54997106096033
19705,78.80437389699188
19706,277.02058347721845
19707,291.4733964559189
19708,288.5122930616112
19709,283.41848399093516
19710,291.0668950777033
19711,253.43939457385923
19712,270.01520072432834
19713,282.18829047714416
19714,134.49052377342295
19715,277.0633992485724
19716,44.5269601652341
19717,28.182941742461367
19718,260.31599259828806
19719,274.02322904247114
19720,249.52522024531964
19721,309.38564238868895
19722,257.7648510239755
19723,268.8005779834692
19724,290.13959716191755
19725,256.43276482314093
19726,247.38851324782053
19727,275.0865423055984
19728,36.135070527614204
19729,272.2130762533451
19730,294.5050623453063
19731,257.83399499535676
19732,281.7948267348681
19733,294.51197714450836
19734,276.3571212068746
19735,273.4794647697155
19736,316.01067473533726
19737,271.95201217849353
19738,283.26187002732786
19739,267.3320468280919
19740,25.624963462007003
19741,256.3492437353665
19742,279.1330474110582
19743,302.1929164959837
19744,302.1159488724672
19745,286.091539516795
19746,36.4023651767688
19747,284.8529851042814
19748,283.5926968488724
19749,261.54608293996546
19750,293.10324289876763
19751,288.7461454338536
19752,295.2963822104457
19753,293.0882566888472
19754,303.65401587640446
19755,294.997381007968
19756,268.39468759106984
19757,293.7182418847756
19758,68.4470021223139
19759,303.0942538763136
19760,25.190633108411376
19761,251.341015416688
19762,292.6238727881341
19763,256.68564164073905
19764,293.5464876409559
19765,299.6793933324356
19766,255.06658226708896
19767,41.36413581042487
19768,302.01429662251775
19769,56.659851967582085
19770,266.66547798128494
19771,289.26945712269253
19772,292.6930973042105
19773,280.66144800363764
19774,268.99914503471405
19775,248.4898965204785
19776,271.3928107241989
19777,269.2070779280071
19778,267.7140502392082
19779,249.5968326250085
19780,300.16882907580975
19781,236.1846283081778
19782,273.3018145684267
19783,284.37417964234584
19784,57.81497533255708
19785,283.9630644870052
19786,47.86099515235165
19787,288.8002504955522
19788,259.75750058190965
19789,262.4285221163309
19790,283.86446376778014
19791,271.2739532228741
19792,261.19317241046883
19793,308.12934478422324
19794,306.37942159288605
19795,52.858280414684515
19796,280.22798493791333
19797,278.368065643456
19798,264.4943731505067
19799,280.01389890181224
19800,288.73506378725637
19801,275.68437699614196
19802,37.04503201643743
19803,282.70256765799354
19804,32.36666917318141
19805,243.22925848895002
19806,231.82053552378275
19807,288.1452386189227
19808,15.908253753593101
19809,286.4395527320296
19810,282.339282161906
19811,303.0499522075716
19812,281.98120658907135
19813,37.8023233073707
19814,58.89943681948051
19815,289.4016335072047
19816,294.87583398742515
19817,315.8254247726924
19818,289.0192482222421
19819,283.04331124078965
19820,263.5414710987311
19821,298.01844511456426
19822,270.6302400771669
19823,285.7084825181669
19824,279.4156431257462
19825,274.5004141710043
19826,59.930536688758394
19827,287.83532490178425
19828,264.00309964678934
19829,321.604369557169
19830,280.7676111924507
19831,289.6088682965793
19832,274.3508243555839
19833,280.3798208691168
19834,312.05899437034276
19835,253.16131896753723
19836,292.3764347877298
19837,297.287090634287
19838,294.94193262265765
19839,53.3480164159094
19840,259.1649678673238
19841,298.2407062689209
19842,51.2663779768541
19843,278.02794452472585
19844,285.7476005667007
19845,44.13405663132079
19846,264.8569199143222
19847,269.6393792478826
19848,288.6106661026794
19849,51.543154166072384
19850,284.7769166610759
19851,269.1642638758451
19852,254.93407638610626
19853,274.49267026863936
19854,300.99209091282137
19855,7.656512881400701
19856,299.4354535544054
19857,323.6877014085821
19858,285.1589911887993
19859,308.36453388755666
19860,264.5179420191295
19861,312.73743805846607
19862,306.0587600891105
19863,290.1870902127663
19864,286.81990333805163
19865,287.0054890485793
19866,254.4763498428837
19867,314.17303525087465
19868,67.47425990655526
19869,304.318798694693
19870,63.43528541691401
19871,63.79893329642417
19872,288.2805188547361
19873,285.6943086424961
19874,45.095536339128955
19875,58.23468722578016
19876,296.65233020693023
19877,28.017861089794565
19878,299.9097309451969
19879,256.20142474053443
19880,295.21208062638686
19881,277.35071471353297
19882,257.81375191610323
19883,44.66753828341584
19884,298.64180422141055
19885,298.00433171610246
19886,61.3019971402268
19887,62.49916524195291
19888,302.5053743077064
19889,277.19174694279013
19890,260.7778345121115
19891,46.9069737644314
19892,247.30218777412387
19893,275.37229322584767
19894,269.02029199948674
19895,299.7490139697281
19896,297.12012687875904
19897,27.219643670570235
19898,63.726897780965885
19899,278.9493325639337
19900,281.9390638989328
19901,306.68868622204093
19902,48.32502615972015
19903,70.7400631675182
19904,263.1537371879404
19905,31.377740206055392
19906,293.01121486300696
19907,305.5970354443344
19908,273.8794050135076
19909,293.9727827876669
19910,264.88941488811633
19911,284.8074503086283
19912,61.747371421810556
19913,284.096661906465
19914,33.998788949793976
19915,310.2127372131747
19916,282.50459078867135
19917,67.06318203906301
19918,21.21116080997838
19919,50.98839872523706
19920,84.53338879745766
19921,265.7643833769413
19922,276.14182145239926
19923,305.1576970612169
19924,49.45917192054293
19925,54.933462884789066
19926,261.11663530351416
19927,276.015692564967
19928,291.5168842356077
19929,52.16665479882019
19930,275.52953033266886
19931,299.09263197903954
19932,306.4662804400506
19933,283.10810949919164
19934,272.6599684177844
19935,68.90216324360142
19936,79.80553804151674
19937,293.2154247912191
19938,308.0662524717941
19939,294.1878190526238
19940,270.64515397828757
19941,259.04953422978014
19942,291.8024109241595
19943,284.3828981091853
19944,259.7800608284755
19945,295.08122513647083
19946,295.978583135721
19947,41.38485701666937
19948,286.6751357479052
19949,290.97883129374145
19950,269.35316172881414
19951,264.1098725277019
19952,292.77534120532266
19953,249.77542708871277
19954,278.54084646079644
19955,58.452285866257654
19956,265.60126667358685
19957,266.69190903266707
19958,49.787934228694496
19959,78.06361841989855
19960,281.63098130148217
19961,41.98706009207467
19962,18.014831833433732
19963,54.96531482541329
19964,307.1853469283087
19965,276.36532389634726
19966,302.36483749159447
19967,259.6020072918943
19968,279.8708070566937
19969,57.41187723812942
19970,56.232727204535365
19971,284.7431259856635
19972,283.7135682675697
19973,300.74573828860025
19974,43.56597606918146
19975,287.83582342651306
19976,50.31012684597286
19977,313.5908057402181
19978,89.25299327070968
19979,26.736328805225142
19980,294.55411096265385
19981,312.6749210781243
19982,58.65825009958837
19983,284.47519151647487
19984,311.8894422080575
19985,269.3317791856471
19986,244.3587792534085
19987,62.09753757217848
19988,288.56203599757566
19989,272.69763026436
19990,271.66032946487064
19991,287.00243000628325
19992,41.96846014334611
19993,293.9929772484677
19994,42.69436626855213
19995,263.7432865835613
19996,22.666975270057634
19997,266.98358308806394
19998,283.20802926071565
19999,279.24351742461806
20000,52.83701653863403
20001,259.0888397019696
20002,313.1568075644226
20003,278.0964528189967
20004,282.0958200788151
20005,62.51243313508692
20006,16.526364163874874
20007,81.42488745468395
20008,35.66130769892183
20009,269.5289279430642
20010,273.98496452993845
20011,258.00003101826354
20012,315.0328344220643
20013,79.25445540909442
20014,262.648077943354
20015,285.2977721716219
20016,261.8017576532589
20017,74.4095348874121
20018,56.132432602571726
20019,306.15900144283967
20020,266.42594278932967
20021,44.20466494949278
20022,264.3043238724538
20023,294.28289840299544
20024,26.062448046542457
20025,308.8922198466304
20026,257.9652027082779
20027,249.04907749778013
20028,274.1091842483896
20029,309.47985139100945
20030,52.40475827352188
20031,65.54205648062066
20032,287.45520279077516
20033,55.38074248182434
20034,274.38838990481776
20035,283.98592568984645
20036,284.80640916817424
20037,9.037397216156037
20038,260.75632165434473
20039,301.68156453423387
20040,60.68190805750325
20041,297.6950717905305
20042,288.5675822456801
20043,288.73738521186533
20044,21.822218227535274
20045,72.22394990757158
20046,58.690401596330275
20047,259.85640083575083
20048,310.0677209538406
20049,44.05467503996053
20050,271.0961670716083
20051,289.5832962748222
20052,273.0452281478647
20053,307.39405021167033
20054,72.57643579930419
20055,275.5786082941038
20056,61.76248223867543
20057,284.71524758528847
20058,255.73891450194213
20059,287.41203715644997
20060,266.78348285928496
20061,298.91693994377164
20062,286.2087928856705
20063,15.961689577801224
20064,277.8747342523222
20065,270.1747338110772
20066,313.65498619718
20067,36.13822378187436
20068,49.67402233882777
20069,38.87243247047354
20070,293.1265987304687
20071,268.1952931309946
20072,258.21220374802556
20073,282.6798841898395
20074,34.61716390014752
20075,53.54876246402682
20076,284.941830600676
20077,57.58691026029186
20078,249.35309142888048
20079,260.812626985864
20080,6.282340201167074
20081,274.89705482198
20082,267.4371501865838
20083,300.78278318066594
20084,69.45745879777019
20085,283.6324551826264
20086,281.3007021485788
20087,286.5539284790559
20088,279.30291908326546
20089,265.4409523910067
20090,264.2352207808775
20091,306.346967411875
20092,272.22342131024425
20093,44.19925322650988
20094,288.87727857011805
20095,279.10038890506826
20096,286.256447836818
20097,35.04190323300713
20098,32.47335569203716
20099,57.84186771435125
20100,291.5870700977173
20101,297.23884819291254
20102,255.94961941665983
20103,316.1447130191599
20104,307.8710365681688
20105,274.36341113864285
20106,31.083112251167904
20107,19.245933919157224
20108,67.45109953062249
20109,268.5317444954135
20110,4.709106943103876
20111,308.4224113975696
20112,280.26310779751293
20113,141.89076739704515
20114,23.022458266834008
20115,67.39889367733406
20116,277.53984890089646
20117,314.86131007542144
20118,263.79560336178486
20119,263.62051360808334
20120,299.39461758878224
20121,270.32760798900847
20122,-2.1972177076212205
20123,270.85884928399287
20124,252.63783019041963
20125,330.30075461594697
20126,268.5035678441594
20127,267.10350736024316
20128,282.20236976909075
20129,306.0939742606789
20130,33.64749675443906
20131,268.292896509427
20132,282.1627718295016
20133,297.62196449216196
20134,27.358597911431232
20135,292.6141387503974
20136,287.2221161111578
20137,306.5470214609468
20138,58.601578999592675
20139,246.58525729158802
20140,272.1584400134795
20141,45.23334665983302
20142,64.20996375963327
20143,66.28404513368906
20144,275.17243265741945
20145,284.16777726324545
20146,295.774402697133
20147,300.15380412632726
20148,290.41102991442796
20149,283.2241000818391
20150,272.00164823500836
20151,52.99528523964102
20152,298.4840675273572
20153,269.2594504162802
20154,290.02684750912437
20155,59.73252789322618
20156,26.541578287403453
20157,298.60480457011755
20158,47.98817718754469
20159,279.38907122916817
20160,285.99227413705023
20161,40.51954323758207
20162,302.45800430370673
20163,305.71239907975985
20164,296.46611722007776
20165,278.74645565848766
20166,282.16663135413455
20167,294.22498915545253
20168,266.48098776217245
20169,267.10869637728894
20170,286.3247227506873
20171,313.79211627132565
20172,301.8118882139089
20173,282.244941906271
20174,240.98745729468226
20175,307.48018307070834
20176,305.768595074511
20177,276.8432997169914
20178,281.3727859690796
20179,267.85320560641736
20180,280.16141919659424
20181,260.71164323030234
20182,263.4399114582468
20183,65.97687366648631
20184,278.8076510509428
20185,264.8474720576651
20186,287.58888365123914
20187,276.12203152855284
20188,310.90664885127836
20189,296.0712028190035
20190,283.05726064338455
20191,295.2740626827342
20192,264.5676992411419
20193,264.3639746937188
20194,295.73165023569373
20195,270.3078114794017
20196,300.09386733578833
20197,286.5306309261619
20198,267.1779184249385
20199,285.76623920284214
20200,297.42154787527056
20201,309.6658190263892
20202,34.71607502317133
20203,262.66589019650246
20204,263.68511347422657
20205,309.4680540429674
20206,274.29591695716147
20207,306.5949587469718
20208,280.60697136334096
20209,283.9005314905553
20210,312.1145489259436
20211,267.4866143668831
20212,255.71490798233816
20213,294.2275696583584
20214,285.65622472710754
20215,260.22058084417085
20216,69.23125225523859
20217,45.56027590863516
20218,46.40872715799378
20219,273.57548517246994
20220,278.8626156228591
20221,310.57488659464093
20222,301.36703396996023
20223,272.0776990178101
20224,277.8276017315995
20225,268.61796151142573
20226,303.61586902383794
20227,258.7141414508652
20228,288.991066047897
20229,281.5514097458598
20230,39.898838477427745
20231,308.43249593296946
20232,269.00222512105904
20233,301.91023718588644
20234,299.3746278935407
20235,285.98028105320014
20236,308.14822020798954
20237,255.41970598380763
20238,253.1283850917451
20239,320.8468368638132
20240,61.625996505730654
20241,61.94989901499275
20242,306.98743775330604
20243,36.8665807263132
20244,260.10228902837616
20245,301.7020305868259
20246,278.504789987688
20247,286.8567965657138
20248,277.3780856644711
20249,247.9794593237165
20250,302.95056086070116
20251,300.53042388602154
20252,281.30338157241823
20253,37.13237640840461
20254,306.0658609411456
20255,19.057044671217298
20256,260.7323385214087
20257,324.29391210709935
20258,273.28645113918424
20259,228.93721454687744
20260,249.93332239679583
20261,283.4407326078383
20262,300.23689656083945
20263,256.8219154600882
20264,42.52350122076484
20265,30.36005696300157
20266,283.8461488533195
20267,287.67866619311644
20268,258.5925911291406
20269,4.611824647997068
20270,296.3207999628328
20271,294.78650053403567
20272,47.66563604320527
20273,273.1121339345643
20274,281.37283125733643
20275,218.5733971724001
20276,291.2890877716551
20277,300.43812013807377
20278,278.2573749663136
20279,289.3524970281771
20280,32.94154951823592
20281,62.70648045482989
20282,274.6896905283097
20283,272.77541751036665
20284,281.66968937163097
20285,294.82546962293986
20286,260.7894922825866
20287,309.70431541657604
20288,276.5631425214608
20289,275.0268812106977
20290,271.0953101874072
20291,264.8564163433243
20292,299.57178824436943
20293,299.2120595351946
20294,278.739735876541
20295,278.96078584215286
20296,249.9788058968889
20297,284.53329630403914
20298,237.0468711745628
20299,309.69291771052076
20300,296.80923720888495
20301,264.25142401868044
20302,293.8311725945755
20303,294.65115599729734
20304,52.91077950671735
20305,42.62598210133447
20306,286.5079876892179
20307,80.35574506761247
20308,50.85340773009986
20309,292.1981770986773
20310,281.54483429608297
20311,37.13569841489738
20312,54.94631536481401
20313,42.1136697680669
20314,290.74985473384095
20315,264.3859885174344
20316,43.22400906728507
20317,263.27047579752474
20318,274.3514434750052
20319,314.7634401191118
20320,260.35939881201824
20321,300.75656891175123
20322,67.10377097440329
20323,267.77077542818677
20324,258.3130901991468
20325,280.08998427943067
20326,19.476825038827585
20327,251.3373864809933
20328,306.53559319190305
20329,264.06923972237803
20330,36.035647713511
20331,264.9819870158089
20332,296.4469162867179
20333,297.99149554068737
20334,289.41574121882957
20335,295.66849106693866
20336,294.638456550241
20337,299.1995557821107
20338,61.9285406627495
20339,308.44936397243737
20340,310.3115343468671
20341,314.5887834083944
20342,261.8948348116331
20343,264.8422292304947
20344,270.6448883185111
20345,286.93101513532264
20346,258.1338544464678
20347,17.10371564929278
20348,84.17122156351948
20349,261.86510911894004
20350,61.39556460704159
20351,31.95797255445825
20352,261.403081177751
20353,275.0749937181753
20354,266.0210260582119
20355,289.04519044417316
20356,288.8835751192886
20357,303.37417194702766
20358,273.5795673177518
20359,269.27770982368713
20360,52.87174439001524
20361,53.55857129159
20362,272.1587536478408
20363,61.259561870391366
20364,247.4063777565739
20365,270.5501262610434
20366,259.96295610293254
20367,273.6791788298987
20368,9.379494531759704
20369,291.37873371497506
20370,63.069031749429485
20371,307.08876361071816
20372,52.27264025082201
20373,287.1501241539913
20374,310.4395052437187
20375,60.32871314198502
20376,313.3029571963598
20377,308.9432492023599
20378,289.383301752482
20379,61.62472784293837
20380,42.29604799239647
20381,270.7452995476623
20382,287.7630592795365
20383,298.9078973662169
20384,283.1337859283047
20385,286.30627181846023
20386,59.92890641091867
20387,72.38470739418901
20388,295.34341408607133
20389,255.07653959591966
20390,65.73392799595169
20391,287.6827094852529
20392,285.27151005232975
20393,309.21574498161436
20394,257.3932228893186
20395,279.10433715435533
20396,272.05240557387106
20397,283.2647003222245
20398,276.5649396318732
20399,265.84864905442157
20400,80.27824619079604
20401,273.2045136694443
20402,246.9694655131967
20403,267.78403563003087
20404,248.77711717083983
20405,50.83797645969446
20406,294.0178909925696
20407,283.18743506604517
20408,256.5432183094246
20409,276.9973230313721
20410,29.767083865835474
20411,273.69000131857814
20412,322.9918805963335
20413,55.66731922375948
20414,310.7906119863068
20415,295.62925995112573
20416,295.9085369774556
20417,301.0259604264653
20418,287.251407332999
20419,264.9087231214032
20420,257.44462633965696
20421,56.47837849987752
20422,299.0726665705432
20423,51.135213374133514
20424,316.7137264484205
20425,298.85714060669204
20426,313.4198395637383
20427,280.9844465711385
20428,40.855354329086765
20429,310.9575697125963
20430,263.23974796318566
20431,65.06770524267486
20432,262.4763465740551
20433,294.11731295714867
20434,288.7650204396656
20435,263.7716478997688
20436,63.98413034624983
20437,73.09767392515866
20438,66.74198735515333
20439,44.41066720668775
20440,245.8722034209628
20441,51.13537960405611
20442,280.843963560788
20443,323.0024522286747
20444,61.116762988800104
20445,282.0770782548326
20446,278.41386013199246
20447,268.51564362630353
20448,309.3684457912899
20449,26.64900347912753
20450,283.5038633091712
20451,280.41508690133344
20452,257.9675946478483
20453,271.9186659899191
20454,299.24412622001597
20455,26.726148121336223
20456,294.1329890247139
20457,301.1740376260284
20458,275.7023883958007
20459,275.99343220600804
20460,297.17739906802205
20461,35.106827677171964
20462,47.356675437107015
20463,287.1951165540444
20464,51.84410761136999
20465,265.80489549879525
20466,286.1787801885431
20467,284.6523740241144
20468,282.2573791576117
20469,44.52586728843656
20470,287.6354064980925
20471,52.436962185247125
20472,15.809636820004073
20473,261.03878553170375
20474,324.9166680935447
20475,313.8701832069934
20476,256.5015249234092
20477,65.60535121020774
20478,253.1381447790712
20479,26.934062776255217
20480,7.944225345202284
20481,280.81391080154486
20482,13.742406880884033
20483,58.59514725304268
20484,315.71850881881903
20485,279.07539928958806
20486,27.91163045632966
20487,275.87444329240464
20488,32.79410388015458
20489,283.6035059811667
20490,257.4416331373485
20491,281.7208961370799
20492,292.96053887313803
20493,33.054142005250554
20494,295.3150262371557
20495,271.8254733294585
20496,25.015602459406523
20497,59.45454658974171
20498,298.4139900855959
20499,63.393261196472196
20500,303.89878603388723
20501,255.87549956077928
20502,56.47909289540155
20503,-24.131063559273912
20504,292.40654555209744
20505,275.7069617414822
20506,269.41789039508785
20507,68.2722799722342
20508,46.77868966854703
20509,49.78133277070475
20510,296.75019104660703
20511,300.3748556207239
20512,250.28415129560398
20513,258.4822792730956
20514,289.9019897064895
20515,55.63537253718698
20516,294.34131979788907
20517,290.86267809534763
20518,33.58229754720614
20519,27.017908454554274
20520,303.6163681138129
20521,9.486747324552482
20522,302.4432957487402
20523,265.20566604886164
20524,266.11786128902105
20525,256.9725205021247
20526,36.98004879720648
20527,289.4985869187158
20528,27.149277623590578
20529,310.982375710587
20530,276.2435457775117
20531,260.54815970027954
20532,5.183908618570129
20533,285.779382984514
20534,271.06659633481746
20535,34.03573015844816
20536,282.3554006265796
20537,308.3259677797058
20538,291.18360231892507
20539,64.04335426170212
20540,253.950120745196
20541,277.3507428646212
20542,61.68170547330831
20543,292.08705205604207
20544,265.9502930911501
20545,279.02661221629864
20546,43.26860565426074
20547,79.66237550584881
20548,-25.61967502617844
20549,268.40147116577464
20550,259.4673278406407
20551,245.80940339179426
20552,309.3083726422758
20553,277.0405335946183
20554,50.78833331615152
20555,303.68799846127683
20556,50.32083111561292
20557,268.872591378377
20558,262.93608994361585
20559,265.0931599432861
20560,33.222838497465375
20561,275.5967168346623
20562,311.76771315215626
20563,70.75680015251808
20564,265.76719674374544
20565,279.710312013308
20566,60.959438294704114
20567,312.6455034707077
20568,248.8859959638134
20569,282.1985459262043
20570,272.08860175689097
20571,270.95259825113715
20572,288.86454971224595
20573,63.64784020785356
20574,56.47009154127784
20575,301.69887956799755
20576,288.94897382193994
20577,277.6974206425602
20578,264.37234359440333
20579,52.69988434677083
20580,298.33590485055004
20581,280.6215300420296
20582,311.55606748370906
20583,27.219478062302215
20584,39.795587735221545
20585,35.82398392035364
20586,302.3874903304329
20587,283.2087410313444
20588,260.36330598855267
20589,284.7511553441935
20590,281.2640129930111
20591,267.4390024213075
20592,272.3221021502043
20593,57.107795855071004
20594,296.1153778195927
20595,252.80113597557113
20596,286.95500552897823
20597,308.72618072916697
20598,312.29924991143184
20599,27.998849984318227
20600,46.027917320277226
20601,315.31312027860264
20602,261.28068561125104
20603,259.84537793297784
20604,284.32496246115727
20605,42.526165525282295
20606,252.83717174127975
20607,73.65735145776861
20608,279.37506337079014
20609,79.43944586425124
20610,296.7146790425076
20611,38.983368399975916
20612,275.9926398733995
20613,286.28833780954085
20614,285.69149519756434
20615,291.2465426766918
20616,292.1212747132443
20617,215.7482879024703
20618,272.84444987687664
20619,28.079641707434604
20620,286.6143178180492
20621,282.91802768547734
20622,281.2054328219413
20623,256.1503066276633
20624,253.5470693803317
20625,285.1905703577472
20626,280.48687018644944
20627,303.47203943491104
20628,272.00113316132445
20629,260.43269646484003
20630,52.23099703760042
20631,272.96161050015036
20632,280.91053310403083
20633,302.57843051914375
20634,279.1951359799285
20635,55.86831863480512
20636,293.0104643821744
20637,312.37451470259896
20638,247.69984769333243
20639,48.21502576665492
20640,19.279239596583423
20641,283.49280344520514
20642,257.21621949669185
20643,291.3061294553146
20644,303.81564454346517
20645,287.1229115299071
20646,257.3825984238786
20647,314.14268633540615
20648,35.12208773362505
20649,48.42257162921294
20650,265.51640947472833
20651,273.6569903488134
20652,243.88034880566596
20653,35.18589126670642
20654,48.96937772969798
20655,295.3742002526047
20656,64.51805930926412
20657,313.2840343723733
20658,-53.121557878080665
20659,308.8528247393728
20660,275.4783581471713
20661,311.6779873777664
20662,296.0153921477754
20663,288.2338287707556
20664,35.957610026805014
20665,275.08504467896876
20666,323.20494607527496
20667,273.36962949696135
20668,297.56428201108264
20669,275.17799752675705
20670,275.0623680037641
20671,261.0931229114635
20672,258.73533041355955
20673,271.7158180505536
20674,49.905061468768565
20675,258.60615503724773
20676,71.82996889597703
20677,287.381884276026
20678,264.8127409705302
20679,304.99152579602867
20680,267.3602343633928
20681,284.395098947125
20682,44.009980690511185
20683,257.02179237339254
20684,280.12134214602065
20685,288.14409305088236
20686,276.0797281906591
20687,273.91304489271715
20688,33.90996275933031
20689,242.89457271310454
20690,31.331809664599234
20691,53.56990426306004
20692,41.359696944618406
20693,261.33875274340903
20694,306.71139327700837
20695,261.26400916846967
20696,324.62460931818936
20697,257.36657028521176
20698,281.05417366648953
20699,45.720475267441344
20700,258.2366493906323
20701,46.62417671337002
20702,286.24748746419004
20703,240.12359330746037
20704,262.2240001731436
20705,67.62393044884456
20706,270.3162662870169
20707,50.119791046633395
20708,260.735800601454
20709,301.852111163501
20710,24.84664635510771
20711,58.46912451856511
20712,257.89058031399617
20713,281.9129699327678
20714,296.2640624543432
20715,276.1654653740104
20716,89.3221461041959
20717,-19.319459385941656
20718,29.382825587077946
20719,274.8717380181166
20720,270.9815983359265
20721,287.74153018421384
20722,53.43349270495784
20723,250.17651994672846
20724,270.19034594965376
20725,286.29882590644524
20726,55.95348039715043
20727,27.08148169648699
20728,259.2289957789581
20729,-104.11693509134011
20730,274.3001878695833
20731,21.519306820810698
20732,311.46098823961904
20733,305.80687158404857
20734,283.66046305180834
20735,48.3565960713386
20736,299.629086137645
20737,281.5420270930888
20738,281.4457629975544
20739,272.02957197753983
20740,280.5082504108949
20741,17.977171325495846
20742,263.5051990430692
20743,272.0217269655369
20744,296.2560608459754
20745,273.23915146404596
20746,284.76396697682895
20747,35.8512972179895
20748,291.9733791535905
20749,258.37041456319565
20750,262.54389466334413
20751,287.0484459936969
20752,282.03666943109346
20753,69.49717301419673
20754,268.13354596868874
20755,48.008667916610335
20756,245.61440110727565
20757,44.88139267395357
20758,30.52669365250611
20759,263.7129806616088
20760,282.08054886485655
20761,255.993777136764
20762,53.099464610011665
20763,265.0091888196175
20764,58.092966279119935
20765,293.22185354160297
20766,313.3533467724325
20767,288.4080976117359
20768,273.55795014300475
20769,39.85510766350387
20770,5.053275177610914
20771,294.3370524960955
20772,275.28911758270937
20773,273.83443246812783
20774,269.30326023997736
20775,257.6822847748326
20776,272.7777690260115
20777,263.53482607392
20778,267.37063710999075
20779,270.88283203294975
20780,26.97368715224978
20781,267.63720734828826
20782,283.0320033105961
20783,266.0866841498281
20784,293.5005800532118
20785,54.77567661698285
20786,325.9573534216921
20787,43.396434879371355
20788,300.34814499134825
20789,255.35658390586508
20790,274.03394600111363
20791,43.461904118354084
20792,275.7283510692673
20793,245.43088055040732
20794,45.46802082060432
20795,304.5974700298314
20796,51.112824247230975
20797,307.291217163894
20798,39.253352568543164
20799,21.638517443726045
20800,277.83502645177714
20801,251.83819790367238
20802,290.31076920291713
20803,312.1100731559593
20804,57.737392175793474
20805,294.8267210370309
20806,277.3477349078937
20807,294.01599088111186
20808,243.57482729766065
20809,298.49637669978074
20810,309.0034506234954
20811,285.40470224998705
20812,-4.589564446506188
20813,300.3623990889222
20814,53.21288056919397
20815,26.77727776195465
20816,314.73259724344143
20817,299.50689851075134
20818,289.3196115777523
20819,257.41947981981906
20820,55.917050798211335
20821,24.654389080213136
20822,30.303876740737678
20823,250.2739577863802
20824,268.23956913575586
20825,267.31565272255824
20826,41.92462156613615
20827,266.7313529706069
20828,79.74983775391723
20829,24.388534795730422
20830,15.86519541530322
20831,40.53717344938846
20832,284.98001991361235
20833,284.655031942705
20834,286.86116994690036
20835,280.2228474691834
20836,246.65692371328535
20837,304.68657204790316
20838,288.8993493084614
20839,51.61030013334434
20840,273.93944190304785
20841,274.12982845660355
20842,52.87193918932013
20843,287.8746459321496
20844,51.49419506576754
20845,297.76729011552004
20846,292.2110689284733
20847,293.7518061441396
20848,274.264476933427
20849,261.9430351443546
20850,265.8063813086434
20851,273.8688889086336
20852,270.49888323414496
20853,290.10369031379014
20854,290.52795817375784
20855,314.22095644120554
20856,43.12055459246562
20857,273.09145157625045
20858,259.75862416570175
20859,276.47067124077074
20860,285.635851567088
20861,277.96611316078514
20862,284.28703614392987
20863,265.4024397838133
20864,36.53625215435068
20865,253.94536233900553
20866,29.64283377672257
20867,266.3692261002063
20868,266.48050319057563
20869,265.14856231076146
20870,261.25781139894434
20871,320.4718191333208
20872,47.99037967392417
20873,264.18918571765914
20874,244.2495212002058
20875,80.78879228303742
20876,275.61758172851825
20877,48.24495091430231
20878,260.0922079235444
20879,245.72238276601823
20880,-29.36255023294015
20881,250.35427252422357
20882,287.9021086952679
20883,264.57639171336194
20884,256.92070336163664
20885,249.50353244822185
20886,305.7780197688351
20887,265.40380093541773
20888,282.0225769271015
20889,283.51142471765337
20890,283.67956532882124
20891,78.9384926324937
20892,74.06937813712389
20893,252.63973391502003
20894,252.9807058926265
20895,36.510021596146714
20896,58.1909087911055
20897,36.38365865950749
20898,265.8485524012006
20899,295.47575144906546
20900,50.84139618293122
20901,265.2445368730343
20902,313.2962792210372
20903,249.13806926071967
20904,57.26895533086099
20905,268.65632910297904
20906,254.66044930783212
20907,65.95410065510646
20908,308.85181920814045
20909,287.55427791992525
20910,294.3856052923955
20911,260.15703110755516
20912,268.8645030261281
20913,63.98095062751557
20914,12.427544543712955
20915,50.380054848904024
20916,63.86104905761664
20917,56.71714605522922
20918,289.881896411192
20919,300.32980649662204
20920,274.9966948188872
20921,16.333985058854722
20922,263.84246972216346
20923,63.699242392911856
20924,275.82531709888804
20925,312.6556112156601
20926,272.35925668657967
20927,301.8295887592745
20928,292.53985861868
20929,243.0820057063299
20930,281.24993716652784
20931,76.53184330651001
20932,78.67427960245806
20933,264.4795396519206
20934,259.3250644355994
20935,33.4655791705151
20936,258.9284236057639
20937,67.61322382136638
20938,296.9920804622299
20939,252.16417953770323
20940,47.47240335285457
20941,69.15679643594191
20942,50.64351626561023
20943,26.944516306588042
20944,54.93869583383233
20945,249.86040481678504
20946,297.2309141513301
20947,248.47160627772132
20948,293.8193566928574
20949,254.27435608574274
20950,247.73328721760515
20951,272.2227224763467
20952,233.84326496839506
20953,297.6181180244546
20954,295.544183247177
20955,307.28322799475217
20956,276.2879101828685
20957,68.43871985622192
20958,271.8746660022531
20959,72.79638450786996
20960,255.24617354653003
20961,297.2123659515987
20962,75.21293745322629
20963,28.840951688852755
20964,253.31697599385944
20965,295.68736303018215
20966,304.3686943928136
20967,283.7155978918124
20968,287.78143059098403
20969,303.5832059500515
20970,244.65904275999395
20971,308.15827343627575
20972,284.13618956900655
20973,89.15030827233994
20974,266.6046797489267
20975,256.3976475239034
20976,262.3456641527152
20977,36.45466422773174
20978,298.63554779849085
20979,52.1117638792181
20980,284.04726818937286
20981,67.09164984574065
20982,312.66204165238025
20983,268.1528182327926
20984,65.46379442263259
20985,310.09298634260426
20986,314.357101521423
20987,272.9331736983888
20988,50.61767944877715
20989,295.58272617347905
20990,28.164766355478548
20991,275.99596233924717
20992,279.9604719550526
20993,68.56438152867776
20994,283.20792006291896
20995,25.31207295291489
20996,310.56559959234926
20997,69.41393284543113
20998,76.37266671889412
20999,283.3718696343152
21000,305.0401044702244
21001,41.6745258130951
21002,310.8047378826652
21003,304.6781560369353
21004,282.8632781132379
21005,286.23151464420323
21006,252.87216803404561
21007,292.73221624122954
21008,259.77808076826904
21009,246.55651285358283
21010,307.57923470709034
21011,268.386977701464
21012,274.34719491779816
21013,51.21525857141887
21014,65.538006635199
21015,44.47308626379768
21016,305.7913504519023
21017,249.70826499329056
21018,288.88289419563665
21019,269.4613193904929
21020,39.18147335445664
21021,271.22763668237576
21022,290.53152327407093
21023,67.05770824240238
21024,50.5427952238218
21025,26.33561256082689
21026,265.93866978971255
21027,152.40016085380418
21028,-2.538684835783897
21029,22.998722082791488
21030,269.6744894837385
21031,45.814294130911094
21032,278.430942292532
21033,272.0307885790845
21034,272.19450968665194
21035,280.7468346676885
21036,308.26453163985684
21037,287.5495120542163
21038,48.83531733534491
21039,33.696427208654484
21040,291.11581246981666
21041,276.0751182092795
21042,262.9010415337584
21043,286.0562246886693
21044,287.23779234539114
21045,23.624554945681396
21046,86.60352734825958
21047,269.6879297433975
21048,293.55208147115906
21049,59.19814987044083
21050,306.49444274462655
21051,292.75477533279087
21052,264.85658681432506
21053,36.72328217460162
21054,278.8296012698812
21055,67.66668922371227
21056,287.9424982078921
21057,279.98938854369305
21058,63.91890514653042
21059,294.16920244599555
21060,266.90811020992874
21061,257.5770611560216
21062,253.9405488667117
21063,267.5991167948466
21064,303.29274877687635
21065,279.76633355966635
21066,271.1481419134821
21067,81.07187385539424
21068,59.10372019292106
21069,28.712210903688923
21070,266.63081819334536
21071,46.673178831239426
21072,71.57596323897823
21073,267.4144127239049
21074,89.74896257831259
21075,3.1066156118124155
21076,260.07878414019035
21077,251.69499222850126
21078,46.043208018081174
21079,62.803676212244255
21080,296.17740066518047
21081,47.89560500196441
21082,34.33210723341861
21083,41.51961018739647
21084,273.97950596947135
21085,178.1163045222535
21086,255.69712178529986
21087,292.3190480185695
21088,61.55612158656993
21089,250.37518874125422
21090,23.833605732577453
21091,57.13925785248156
21092,48.42744811606099
21093,54.305130606129325
21094,254.83139172575676
21095,46.618498841207696
21096,49.3235328610854
21097,51.53405597322342
21098,255.5852254815785
21099,66.71402556674485
21100,278.4967495506796
21101,272.0337130674697
21102,37.71199927404194
21103,33.22781835977145
21104,49.18077976288805
21105,273.42823977149817
21106,31.044841008431547
21107,50.349989738696394
21108,264.5175987040584
21109,278.98262315106183
21110,319.14085623548385
21111,270.76054112099644
21112,34.95973851359531
21113,274.92533408801177
21114,283.1572812942205
21115,45.42699320611325
21116,311.108348626832
21117,64.30740529414896
21118,53.37824313218826
21119,66.33880982013258
21120,77.4964288409499
21121,60.04410936729144
21122,287.11029365253194
21123,41.58532885054785
21124,254.88162484624397
21125,24.943634602587494
21126,297.91906793008866
21127,234.7305073445805
21128,309.19066885028735
21129,21.883616885541926
21130,290.1375689257133
21131,69.89352744309252
21132,65.28459580958713
21133,33.129479531364524
21134,53.45933254448397
21135,63.41019206180809
21136,36.03404433498051
21137,61.26133048574229
21138,76.43351987991892
21139,36.402945334475646
21140,66.75889090172063
21141,30.121428901017424
21142,21.49934494061779
21143,263.7046262621301
21144,285.6698938559956
21145,281.22362112407086
21146,59.50979944399887
21147,273.33772184076895
21148,267.9102538666889
21149,261.57158084312255
21150,253.99827984190557
21151,34.03470890781705
21152,313.8800691316958
21153,40.17447508655948
21154,66.05728298415329
21155,285.8969805837856
21156,60.81019421242573
21157,28.39972606117604
21158,13.216069083432629
21159,49.370544142605155
21160,41.462176811077825
21161,50.41477789693539
21162,42.13323482323824
21163,58.73042397549594
21164,277.1825059372944
21165,244.92968886809808
21166,43.703245588767004
21167,302.2918394297333
21168,50.159934325888116
21169,290.9670677215844
21170,63.87074074417313
21171,256.87796932388954
21172,50.92501845615851
21173,81.80617312938867
21174,293.7218533690151
21175,57.246439945885385
21176,64.94688344011152
21177,42.049674568509545
21178,237.00361298801207
21179,68.37205840622886
21180,36.31848864604308
21181,93.23581525805827
21182,36.44720068763675
21183,40.40679062555765
21184,52.32056471273688
21185,59.24217302897364
21186,52.44309573391567
21187,322.78184983170183
21188,54.705741674487655
21189,65.72185028750826
21190,61.35017680154212
21191,234.88823474606784
21192,22.931779894065627
21193,32.88284607281781
21194,51.68633591866566
21195,71.0769677451176
21196,281.2369511582454
21197,42.37949492869714
21198,77.06854578656626
21199,30.309850922904957
21200,30.604667085737617
21201,35.68377436348044
21202,23.074369977544308
21203,291.89483258675796
21204,13.869299032731774
21205,1.3121243064446304
21206,256.34933035400184
21207,262.4920572567182
21208,65.8533274610109
21209,275.1320318570565
21210,34.53040798570109
21211,272.8731012859186
21212,310.1292781037074
21213,275.32315114573333
21214,293.4859475823935
21215,134.78528234065996
21216,64.55028453932402
21217,287.8380679142706
21218,18.829552165342818
21219,28.356307835342818
21220,301.1437057400874
21221,46.83792769802514
21222,60.24261065239875
21223,60.41657485142892
21224,70.19931206886062
21225,284.5576039024266
21226,71.53582375887186
21227,25.30680313068538
21228,19.512367222928773
21229,41.08074890827129
21230,257.27867206793513
21231,59.89909553637054
21232,58.39665837914711
21233,264.6566097405139
21234,65.70989781241917
21235,69.6713595472223
21236,37.83710908683841
21237,55.037814114078884
21238,52.51396242465944
21239,251.96399845443347
21240,305.38092281612364
21241,58.76379756670448
21242,74.36382104786827
21243,263.3122497788002
21244,310.291988242133
21245,278.47493310815577
21246,55.228517028211485
21247,290.4196370005403
21248,36.25358655818792
21249,303.09024857196744
21250,63.715664659646336
21251,36.495332356899894
21252,70.21678345644972
21253,13.499092614731438
21254,9.135428619975855
21255,55.7940481439806
21256,29.518650731988714
21257,266.7394928381748
21258,50.30651188054293
21259,274.8590040017963
21260,264.5176235547698
21261,291.5641125312024
21262,38.89264261757455
21263,255.38069567300047
21264,270.88836456004657
21265,7.157051665186799
21266,321.1537737709222
21267,49.82288910190371
21268,56.36036021403518
21269,68.06499894971199
21270,279.4696142735407
21271,272.9786640780529
21272,258.45101744865684
21273,66.82242892868197
21274,57.71164801186012
21275,60.50118018195522
21276,31.592052338788108
21277,46.173709441367464
21278,31.739644399400106
21279,50.41183545801678
21280,248.3040190615351
21281,16.331045917492844
21282,255.42343685089037
21283,57.416275007512695
21284,8.551286719299867
21285,261.86773325704814
21286,256.17072063294825
21287,272.4540798318412
21288,256.1936919239425
21289,295.98604267217263
21290,47.805675277766824
21291,59.191384819102296
21292,62.69969461626107
21293,74.37830717650152
21294,65.4454449483676
21295,28.811424217686096
21296,45.30412808537184
21297,27.177361409941824
21298,289.8726671312425
21299,255.74007493162566
21300,254.75222524632866
21301,49.661772224697756
21302,36.15431487732252
21303,57.36150842847454
21304,259.19157366664786
21305,17.128759064959993
21306,66.2525921920224
21307,25.79625449730669
21308,39.44300967756607
21309,49.591478228596486
21310,54.85685206352966
21311,254.67360292059226
21312,51.99512267909327
21313,2.579904434644149
21314,307.03426129270724
21315,52.91969850303474
21316,37.79168030451285
21317,296.2961563596373
21318,32.91340765785603
21319,56.43456428459277
21320,54.975295992426084
21321,38.91598595783228
21322,286.813871757215
21323,34.68859478541299
21324,296.84461488088607
21325,303.87995421697565
21326,48.56326667543752
21327,314.3116915028736
21328,64.49461824408334
21329,54.229288280575474
21330,241.99707514376774
21331,78.39427919964024
21332,60.54586264847612
21333,42.29507997138535
21334,46.364345224318356
21335,46.76958101733621
21336,43.11813867563376
21337,90.92035978900279
21338,239.9155567784646
21339,54.70163890893795
21340,260.7158745846963
21341,293.68934889760635
21342,34.300541945325364
21343,254.4459637839279
21344,19.629387581373123
21345,41.03313848341557
21346,266.1539201683845
21347,258.8775200765625
21348,24.104131686580885
21349,69.66952217516331
21350,24.105768062393224
21351,62.886614161846666
21352,59.895147442949565
21353,262.3492618713325
21354,60.14170173532915
21355,51.25699526244557
21356,52.26948536201084
21357,45.598694073272696
21358,51.277670687556565
21359,70.56882976123401
21360,254.56450676198574
21361,16.339992994443463
21362,289.7292315153952
21363,282.04356147564926
21364,268.8468997394196
21365,22.7538177748186
21366,258.12142520691884
21367,46.74053915733387
21368,302.644090190443
21369,260.00010191347246
21370,37.69765328479866
21371,47.299023997560965
21372,270.7566348043889
21373,78.76915269202522
21374,58.8958785734869
21375,254.88305425149676
21376,54.851994736006986
21377,201.32705144965166
21378,28.443605134082276
21379,46.763264166270204
21380,97.81575654076352
21381,60.97474346529802
21382,259.3346202358668
21383,2.0197849236518977
21384,48.88227552377231
21385,270.5493781631807
21386,37.788239525634225
21387,252.6104850791362
21388,266.49092129414714
21389,249.09570084262918
21390,271.76585588944056
21391,34.415951841523054
21392,39.20693891078014
21393,42.34921181797961
21394,30.0112799265097
21395,271.23435104039766
21396,274.55019275884933
21397,41.81384568029003
21398,316.8328276580096
21399,55.691095230414106
21400,41.02635778580432
21401,63.26443381770068
21402,178.95648761705468
21403,37.40618504787798
21404,30.318532757773568
21405,286.3724445438031
21406,8.265260460747896
21407,270.06639527182216
21408,237.5677576873781
21409,64.86549803023354
21410,290.34022237218636
21411,263.90110598190506
21412,243.29260998370717
21413,58.87954828319948
21414,50.10494992269281
21415,32.84260859514163
21416,294.4604494433487
21417,317.4079726751396
21418,307.8725272065526
21419,4.848057295402597
21420,21.691387380956115
21421,13.885662334299013
21422,311.181777516862
21423,61.8694189930778
21424,244.96048955569785
21425,296.12281901597805
21426,14.83695558943981
21427,230.81219165368333
21428,249.50195482113122
21429,290.4142890671981
21430,290.1841433800356
21431,282.93086753256955
21432,69.14692501516072
21433,282.291241711081
21434,273.8747789254613
21435,7.796959565688965
21436,300.9708111518043
21437,287.93790202180014
21438,301.1147984248634
21439,74.5485157005229
21440,263.09968088278833
21441,270.7339384210243
21442,304.87496582803215
21443,10.332537845228941
21444,306.09910474936794
21445,29.393804342539823
21446,313.01802373974806
21447,267.9580270396213
21448,25.849910738554286
21449,57.93188952124453
21450,290.1488545398664
21451,53.698313614418026
21452,318.5160390253076
21453,37.190615504513346
21454,257.8956144442536
21455,27.25064945012285
21456,260.07467756760724
21457,58.861960659211235
21458,309.85840623045334
21459,227.3207823660411
21460,68.83338835995343
21461,47.78382750431635
21462,300.8708529070882
21463,10.67102212052663
21464,253.71208617928113
21465,301.09748674693606
21466,270.97045458222465
21467,274.41197859112197
21468,320.0241690877241
21469,76.88958687003051
21470,-6.861482498966311
21471,-50.530667009539386
21472,54.0610777603392
21473,-38.572864815793864
21474,247.24262855454234
21475,29.136937864399926
21476,227.47602479599988
21477,255.14143763413904
21478,308.9035972276348
21479,214.65770479916816
21480,240.25584312110266
21481,278.81816915259253
21482,301.3039295512848
21483,87.30613867446382
21484,239.93293329254374
21485,-21.969062487239952
21486,71.50613618883918
21487,289.67948985155806
21488,295.1162947805054
21489,76.23542969078059
21490,-4.16003067404877
21491,243.9592536991243
21492,257.3273483235926
21493,245.67914374696565
21494,218.20469144383364
21495,307.53697384955535
21496,288.5332518346235
21497,293.6142546118697
21498,18.058654840310126
21499,-220.38091000723932
21500,268.7830822585546
21501,291.12015669690743
21502,49.77799687313899
21503,-125.87497592913203
21504,278.1257883193258
21505,14.320636199135336
21506,52.33924230963797
21507,10.314334706863477
21508,10.690347277301925
21509,31.165201588754
21510,-279.0520853904243
21511,280.7099224979654
21512,-248.82146618988082
21513,253.32699848758077
21514,254.97275552101206
21515,48.70726482860894
21516,231.5092307465638
21517,42.673968391887485
21518,17.30223790486376
21519,32.96633841093825
21520,33.80334052540718
21521,278.09210422597835
21522,27.261258269733972
21523,57.722655201092294
21524,38.66058711634378
21525,62.22898315035118
21526,276.43834680901244
21527,62.82214146525314
21528,305.8873803463804
21529,31.93158084352359
21530,53.38876914451208
21531,278.0783462962501
21532,263.26389395626
21533,-528.5963138553004
21534,286.8725967041172
21535,58.778844228121216
21536,21.093119594866252
21537,66.51899249602283
21538,294.2185334653687
21539,30.12140775489806
21540,23.362569295112877
21541,256.8687920335974
21542,20.44025500150505
21543,45.45574799004234
21544,279.88069188573905
21545,67.5319580107535
21546,289.349119550354
21547,24.129765410209487
21548,283.3312318533657
21549,239.77529253914759
21550,16.570049444267312
21551,209.79399040645256
21552,3.802423836338164
21553,283.36795735454064
21554,24.94334790940829
21555,271.02424791724206
21556,36.62091077836533
21557,295.75705370301114
21558,66.34074050470667
21559,286.04692269106476
21560,62.044640175392374
21561,278.3570725645634
21562,283.2228866622046
21563,49.99804599974351
21564,23.70017497009185
21565,40.492895747223486
21566,271.3893713892224
21567,304.1303502248391
21568,4.180456198821332
21569,283.6360311095417
21570,258.54727314730724
21571,289.9194493475979
21572,39.348725190384584
21573,64.5707658473799
21574,30.399065256414787
21575,308.12128150057345
21576,16.337817565528482
21577,48.47546701331686
21578,265.0431470787232
21579,47.88738265687803
21580,254.14874392020516
21581,41.72806296014758
21582,256.40802670940855
21583,262.6441357836293
21584,31.508128586156033
21585,272.105453217189
21586,59.544551375906934
21587,260.6688136962614
21588,257.24540899066625
21589,249.04414175408812
21590,36.517288132843106
21591,270.60216407410167
21592,293.15931947656884
21593,274.20488862895184
21594,251.78305515499028
21595,285.57681275026584
21596,253.00279242642716
21597,80.05014863986324
21598,291.577235841982
21599,264.4175278181251
21600,63.037255625183775
21601,-32.71338068077489
21602,268.2200374892559
21603,57.44747476457212
21604,36.926040537468594
21605,34.134208414219074
21606,56.33253855771994
21607,204.56419658055074
21608,288.9335776142499
21609,46.084257500459444
21610,253.0559303504271
21611,284.3972368332972
21612,252.46667863478942
21613,16.900931582639487
21614,291.8931766087312
21615,270.89831943354613
21616,15.597672632526297
21617,260.19277093784115
21618,290.8964742199355
21619,260.0535249282965
21620,282.2114370153381
21621,281.82174467972334
21622,287.8814110697693
21623,288.1073585035316
21624,280.06939118426243
21625,303.1444244044982
21626,262.39105162153
21627,257.6018559546661
21628,295.495745571882
21629,278.96101607981046
21630,253.31373195883984
21631,287.46999548121073
21632,317.14760606691755
21633,284.1426400656577
21634,70.042019539253
21635,243.89303211770184
21636,271.2692000265703
21637,274.94782261651767
21638,287.22332882243177
21639,14.387499618851692
21640,291.55649433373924
21641,-95.97962697150433
21642,296.38440666856474
21643,-19.39465218427891
21644,23.176348189812742
21645,234.7499314535731
21646,249.32213772146585
21647,294.3813587665411
21648,82.58864395495456
21649,313.1958876170484
21650,304.48115949696916
21651,257.32908421465186
21652,290.6258155359046
21653,28.183214842603547
21654,44.080260696317254
21655,-0.7394983866255131
21656,53.34536229814714
21657,-18.00514391079625
21658,59.84496014796807
21659,44.88377332499641
21660,50.533966988631676
21661,38.316692074095045
21662,293.0465610255977
21663,32.58986383759151
21664,289.6203214415352
21665,308.0479426060573
21666,305.10470544680993
21667,280.2124494502215
21668,267.24023442515556
21669,276.90385721603224
21670,262.1901268015198
21671,294.5236464564099
21672,59.310924867682786
21673,38.76262631173557
21674,298.8498950274952
21675,28.02072396757481
21676,54.3649510987411
21677,291.08542640207236
21678,281.4644132400471
21679,249.33357929122124
21680,-7.440927364226056
21681,34.59305419748986
21682,38.37415241351334
21683,48.61186761362711
21684,19.235471333514525
21685,270.74583647255287
21686,76.25569925894277
21687,242.81519638472994
21688,58.65892249284522
21689,-61.357579657908275
21690,33.1751764596622
21691,65.14465621067248
21692,250.13716152485642
21693,75.0480932587823
21694,308.155268727484
21695,65.53641374576728
21696,62.36928692377643
21697,32.99042047486685
21698,306.30665458116334
21699,274.46868719221777
21700,313.64310828044245
21701,308.10721445243166
21702,-79.45185215162267
21703,278.28452424807335
21704,61.93813607121487
21705,40.55612538574766
21706,18.663781823434235
21707,292.82899788400704
21708,287.50416190294345
21709,295.21811255925866
21710,66.45827535522864
21711,295.343751662514
21712,26.66504834809372
21713,265.63239123175293
21714,321.3451578945957
21715,310.2359695962415
21716,312.57034790232615
21717,58.10652151791737
21718,283.0287790403087
21719,27.947019306330446
21720,39.67822319372817
21721,289.2163585405219
21722,309.53375912643673
21723,324.2012110077882
21724,34.912502560148795
21725,304.28659614392336
21726,292.8439463832718
21727,45.78482749249616
21728,50.61720572022392
21729,52.752703596763354
21730,290.24428891047205
21731,287.14935870695155
21732,300.62270573251374
21733,288.07036413049536
21734,64.85773616428307
21735,49.56083101138259
21736,309.4601673627748
21737,296.8199792060567
21738,35.342031539671694
21739,269.0716365407251
21740,293.8226504195834
21741,46.62557925489074
21742,253.65455910376053
21743,35.80571995202541
21744,292.37371274592476
21745,45.60273657056871
21746,301.26712698920363
21747,263.72973858199464
21748,61.70284261021499
21749,50.26744850457061
21750,5.2201984833822905
21751,-3.934343229431022
21752,301.9537705561839
21753,261.4156268515243
21754,64.74346200648998
21755,54.598165906826154
21756,54.782564960359736
21757,-16.45712085404614
21758,293.44485150917205
21759,300.17184271805
21760,256.0282699245927
21761,275.47065629608494
21762,295.40176433532883
21763,308.4067231211483
21764,61.641157618979406
21765,256.5606400163176
21766,271.6081298811238
21767,308.78380645977126
21768,303.879325048655
21769,274.69236858481065
21770,268.4659109141315
21771,81.85610593027911
21772,246.9951565291848
21773,258.1357854238115
21774,307.1899529825261
21775,295.6871723028019
21776,300.01431331648234
21777,257.9613009818729
21778,291.16364545537425
21779,9.381415714722777
21780,301.06347600573395
21781,26.457772988166894
21782,300.713768325154
21783,307.67719467751454
21784,47.09345437880825
21785,296.13172176797735
21786,280.7074115677714
21787,290.5577844211135
21788,288.9052650970142
21789,300.99389376000374
21790,274.49778041460587
21791,275.07766781471713
21792,257.7813936634859
21793,271.8476080196798
21794,306.27142971132673
21795,257.7430778796252
21796,269.86018804173585
21797,249.37246459996211
21798,67.4076764550671
21799,274.10979538064817
21800,39.96501497354302
21801,271.7423521199292
21802,264.8398328061038
21803,319.5035630040461
21804,263.2888195713682
21805,296.22308975991075
21806,291.1806569695911
21807,268.17062836739615
21808,58.05604822656761
21809,263.7763346630411
21810,41.20154110264593
21811,57.84392814759701
21812,255.29979922728532
21813,269.14247906319537
21814,287.1938759465319
21815,291.2726878248876
21816,269.2023477630616
21817,268.7925658529924
21818,299.92380130855656
21819,289.9264411536193
21820,53.64719105065967
21821,303.75022581978953
21822,291.8346708123996
21823,8.794751702934406
21824,-31.696347912542297
21825,292.28684395797217
21826,258.6745090673585
21827,263.7906261507758
21828,301.68949968375665
21829,321.7785641728793
21830,282.3536177161847
21831,286.2458554488489
21832,274.8490198173249
21833,287.06298457374044
21834,61.97021475471354
21835,292.0909064273696
21836,263.4221025274646
21837,271.0095699221764
21838,316.7541080843274
21839,36.17523489271852
21840,288.21415998027555
21841,42.50270248819899
21842,25.369113084794066
21843,265.97446731671766
21844,294.49439653556453
21845,286.1895957416036
21846,261.90893598842194
21847,303.29718106204126
21848,276.30406041115594
21849,272.17007234232557
21850,304.1740823746254
21851,289.563918063025
21852,287.1957079518798
21853,291.15217941792446
21854,306.8779989041738
21855,296.76833888833517
21856,291.3079500846586
21857,303.4665591472477
21858,320.9154620028445
21859,272.7767236023243
21860,288.2518558036959
21861,283.1122785076087
21862,324.1453858832305
21863,57.23065324535341
21864,31.67084723677982
21865,253.65960245033145
21866,305.3619398366341
21867,289.5671628839623
21868,26.367186998668515
21869,251.96362669592713
21870,241.03075311881562
21871,301.2795409826765
21872,275.6636303750815
21873,275.8754341816133
21874,276.8529674147072
21875,28.447119849566718
21876,33.8473406581698
21877,309.25550539928133
21878,309.81490159409356
21879,304.7132482237693
21880,286.4062490119932
21881,284.50998035441535
21882,268.6779224521538
21883,302.0820974485497
21884,292.10157801640844
21885,305.8291177006741
21886,302.96586054564114
21887,275.3396784895897
21888,272.75135793577584
21889,255.07917039110632
21890,260.67486998735683
21891,300.33747431807626
21892,305.772854718952
21893,265.71557772341237
21894,288.7597774486333
21895,249.9371148046097
21896,253.5137796087175
21897,264.2061721941237
21898,294.24088078857807
21899,276.54501378274176
21900,-0.923341261760811
21901,286.5877866516147
21902,270.0384395879379
21903,287.5442217197087
21904,301.22947438179546
21905,37.68428535395162
21906,285.4158391826075
21907,261.00843742609794
21908,248.21122148190122
21909,268.59212286560177
21910,256.10450137681016
21911,39.58492597517946
21912,56.033230251684245
21913,256.37065804965374
21914,291.7972452061649
21915,288.719168601654
21916,268.2944606746416
21917,271.1984101110801
21918,274.38570032763744
21919,273.14485844420733
21920,303.9115413308748
21921,267.2034792222041
21922,285.50741523872995
21923,282.8050447389719
21924,279.6868735621078
21925,283.7725583889654
21926,264.29853450107447
21927,-113.03856743628121
21928,258.20147569272
21929,255.78599729778327
21930,283.92733206031903
21931,303.2668749578498
21932,293.96528039524947
21933,286.7373414130276
21934,298.73050906986845
21935,256.47305074198437
21936,257.020881882343
21937,280.94316737460974
21938,280.5245356357886
21939,298.83751030914016
21940,279.04630628764176
21941,308.3143263357292
21942,260.5923740509387
21943,273.40972122105154
21944,284.1665273002219
21945,54.72726829181374
21946,290.13109807542435
21947,252.35538955558388
21948,285.0118481667665
21949,233.98571772396573
21950,293.3893163302118
21951,279.0428965856885
21952,272.93714582092775
21953,257.99202461952433
21954,286.55480995387995
21955,269.488638785156
21956,246.28512988437672
21957,265.46016590507116
21958,264.06882037097205
21959,283.3753659033834
21960,54.06503794420189
21961,254.98531211148912
21962,303.2076072874275
21963,271.8176511145822
21964,293.6140713908808
21965,248.62720925974867
21966,279.015722280917
21967,318.2316211156873
21968,272.2957720776317
21969,71.51823825683442
21970,307.25098602604976
21971,246.0482603524871
21972,251.21988735687037
21973,275.48114120143714
21974,58.58862740537046
21975,262.677255947428
21976,71.62170041592307
21977,272.59948637965704
21978,278.5241559748448
21979,256.42751408663304
21980,299.4629827527509
21981,262.4842970361811
21982,52.699268534084325
21983,243.75668846622048
21984,37.13147340507879
21985,272.23617478621355
21986,46.075994942912814
21987,290.8252619576607
21988,302.439714927171
21989,268.92876624749834
21990,291.8128291738949
21991,293.7408057846948
21992,263.6619045955696
21993,297.81205269698825
21994,283.34728002754116
21995,277.2051947846277
21996,50.08417319159062
21997,310.3262092479175
21998,274.3604036001103
21999,269.57658014841013
22000,23.31830731640551
22001,282.86567450348423
22002,312.8626895046209
22003,309.12094100276477
22004,263.5601379271079
22005,237.77902952875814
22006,259.7923033340011
22007,25.41098810434282
22008,265.5555068036319
22009,305.12658938795437
22010,256.8693678672419
22011,294.8258993163655
22012,299.5268553093758
22013,307.9940177997795
22014,315.09630143455036
22015,264.4525609844994
22016,267.99184920619183
22017,16.09079073880295
22018,309.67713007900215
22019,293.0929151544276
22020,283.9749347111247
22021,252.17571746979576
22022,214.16648248249425
22023,252.14522779831245
22024,253.27858734306122
22025,269.41924646144025
22026,111.78434626672801
22027,249.0779008861679
22028,257.5415837917302
22029,321.37704741861876
22030,257.8395843226166
22031,270.1769686017966
22032,113.02533787119312
22033,270.5426859944238
22034,245.9930902121476
22035,302.4661884998428
22036,249.22811590977645
22037,311.94972849325836
22038,271.6891728548701
22039,308.5268441875375
22040,274.78385437386135
22041,261.0042801211222
22042,234.69623351189017
22043,304.0689701298929
22044,224.49750741383536
22045,310.6319069043801
22046,283.80111281293193
22047,298.942063926944
22048,285.70087904648466
22049,277.7135344620986
22050,296.69077552070354
22051,10.215549091195044
22052,267.9479551627195
22053,272.62982862905574
22054,288.4568745769577
22055,271.0320202711782
22056,252.11577588141066
22057,284.1879000867221
22058,211.47613808815592
22059,255.09949188345354
22060,240.49033365956177
22061,310.87462475952964
22062,274.2643204844735
22063,271.83855333478516
22064,256.1739799764633
22065,242.1719762253865
22066,274.5104093475569
22067,262.0313831832078
22068,305.1566425604534
22069,285.10128936496733
22070,273.97739450995255
22071,282.8329986262885
22072,296.00122654466156
22073,258.01262072872095
22074,305.7043488793102
22075,262.2409345438268
22076,234.07393014085986
22077,240.18989636784283
22078,311.17017099596313
22079,306.817781157816
22080,275.4716910547535
22081,325.8043210563827
22082,257.0885922771829
22083,300.5724093759545
22084,290.67998064876844
22085,287.7137794601517
22086,25.90034889276542
22087,192.2953881924545
22088,278.27918251973557
22089,294.7808829921245
22090,-65.65448550707278
22091,205.70264169953407
22092,271.9848015432998
22093,311.79982450251447
22094,181.07216832424263
22095,266.1634084835983
22096,328.19668583377836
22097,271.60762083390614
22098,182.12048783014993
22099,195.27052193253883
22100,281.64122552429285
22101,304.227292865538
22102,306.16424490888835
22103,37.171937977391565
22104,290.1608944096947
22105,275.66935104965364
22106,303.7971171775123
22107,296.82800223261637
22108,273.6993565489807
22109,255.56722112733178
22110,252.2823636553208
22111,252.82772019277627
22112,268.9295940247421
22113,275.4405441125253
22114,256.1896031897057
22115,276.31602282561767
22116,272.77193201709696
22117,54.47779568890826
22118,54.52830961841903
22119,314.55746368254916
22120,65.92896731914118
22121,274.0080418867719
22122,46.19334572829101
22123,133.04372037754672
22124,263.7855665474366
22125,141.92572693619348
22126,265.44656290265584
22127,276.72622280593293
22128,303.82847591121276
22129,293.8909550680884
22130,310.9037884770697
22131,190.33966346403255
22132,288.5034172381455
22133,297.2837567426703
22134,269.1922808260731
22135,267.92763380601707
22136,215.8548070978839
22137,246.80860001935937
22138,-52.79703140541249
22139,71.82243557894606
22140,292.7747710824459
22141,247.8322655371171
22142,64.91535854959062
22143,239.86847498703355
22144,282.41106140290333
22145,287.2563191547056
22146,252.14229154337897
22147,270.8909844862992
22148,250.2369539536386
22149,258.7067651558631
22150,303.5418417719086
22151,265.10558482861
22152,200.64715458420858
22153,275.94086904659923
22154,260.73198125987807
22155,202.90070450283588
22156,289.06434564106564
22157,303.6611205491025
22158,48.10982221004579
22159,316.50478275914384
22160,39.280455066163086
22161,290.84465007612664
22162,67.63701450777472
22163,48.67980803546146
22164,257.21917693867636
22165,268.29070222500377
22166,239.47517355180184
22167,287.4376928316577
22168,289.72767153961865
22169,256.5983864650128
22170,298.17364090846326
22171,298.68258613642945
22172,267.92543041355964
22173,264.8975711303819
22174,35.64569961657898
22175,271.9650328549128
22176,284.2434565583299
22177,255.7805742302841
22178,256.9720304883351
22179,279.32333163439034
22180,282.78782342154994
22181,256.5358864003846
22182,212.1544659895015
22183,23.018596955596166
22184,48.12235340709631
22185,252.4264508238069
22186,270.0346614334653
22187,260.737445863503
22188,253.02162425587892
22189,244.7624226048409
22190,265.14158077241916
22191,289.26967727975045
22192,278.8642207261536
22193,273.93299203945674
22194,279.90286840323506
22195,294.585764055951
22196,263.18789412537353
22197,271.9483049151627
22198,260.4741011800734
22199,267.96221317668284
22200,15.189698129089052
22201,262.9742605411062
22202,42.85798468263761
22203,51.8808636729801
22204,87.93353122093055
22205,266.7228398489352
22206,51.17059114038602
22207,270.8456742682746
22208,321.0536042921259
22209,285.9392144135095
22210,276.52826657572353
22211,251.03263594670128
22212,27.761188624515185
22213,25.242890932870694
22214,53.7049481140738
22215,57.385688875930924
22216,59.855664119817305
22217,265.7784950680673
22218,18.721742043962564
22219,253.46086155897697
22220,51.5186451363499
22221,286.8688610131642
22222,58.707427497934646
22223,311.4646100031908
22224,279.10241402040685
22225,280.43183082008136
22226,10.178153440316692
22227,289.36240207285505
22228,263.2105090932919
22229,303.42569978587426
22230,40.66722752615354
22231,57.90870165914271
22232,248.84036068723418
22233,277.46026776096005
22234,263.1504463906525
22235,308.1251040964946
22236,288.43818161649557
22237,48.31763007379453
22238,20.285104713909675
22239,323.3406305920181
22240,43.920918307294386
22241,74.61008330247427
22242,30.878688993117635
22243,309.4328975668062
22244,272.3676983701042
22245,39.93000123594109
22246,25.945247680758115
22247,285.1586573295965
22248,282.46770509375074
22249,267.27599842585755
22250,52.98976055401596
22251,253.09820858466514
22252,45.43625928830892
22253,48.083377430642855
22254,274.4835150749848
22255,291.8571306554267
22256,32.79014435945987
22257,301.12746304888947
22258,2.3468543943945264
22259,38.16235622513594
22260,298.5295910273544
22261,42.127273802412276
22262,271.7830208775382
22263,16.83228340004915
22264,258.60508180893385
22265,254.0633631004604
22266,326.4059111731525
22267,9.105274129919422
22268,14.99041493597423
22269,312.65271577235535
22270,290.3063363833421
22271,41.63776645740219
22272,13.552670513776405
22273,57.568952511042255
22274,274.53286090123277
22275,37.32034064575518
22276,38.61731069821079
22277,68.90035193973759
22278,26.10866577532893
22279,18.73870364065094
22280,27.11773280678385
22281,317.78452850928545
22282,289.5068341924184
22283,19.47963511181692
22284,29.991290857642298
22285,275.37683289321325
22286,40.244363883763924
22287,281.7274996584239
22288,70.06998792500926
22289,27.110344843095305
22290,45.307641358095054
22291,270.899175850489
22292,78.1345046369292
22293,26.142596294922498
22294,51.06137977853177
22295,313.93432605995577
22296,10.614226238327063
22297,53.53306807531888
22298,46.7509843909034
22299,248.07622943354747
22300,42.288543823006734
22301,39.974376785148536
22302,53.50331717198736
22303,33.805401340919474
22304,314.3729764432352
22305,311.3269555048107
22306,265.6742765786188
22307,42.556284149749246
22308,304.78076991079513
22309,35.64759784245007
22310,38.07841249318054
22311,43.67516078205543
22312,53.080990746189485
22313,313.94263729654745
22314,261.31901113299745
22315,-0.3681553237080948
22316,52.24631686468962
22317,45.659136787458635
22318,250.95868980134588
22319,282.1354760741969
22320,33.162975318586945
22321,34.217650173306794
22322,63.09102764515376
22323,252.16958961952534
22324,280.3568841883417
22325,295.9135917137398
22326,279.96929135314406
22327,287.1292457031341
22328,262.69094640321845
22329,71.37070986731521
22330,259.93522453267195
22331,295.06595589743176
22332,255.15644575287226
22333,61.017831899275166
22334,286.62616802359685
22335,266.19527574174515
22336,272.7819770663111
22337,277.0030044581972
22338,50.335037895253095
22339,30.574900273428113
22340,250.10517072087583
22341,278.95767710185146
22342,277.7778845618695
22343,295.02993832203435
22344,47.578876578156496
22345,250.92786773200535
22346,272.50528530883685
22347,268.16911088252755
22348,273.3065100448754
22349,49.78348173583623
22350,256.7172747943505
22351,268.23100685685563
22352,296.45736404967585
22353,331.24484437837157
22354,223.66135092924802
22355,284.85348932211434
22356,257.77019223811726
22357,62.68609162793783
22358,257.41039048335995
22359,290.43858020974596
22360,198.34551684333633
22361,265.84641638157984
22362,264.6310616675071
22363,269.97802990987265
22364,207.57893636050957
22365,286.8936247532447
22366,55.74622469628028
22367,253.64004459956735
22368,272.26509116205176
22369,300.5313923323358
22370,272.1263216370386
22371,263.6977462923752
22372,300.50292335424456
22373,247.83665380369374
22374,281.9697580817254
22375,279.39447149933414
22376,296.78662758369535
22377,254.2904757366354
22378,294.6592521731216
22379,-122.76627998443392
22380,251.04880979628786
22381,279.46042489966044
22382,256.2614788968409
22383,256.3556889679865
22384,251.57112509443112
22385,76.98914819569043
22386,291.51011276108545
22387,249.30607251080863
22388,297.2458809342635
22389,263.45671097267643
22390,267.70379414889464
22391,276.5579485756296
22392,286.9891700850544
22393,242.06364422757179
22394,303.18069902079543
22395,275.5682208302728
22396,251.17659189596694
22397,281.7486373630013
22398,264.45103448411857
22399,266.6834736499918
22400,58.578990382956476
22401,45.1126316902762
22402,286.18058879178136
22403,283.0639012507497
22404,275.91416024890907
22405,283.4289622348548
22406,258.3511802966031
22407,271.76193570871044
22408,265.6538368083966
22409,295.3244113864142
22410,243.81819036618776
22411,261.66272281475256
22412,58.93100402246145
22413,307.6751595445029
22414,282.3265708658796
22415,274.8261049524509
22416,48.94905354129952
22417,211.31765719895617
22418,266.0767355196713
22419,267.47691645487197
22420,289.276932132025
22421,259.1643447190329
22422,283.6544633084334
22423,243.91769601354662
22424,291.1601105850457
22425,263.28264213050124
22426,30.15307889542862
22427,262.59906210816064
22428,37.23788483346425
22429,280.30055939217306
22430,261.6161879298629
22431,287.9476963179095
22432,57.0324753516191
22433,264.4280459233896
22434,233.57858310653495
22435,77.30048249016028
22436,261.8343688387524
22437,270.03415787016314
22438,321.74052395323156
22439,27.64158299512738
22440,276.80292123151685
22441,257.6558502616068
22442,303.4717959028685
22443,278.7315242160477
22444,42.138283047896266
22445,308.9364295697346
22446,258.82458640771756
22447,155.0359293885272
22448,289.18886870930487
22449,262.7846274873658
22450,276.3944187784225
22451,264.92205081054203
22452,278.40575465669747
22453,261.54084457362467
22454,284.7167916998978
22455,311.8133417221022
22456,258.3193245411863
22457,263.61258326997256
22458,249.15346952708384
22459,291.106707443609
22460,283.5499051106457
22461,286.6284969528538
22462,33.865342592029094
22463,310.77303410688563
22464,263.53298062342094
22465,-3.332380809173479
22466,258.6361458818556
22467,61.085877305521024
22468,307.372864363197
22469,53.344658311704904
22470,265.5362723663447
22471,271.4383530693516
22472,21.734096411599822
22473,312.5352517030392
22474,260.2349693770319
22475,60.791784258708105
22476,240.668914894305
22477,258.31479483905923
22478,41.60601154581539
22479,285.41262229320074
22480,252.58721544042547
22481,254.92535051741518
22482,302.5074787609451
22483,40.85217538531754
22484,288.2189250052068
22485,22.48717218554907
22486,240.58198792785734
22487,271.6940640814953
22488,274.6864437605734
22489,278.89668732564695
22490,310.17360529308337
22491,252.72328174615964
22492,285.25251103004905
22493,254.25454897568176
22494,19.074515327680018
22495,274.5268353879403
22496,60.26286237541734
22497,307.7570479423388
22498,291.1237335838368
22499,261.41961754352224
22500,34.34020036754035
22501,277.4035905315576
22502,282.45197811563185
22503,316.03428405994896
22504,262.011414568569
22505,15.214930109372332
22506,264.5437239128273
22507,270.1633647781773
22508,253.3848932154144
22509,249.12194163697927
22510,293.7393182144817
22511,308.07617867576664
22512,293.3140301729339
22513,263.6898240054096
22514,277.751121033878
22515,281.3680426716643
22516,42.81113067877581
22517,289.72176048606457
22518,291.42447455595686
22519,78.84229787867264
22520,301.21023462298297
22521,270.7393259524092
22522,274.3538677257609
22523,245.6278337399328
22524,296.42641772411275
22525,37.30138839996033
22526,43.23748364031792
22527,290.64259485980324
22528,279.9498710487091
22529,40.58473220203058
22530,236.06990280816368
22531,64.43209761550935
22532,265.25612426897965
22533,20.434315044511024
22534,36.50630969594329
22535,288.6446975950788
22536,270.8686063001892
22537,277.4773396062469
22538,285.0619202444007
22539,272.63683165570507
22540,34.00253901023376
22541,31.7413219728046
22542,37.781224472774085
22543,47.90950488543422
22544,44.22728048856172
22545,273.3332210216198
22546,310.9418031251555
22547,261.4880181515174
22548,293.1273160241642
22549,317.18927962746596
22550,289.88675715244307
22551,269.43174766590727
22552,26.333121897993948
22553,37.29529135461655
22554,294.2082514864818
22555,52.67751646211482
22556,41.40340873214882
22557,259.8203082938369
22558,261.45143776954205
22559,270.9202742102393
22560,294.1429505454376
22561,287.5617031337214
22562,273.4234010255941
22563,29.66514426535454
22564,275.1611104112071
22565,264.79086693230425
22566,278.9161426623927
22567,257.05138657383225
22568,-14.07782016240769
22569,298.280998003189
22570,51.6762191565177
22571,265.2402461162758
22572,43.90665230564608
22573,21.937339997822903
22574,292.0425225529534
22575,287.5885829139572
22576,269.261839230437
22577,288.0185773972032
22578,277.02151664376026
22579,246.79241766527423
22580,296.21050000399686
22581,294.61217113077794
22582,17.59174720141344
22583,310.69895554079983
22584,258.3677660471459
22585,271.6450759738346
22586,258.77037099529497
22587,57.6754969852216
22588,14.703227619950297
22589,305.3407823502628
22590,300.7518866510307
22591,284.5383544565311
22592,31.91649978306262
22593,313.94458173537237
22594,271.2581482079037
22595,255.36104993063583
22596,2.3235242310067292
22597,318.65236440578724
22598,240.32226673060387
22599,13.057723580773754
22600,31.319279095308502
22601,265.306539219642
22602,19.98399742165516
22603,268.25426711590177
22604,285.44168923172447
22605,297.383674641426
22606,277.43796476810184
22607,289.0782460898211
22608,68.79638739782709
22609,273.76914343315065
22610,289.75030986374645
22611,309.42459730215194
22612,283.3315454507578
22613,17.53288621963202
22614,293.0679570279437
22615,270.52356516678884
22616,284.3736778113707
22617,275.04844638595637
22618,280.5300395893652
22619,312.60912993682246
22620,253.8066821738634
22621,291.4302011029739
22622,35.66900403682388
22623,287.08374613993084
22624,18.943110933466997
22625,249.89488399624787
22626,283.894215200648
22627,51.92302582360179
22628,52.961356231225295
22629,271.06879960084336
22630,291.2051934588111
22631,279.7119611898233
22632,302.9519738647503
22633,28.41703671504112
22634,293.2870213010082
22635,38.16656230074244
22636,284.6081382755366
22637,273.55210194096804
22638,31.925297133568307
22639,265.9177109278154
22640,36.89565196863833
22641,279.6169693753352
22642,263.0369833152214
22643,6.859803578376699
22644,268.2922693513566
22645,309.7152198959717
22646,275.1498081011097
22647,42.48373657397346
22648,284.3099694318845
22649,251.72118482284583
22650,45.94105850139917
22651,278.3049569400413
22652,275.1913185022555
22653,325.31106556936913
22654,271.7204620839134
22655,297.1583651242422
22656,321.0012377885703
22657,241.56887736064058
22658,298.5304838751897
22659,290.4050733094348
22660,318.1289023547234
22661,277.03106171046517
22662,285.97755116935434
22663,313.07053980504764
22664,43.70861937303198
22665,36.08532143022464
22666,30.253734670244853
22667,280.4917655542539
22668,305.6477561454329
22669,271.54431406912
22670,34.44835545105357
22671,35.98969558641687
22672,274.6980323508048
22673,246.72168150287916
22674,282.16522053832125
22675,62.2867714940798
22676,4.848096840724679
22677,240.4914207589305
22678,269.81629804939587
22679,70.28130427089286
22680,275.1913665713829
22681,38.068067436208224
22682,269.46587864524423
22683,286.3462363910702
22684,277.5207990989828
22685,285.69486194844177
22686,292.01827166602595
22687,274.56086718868846
22688,319.83048797146733
22689,287.0224018497927
22690,287.95595039476814
22691,278.42264043974603
22692,39.239851749757776
22693,297.60768661795
22694,272.16658050322326
22695,286.8725355689228
22696,57.10438421267588
22697,295.5195859137904
22698,308.8189829095916
22699,65.30011774688222
22700,283.6660498594822
22701,276.03374707565877
22702,51.99735691638057
22703,293.6374977151745
22704,296.0295410903693
22705,301.40310859172246
22706,-18.912030141452433
22707,20.08808306265962
22708,53.17109978175628
22709,69.01714378786536
22710,318.70629888239193
22711,291.35740331382755
22712,75.10017826136641
22713,277.0736771209846
22714,270.3279136615735
22715,272.4650093680932
22716,297.26719322068914
22717,256.7095334587633
22718,301.8013845386556
22719,314.9997659235229
22720,278.28567195949665
22721,50.77172556666213
22722,302.2271222632927
22723,296.6938999362254
22724,293.4543904938923
22725,281.58750748195615
22726,265.78461231549
22727,308.1005783745958
22728,290.65464599411024
22729,277.58764166859646
22730,256.1635886499532
22731,276.85898348021595
22732,242.33364723813241
22733,277.33120822623994
22734,23.131337105604885
22735,43.692880453956974
22736,257.4465112966561
22737,44.401929392156404
22738,40.46342639523019
22739,267.20951222310646
22740,267.6941622701106
22741,261.57922869706215
22742,317.4778022741808
22743,22.584813591403275
22744,290.08161476130124
22745,294.46819543658194
22746,259.99336595324917
22747,281.5164190959893
22748,289.5091202876968
22749,304.5279295731677
22750,291.0562763245849
22751,64.33335805523447
22752,289.2641902704131
22753,301.72612856027865
22754,289.7123233561793
22755,268.7389637099398
22756,301.9349456341525
22757,281.0700330362575
22758,273.8961899997655
22759,238.2489955590811
22760,253.25355840942774
22761,281.6917931086388
22762,259.09751872502164
22763,254.27058400923428
22764,12.74360406153437
22765,1.795522411729209
22766,272.69215542662005
22767,16.764108179802236
22768,16.028253752043497
22769,310.1683627645806
22770,295.877975855568
22771,285.7683311095869
22772,280.70961387394743
22773,297.4496833381643
22774,289.6594742233249
22775,25.939244818205637
22776,26.16480462265784
22777,281.1207908215991
22778,275.6567014797139
22779,288.3745281790407
22780,59.37651856281613
22781,44.49695973957
22782,250.8753689809518
22783,276.8859715427851
22784,263.8715150065129
22785,267.31351487165375
22786,295.3803446766899
22787,20.15258918175435
22788,266.5985470409264
22789,283.54351302096774
22790,304.3677817417064
22791,257.7332779974713
22792,3.2064899959883917
22793,8.18386956554967
22794,39.4506652139259
22795,273.1318959504367
22796,321.3163950813933
22797,258.2747641160608
22798,37.04833268928195
22799,301.3106770276029
22800,37.18115690898148
22801,278.2042369736989
22802,273.19374453015814
22803,266.41750802208355
22804,52.88145723189197
22805,303.3591991350323
22806,265.01037174680107
22807,266.42149739162073
22808,277.1018329855042
22809,280.5572617619209
22810,60.86568958630909
22811,255.64220736568294
22812,268.6653437878842
22813,252.82159057415174
22814,285.2074263180889
22815,253.49027181593712
22816,284.8534621029187
22817,58.54175797132754
22818,31.32633657303336
22819,60.916315603257374
22820,266.40995568397386
22821,253.72081532778148
22822,279.02155226108556
22823,289.4646097599041
22824,12.424303577332282
22825,306.26256781621015
22826,309.3577165708633
22827,263.77632766298524
22828,275.80877347921444
22829,35.2996794782357
22830,257.03099002274564
22831,32.426528190150066
22832,53.008266888132766
22833,303.7201137255774
22834,272.1979285560256
22835,265.0760377994394
22836,281.4239084118923
22837,282.37225405125247
22838,266.56467288886574
22839,293.96537780405964
22840,305.0038945377647
22841,3.316483837666354
22842,264.89153718667654
22843,274.7729876756406
22844,254.37975669955873
22845,260.1460467256096
22846,267.99896824192615
22847,9.456620561514995
22848,256.57357194646863
22849,272.56097401628904
22850,264.23590490443166
22851,259.5327626069939
22852,239.75071785470726
22853,256.2306564577892
22854,8.538081465603724
22855,254.03597779267471
22856,285.54084611595897
22857,42.209241350433786
22858,30.124873252464056
22859,280.4054284999932
22860,255.56972913030975
22861,47.88481242829769
22862,35.76874817473049
22863,238.41585978025427
22864,302.23738762188634
22865,38.3374892864521
22866,58.66364747529849
22867,33.56824168482768
22868,282.483608890198
22869,53.264024070737605
22870,277.8706744427933
22871,253.6528419844003
22872,279.6482344778186
22873,256.5461134311175
22874,42.70827193729082
22875,290.46177295069714
22876,256.83797748405493
22877,56.03560145961612
22878,53.25569565622007
22879,274.75726533572305
22880,19.510121761138095
22881,310.8755351551838
22882,281.38331829925863
22883,252.01601493639242
22884,48.52842427550857
22885,265.4931612278713
22886,23.494387657782582
22887,31.57692461594243
22888,43.762776353920145
22889,291.65486866964477
22890,303.47480816505885
22891,282.5128191893217
22892,269.0189188989642
22893,270.5644000587458
22894,72.38391302683942
22895,34.35671081495033
22896,279.74189193928675
22897,57.05707847412259
22898,47.94084396334799
22899,30.271445206437136
22900,276.8285667661387
22901,272.6474281105533
22902,54.39892529830175
22903,292.04900760497054
22904,47.199667427717145
22905,275.90199191207273
22906,279.66333468783785
22907,275.68522184197616
22908,253.0566853791652
22909,290.44422089808444
22910,20.758796886456196
22911,277.71748067052926
22912,267.690914651196
22913,285.62399955738385
22914,285.30915831052107
22915,288.011214510747
22916,272.6563526156896
22917,273.1804645747539
22918,257.8321716891365
22919,40.867120476341285
22920,263.067432052796
22921,246.45549762271617
22922,283.1039716891737
22923,41.16653309815726
22924,38.21722096761724
22925,280.5033389082706
22926,268.9580457534619
22927,317.5863840096339
22928,273.4834440452242
22929,284.0269604392483
22930,81.67384919204318
22931,21.290817978644014
22932,14.75768046566887
22933,22.676787850168495
22934,57.1836740258766
22935,61.535848616189384
22936,15.421816156098117
22937,20.348207614596106
22938,37.56399534687671
22939,16.09196105431971
22940,60.500736868899395
22941,64.39258109122153
22942,44.2488026187375
22943,257.20255189081587
22944,44.80183377459744
22945,284.70746056314704
22946,51.189641731613705
22947,241.30011123591268
22948,269.5919487457107
22949,52.28957799388934
22950,45.39487156730422
22951,23.651365771669873
22952,288.16001251002785
22953,16.506681029155075
22954,297.65859383339523
22955,37.09861239766556
22956,266.58250122908237
22957,252.07175584475002
22958,274.12281870160814
22959,249.11160263144373
22960,255.34359150956655
22961,286.5121475104448
22962,287.9496212473459
22963,254.79313553407752
22964,44.86103588575395
22965,293.71533914106595
22966,269.26191019472026
22967,17.075330575986044
22968,260.64740755647176
22969,278.5298676386144
22970,38.575720339595705
22971,282.574593107095
22972,-159.65401800526956
22973,40.29965907200966
22974,4.729910805670812
22975,273.3484473250403
22976,287.94376093471465
22977,267.65345591361756
22978,34.831829791462155
22979,8.992979734513995
22980,-92.57900822850937
22981,53.041658087046045
22982,44.99903585967613
22983,51.493550677213136
22984,12.815050236734436
22985,5.277100647786597
22986,277.46252002482566
22987,1.7996632941791972
22988,279.26652963427284
22989,36.46729565925207
22990,289.9841821634158
22991,282.427773415213
22992,236.68060717760218
22993,263.1198255432927
22994,7.675705752819795
22995,17.974730980604633
22996,19.593917177428636
22997,11.034236066474648
22998,29.100616971118058
22999,64.96714552879303
23000,246.11076562555118
23001,51.948561963004465
23002,20.21291180307132
23003,252.10502464165938
23004,21.532098916125705
23005,-116.54357000606447
23006,21.868786853244515
23007,20.837840929453648
23008,281.2179118705228
23009,11.6780948622404
23010,-77.86939087912313
23011,39.84050957805249
23012,37.90380890657201
23013,284.6852271416751
23014,28.790034545087053
23015,23.448598571325135
23016,29.638143618935715
23017,253.0936371258092
23018,36.35916133540303
23019,-0.02409838080191662
23020,-0.6924775013546878
23021,279.99932499493525
23022,33.74075671923336
23023,268.2776343389851
23024,285.50801273059875
23025,20.468597558713498
23026,-93.56000291054463
23027,18.15941622935206
23028,21.907085067433982
23029,-179.7093108586352
23030,35.44686948970349
23031,35.21441500805213
23032,272.50764212557345
23033,33.443865975722304
23034,8.921727839169662
23035,5.522381434984638
23036,3.0872886979815632
23037,37.764645791783465
23038,15.072676704599743
23039,10.557341975395275
23040,265.2674011657576
23041,5.698258375679345
23042,27.7124749430628
23043,12.059355431608878
23044,-141.92321791182107
23045,-128.27478888810356
23046,21.938443775637808
23047,6.062239446014004
23048,59.70195307492395
23049,-141.36264646535972
23050,15.485168470006698
23051,25.396773920013473
23052,34.02387032116377
23053,260.5374341613086
23054,53.35491401107552
23055,25.278703119218463
23056,-129.6121670930723
23057,17.2736357293454
23058,2.701512507816261
23059,256.44542156306795
23060,27.289251709904548
23061,34.21498518409882
23062,293.7454195225526
23063,20.23892251225658
23064,22.634325394068185
23065,-139.1668744998043
23066,18.218159060940422
23067,-143.07321875908744
23068,28.146645765561857
23069,28.062828499587113
23070,8.685061483897016
23071,15.520941063147404
23072,16.901295611090163
23073,13.270950249733005
23074,14.903585389303132
23075,250.66129529702326
23076,58.34554975789368
23077,42.28559510610475
23078,8.540703115259348
23079,47.13452517171626
23080,27.86969195437679
23081,268.73233962727204
23082,49.03733338858882
23083,37.91384636074443
23084,16.86414747533601
23085,5.352477839046969
23086,-130.97650860568538
23087,17.092233783881596
23088,40.96299433113083
23089,30.649898155448994
23090,17.876017601680473
23091,59.23374332455555
23092,36.14803711504558
23093,249.91577182275333
23094,58.6072909285314
23095,28.289638272025115
23096,22.150467064278033
23097,8.20124201515408
23098,269.0649777103987
23099,35.60745077183111
23100,26.957913914255897
23101,38.493335417037
23102,57.282497187915226
23103,21.562869050426855
23104,43.54773924331073
23105,28.525390203429936
23106,49.16981263752689
23107,46.234089086621765
23108,39.86642312271485
23109,17.45597169034916
23110,12.141609902276429
23111,276.5178486411083
23112,77.37289710017888
23113,-119.6764083442717
23114,268.4257943463291
23115,33.094375389118085
23116,52.7694299583429
23117,33.934376819858215
23118,21.89731453027207
23119,27.39308734693924
23120,57.18652612663698
23121,287.6804113209996
23122,32.0123762901338
23123,41.416462549004194
23124,275.0672939768731
23125,22.56206242138957
23126,281.08176359457485
23127,30.49417622525374
23128,52.755016531864726
23129,18.63024434832431
23130,51.16150712463576
23131,270.6257439741476
23132,55.549125838471525
23133,54.04806270068386
23134,24.48178145053747
23135,44.4850379308763
23136,287.48972263317864
23137,32.470687686879444
23138,40.408878082458216
23139,30.99947253087805
23140,23.00922907034449
23141,45.07399823055178
23142,33.76062405426825
23143,-11.920487268663607
23144,277.38780696658046
23145,252.95942855178254
23146,5.828328099183366
23147,56.563341211987876
23148,-130.8191476919514
23149,-3.2251236348086536
23150,43.54295198631942
23151,27.905801425570175
23152,-108.04774721868662
23153,35.540087564196
23154,55.254181978662274
23155,61.5924305145393
23156,87.32945941390716
23157,44.46250818400378
23158,23.87870327249864
23159,266.3975008844958
23160,29.502099279564987
23161,-4.7566714520635855
23162,58.30366833119672
23163,37.62034828497099
23164,19.99175630461592
23165,43.047289772290355
23166,26.92216236962645
23167,257.9030025946022
23168,-165.80855945112518
23169,22.9726162753975
23170,-128.5472143496713
23171,59.0868567798299
23172,-124.13159113616751
23173,49.08526037799999
23174,40.79639497306181
23175,36.82080557080229
23176,32.75678716282388
23177,30.02605854721935
23178,289.9227323802477
23179,267.35963313967903
23180,41.68410161647955
23181,22.252891154610708
23182,43.98964908670138
23183,51.34981657046666
23184,37.71295615407607
23185,275.4432550094288
23186,287.799361857059
23187,33.1596081032292
23188,24.993859650680946
23189,30.088582524547377
23190,27.903565348477713
23191,42.09691696655895
23192,50.523456549110506
23193,34.59725437570751
23194,71.71980123522573
23195,47.549211380598734
23196,37.428113635799264
23197,45.15394583778772
23198,262.94163535408734
23199,277.46591606349637
23200,251.93790320417625
23201,260.23372867526245
23202,66.28473652472056
23203,286.12269472002833
23204,39.759242178543644
23205,46.73064501450634
23206,50.817045376402234
23207,48.064278096903934
23208,37.33687503579634
23209,32.448785186315064
23210,41.486974074384364
23211,47.79001193294471
23212,-124.99674109602904
23213,64.93845786280755
23214,47.17526311665159
23215,51.669737518558975
23216,12.294121317258856
23217,34.83970741790063
23218,62.66001540687259
23219,273.0490608706279
23220,35.864088235508575
23221,8.933826698539008
23222,-129.5711690574683
23223,-143.04771812014587
23224,280.10142533299074
23225,48.59728586015399
23226,-3.901071269500733
23227,62.06809795847474
23228,-158.44170040971812
23229,-141.33001193040897
23230,45.55530662523688
23231,39.35180488261162
23232,296.25923452234895
23233,59.87002355270582
23234,266.3861710299031
23235,264.84667475473
23236,-162.03087015407084
23237,16.142881153409107
23238,268.96709704254
23239,33.78175421425121
23240,51.13621644535422
23241,280.2990515479935
23242,45.185582554098715
23243,289.6563041509608
23244,49.90421249080566
23245,16.112095038662176
23246,49.447447245675306
23247,279.9587200218739
23248,53.089556521616515
23249,55.76499581991419
23250,284.48687701066467
23251,19.562913625293973
23252,37.64405964535351
23253,271.8679482843538
23254,44.92689673321223
23255,66.23606240604039
23256,22.49173798174168
23257,-0.6994277398792121
23258,273.3770345644083
23259,57.45714226737542
23260,36.385591096622505
23261,14.109238201297785
23262,258.67095211352324
23263,-74.82254768763846
23264,47.17681018582374
23265,48.77162172637463
23266,-24.907613655090216
23267,38.96392067504027
23268,33.97600147448338
23269,259.33198846982464
23270,4.579667866949066
23271,272.2219088553439
23272,274.74948292753743
23273,53.44983728767161
23274,40.80733503324373
23275,273.4961451513768
23276,-15.025530167541191
23277,274.3524770293648
23278,62.20884793417605
23279,263.542391803496
23280,74.62047851510206
23281,39.85191048969398
23282,28.054875505108896
23283,45.929623861862524
23284,27.369961032253457
23285,26.681528509528505
23286,27.038897569383494
23287,-18.42300068170971
23288,29.76820770687459
23289,-28.485466792644104
23290,30.145800541927088
23291,48.22196101279289
23292,68.72803648280484
23293,67.93489370953787
23294,282.95367617284387
23295,0.8887704695940499
23296,289.2440077889928
23297,33.89663838598031
23298,281.67184697288263
23299,256.48568474258576
23300,29.148328501539652
23301,275.4430864754386
23302,271.1840296271159
23303,29.115182562234082
23304,5.696543700265735
23305,298.03480758452406
23306,48.84901342285983
23307,38.75126963560149
23308,-25.640408314859016
23309,263.3106123796896
23310,-54.190601341761216
23311,21.752595678304857
23312,51.02333963900102
23313,23.399735304512035
23314,265.94013041536414
23315,266.50675797779445
23316,258.71659598532653
23317,44.151360470206555
23318,21.075417219508296
23319,-10.55059831692337
23320,52.31953705846735
23321,283.54138872928365
23322,260.1871188454436
23323,34.034805795808296
23324,20.654043229501994
23325,265.9703128358512
23326,31.579409098512002
23327,31.571380962061454
23328,272.8707152289217
23329,295.4427955085552
23330,21.801527482193052
23331,-110.85084931324714
23332,17.880448384922914
23333,27.426871536185217
23334,260.0617959723059
23335,40.58426290564091
23336,258.34751647889965
23337,263.5500527397345
23338,30.94175474366196
23339,10.671604428201746
23340,274.12967162755797
23341,279.0031237562683
23342,26.24126091422157
23343,274.4154016424976
23344,21.031089156161528
23345,-33.2610720773682
23346,28.244714160790323
23347,44.126263955107504
23348,55.823329801622435
23349,-13.882300145213506
23350,16.65627018490629
23351,246.91622474824104
23352,268.21582109282974
23353,286.486341422377
23354,262.9587340263887
23355,42.38698806016532
23356,287.4173422110785
23357,293.5826744799633
23358,244.4692048809249
23359,279.54286826954194
23360,56.59620548661161
23361,267.9987304386991
23362,-2.7545736822735023
23363,62.77421598181934
23364,268.69812764106473
23365,61.27237333428337
23366,247.85361076299233
23367,277.9984907229258
23368,278.52433067487885
23369,33.77038289279366
23370,23.015368482274
23371,244.5820534060224
23372,32.48523191009417
23373,279.6576068305951
23374,37.973742034431325
23375,63.30162158581169
23376,-16.747576029607586
23377,286.30769328337885
23378,39.00888461786289
23379,33.29489297453375
23380,15.102745030736216
23381,276.9227148761196
23382,34.77074527148602
23383,17.894282362041764
23384,27.821608322204213
23385,250.7681833554816
23386,234.90660260119944
23387,22.133127774593433
23388,286.187606017499
23389,264.16866725081593
23390,39.17431561150178
23391,35.2908866745511
23392,248.00446179315898
23393,263.86435117961383
23394,39.46689979694432
23395,37.059945545593536
23396,51.273919509721765
23397,45.57557581560039
23398,13.911859070951394
23399,48.059741825225046
23400,49.28281317069377
23401,48.99360916006819
23402,250.99905371456643
23403,32.72935750601562
23404,279.03627139947423
23405,256.49760444447145
23406,40.304547840107944
23407,241.55472214986298
23408,238.39039613389488
23409,253.7902540531509
23410,279.724686483031
23411,297.72285360287447
23412,244.58523923495008
23413,305.9732244572614
23414,24.497450754672684
23415,276.54288803936254
23416,291.79455719925795
23417,288.26636666451134
23418,289.4758052139231
23419,181.07939575838176
23420,248.94913308195174
23421,241.31111202876275
23422,273.02826421281634
23423,26.126678975702774
23424,33.94800039632344
23425,316.59573788751214
23426,226.199359246176
23427,296.6415171010268
23428,275.8589979148059
23429,54.241912127202454
23430,282.18025504115155
23431,250.1471693739491
23432,301.84003965157245
23433,279.47547850456306
23434,298.81103030573183
23435,293.8694107604291
23436,244.8264391821618
23437,251.38198785468666
23438,45.52566790923743
23439,234.07194162235214
23440,28.48822211564078
23441,277.8086950936911
23442,261.62045802945045
23443,272.64322352663055
23444,319.257152607915
23445,272.61565078110743
23446,277.4336545052886
23447,230.97615944319702
23448,294.164837191497
23449,289.66290319008084
23450,275.29942231113694
23451,51.1048420584103
23452,317.8447673612386
23453,310.06071791152
23454,252.47293719036142
23455,264.96341821764895
23456,315.6370213211657
23457,262.8366525420789
23458,85.43504547839993
23459,280.33000120278825
23460,250.6474335252267
23461,235.389898960348
23462,259.5826982646755
23463,277.1258722475196
23464,303.6511242720924
23465,71.4015898149531
23466,293.04231147550365
23467,53.67410002779437
23468,218.19439036190604
23469,273.32719049227074
23470,249.03273233503188
23471,292.66976853494623
23472,5.197728715992071
23473,269.24882233756836
23474,31.39661721910801
23475,310.002709284764
23476,276.57725062623115
23477,284.911668026656
23478,317.5657108988303
23479,307.83069661632203
23480,29.8726334408895
23481,290.65130031729745
23482,247.3266208957031
23483,273.0126028620781
23484,76.78434709189867
23485,307.9536928767094
23486,48.6890799392026
23487,294.4520311293558
23488,38.9986710177204
23489,267.8211036262978
23490,300.87115704476935
23491,256.9241075312002
23492,280.4451964593298
23493,246.05928011433
23494,259.6436957592106
23495,310.65015185865025
23496,211.39114359522543
23497,278.2321406109812
23498,243.0349472203054
23499,244.44787499342925
23500,251.27237554959981
23501,307.66935773270677
23502,62.185343621720364
23503,201.58196708741812
23504,259.1309450918018
23505,271.06670882911305
23506,250.77129702763764
23507,194.45168265253466
23508,277.4113954019929
23509,282.5556851140782
23510,326.0064799235721
23511,56.39352006174343
23512,301.5058230343176
23513,250.2031160129245
23514,200.63740304973425
23515,296.0577133118235
23516,288.0055030793997
23517,226.42892733383607
23518,215.77244676139748
23519,232.0501841682783
23520,285.9930951583169
23521,232.81978229174263
23522,226.43060623856002
23523,251.84801320499398
23524,240.8896089937407
23525,286.0101728112513
23526,279.9310095509203
23527,238.91045513077583
23528,260.6656523827586
23529,299.46442733528215
23530,288.93014180869534
23531,253.576962925719
23532,60.80205123131199
23533,297.9860863817395
23534,200.4744776095776
23535,251.64803356035222
23536,245.79089011773024
23537,287.35602519008097
23538,299.51207712619527
23539,321.49688719040444
23540,269.67442999907587
23541,219.37680459981402
23542,277.7806627683641
23543,304.61448821825985
23544,291.79731341642264
23545,213.59514471430694
23546,206.46776381766216
23547,300.7472043365389
23548,303.6567781194621
23549,255.76540793309786
23550,288.21539218196926
23551,320.02773072229206
23552,255.11076968722813
23553,203.13097351079966
23554,257.90706645827674
23555,60.01420216607218
23556,205.4773857472635
23557,278.43707226401955
23558,267.04399764937716
23559,240.38256292327551
23560,260.1899953143775
23561,224.77162014166817
23562,319.7524584060708
23563,258.205479340782
23564,72.00258652050942
23565,274.0596532780288
23566,286.6711324768046
23567,268.14559483429616
23568,299.12590359927947
23569,55.656478741079894
23570,278.73130418943015
23571,67.43926010275825
23572,262.27830035022805
23573,235.15032543422782
23574,301.8915380965989
23575,36.465029735271486
23576,228.06765753446717
23577,286.58208939234237
23578,51.56870297934216
23579,295.29913678977687
23580,285.5622516242022
23581,229.2044951336302
23582,276.49327318321326
23583,279.4061838367932
23584,210.80723490529329
23585,265.83863638754366
23586,271.65490130295683
23587,304.24554143903174
23588,237.0081554860562
23589,199.72730262849512
23590,50.91611269664807
23591,241.19960601623276
23592,269.66423291652376
23593,205.42289053366554
23594,269.26672323770924
23595,209.92182321308667
23596,269.0137961711118
23597,241.034176202872
23598,171.29241940080607
23599,309.5573318400169
23600,60.1508361372461
23601,70.94622184483842
23602,26.061840450780977
23603,277.3087142443085
23604,231.82181254442068
23605,232.33818161091233
23606,252.73401640858057
23607,193.94890455865738
23608,254.62145247002297
23609,278.4338217946936
23610,233.59867799596012
23611,195.3815854036088
23612,281.4127280599962
23613,282.2775788068953
23614,274.2819640241994
23615,78.88539611254018
23616,169.1395405863637
23617,45.54751824797026
23618,49.310014677409214
23619,11.346149941362896
23620,43.60976402403611
23621,-3.0117309266283883
23622,261.2865704536995
23623,232.02887920420477
23624,70.43814665117
23625,27.00167049733436
23626,246.22481743510315
23627,275.2578805709469
23628,22.61065010913046
23629,241.9824196374608
23630,226.03772292246668
23631,241.14807959118195
23632,254.20165406167382
23633,284.36794402646734
23634,47.98878027057435
23635,264.110414457478
23636,18.172690406535708
23637,-1.2695729761778551
23638,279.0328443371488
23639,291.14514505426246
23640,269.8393929412456
23641,297.3800890009896
23642,202.89697233665902
23643,63.53097631984727
23644,279.49709700319363
23645,264.06379059314594
23646,293.1558844873215
23647,235.95439727239886
23648,245.98964938344636
23649,263.19922471630696
23650,272.3400557599055
23651,53.179030219159955
23652,223.4401797172491
23653,296.8195843203919
23654,280.3136620803751
23655,236.25094090553048
23656,-3.566085356150353
23657,274.0249577942237
23658,303.9874559877778
23659,265.5514081862313
23660,228.8423253548725
23661,230.17719413165364
23662,230.0414412321183
23663,282.58237606533413
23664,1.9247631651863486
23665,243.70735110024367
23666,210.97666463029736
23667,52.56093514799326
23668,305.0249915262639
23669,261.34957683883863
23670,4.501986511106722
23671,-6.220236456453989
23672,243.9550548926218
23673,275.3296740885037
23674,246.6726814921529
23675,254.35122422076188
23676,250.10265548103942
23677,253.32191755432456
23678,221.63688328260145
23679,-86.34234493639511
23680,293.00172775410755
23681,-5.636565522656056
23682,258.93882519746023
23683,258.7295771327968
23684,256.15217339028845
23685,1.4659105560544248
23686,238.94785050530163
23687,-59.736785999383414
23688,33.2654471644104
23689,228.69999568563242
23690,18.538782748233345
23691,263.58280539451374
23692,268.7604971643065
23693,292.2469715848348
23694,264.6827748182309
23695,262.6619025926551
23696,-67.2703935981293
23697,22.6291455264505
23698,11.036425513740326
23699,-10.21236454504816
23700,27.40784049525263
23701,247.09941004226374
23702,244.76321527660906
23703,-51.56667558128246
23704,135.3252657030577
23705,285.31975103311595
23706,283.86692123450837
23707,22.372097581527314
23708,283.55932898528215
23709,13.635028618983284
23710,269.50689132715326
23711,249.64972377169343
23712,202.57764968425937
23713,258.31515928566205
23714,12.992896693373112
23715,263.32071571246354
23716,266.6796313672709
23717,-41.835723056055286
23718,-39.008593490722504
23719,275.52198539012295
23720,265.6911767579414
23721,256.2709944688475
23722,245.01627213889955
23723,267.4022752990657
23724,32.65492596161707
23725,240.69455827612182
23726,21.29679113522063
23727,262.4816474591522
23728,14.768112842217462
23729,249.3948151414117
23730,278.18239614296243
23731,-11.66700283612711
23732,60.69102500892896
23733,23.498924332958097
23734,18.928503632079753
23735,286.1776869896976
23736,272.31616498112226
23737,258.3702536859937
23738,252.2985985960068
23739,254.28046833414302
23740,272.7777931401061
23741,264.2081806341474
23742,22.51206083796852
23743,281.2076168695239
23744,247.29818583385872
23745,243.8144042951999
23746,274.5963978106813
23747,224.77160583077713
23748,267.6487052436137
23749,38.54840220797928
23750,241.0750029239376
23751,298.608915815116
23752,245.06324591364836
23753,253.6616678271434
23754,37.70859342861314
23755,54.46506551546025
23756,228.17064920506405
23757,240.68261007107634
23758,256.9280416689459
23759,284.5509480289279
23760,237.66393757754017
23761,247.77308786341484
23762,268.0001548931774
23763,32.59585241486914
23764,260.82359257890045
23765,239.18067920113955
23766,38.64438420186258
23767,28.275836136122678
23768,253.68798588248683
23769,253.66294242694295
23770,49.526033489451805
23771,233.98938998358935
23772,291.2288963462123
23773,253.56224551895673
23774,29.14835278352163
23775,32.455279619536014
23776,59.99040064444995
23777,258.0457092770778
23778,260.37330447467525
23779,42.026338526173504
23780,15.817190876465276
23781,64.71805271186665
23782,8.126078662725376
23783,29.57320131353481
23784,258.5060208380422
23785,266.3647857280261
23786,34.56021478764026
23787,44.85513116565329
23788,1.0715298065141923
23789,59.514516135015896
23790,313.1089407116662
23791,309.81455218542834
23792,41.06698581378478
23793,9.754767625008625
23794,16.650825035237133
23795,35.49076488168086
23796,260.92357344337734
23797,296.0693208913787
23798,36.252033230817176
23799,34.75006801625011
23800,44.29184337317727
23801,282.9782206526695
23802,47.631758719358174
23803,224.86844371935825
23804,24.19994515019053
23805,4.983856141930801
23806,42.85777991283061
23807,235.75935872818107
23808,28.825054032523383
23809,253.67959951751064
23810,263.13225735827695
23811,14.75406383001149
23812,11.339428208812038
23813,43.19136179371068
23814,253.82643151656382
23815,272.3679214650787
23816,23.27250118360081
23817,47.031777500467
23818,37.02426175806485
23819,42.913183621480556
23820,212.2753314979791
23821,241.68931392845874
23822,34.30829904848477
23823,72.91155858441408
23824,270.7369173179243
23825,263.8537461351763
23826,53.23674080280094
23827,284.7919409752831
23828,292.82667612762435
23829,27.14403007786521
23830,276.89404023426897
23831,33.20252473951771
23832,23.50968775000051
23833,40.227209211383865
23834,43.274820715665754
23835,12.294216640581524
23836,245.73505299495673
23837,250.06415670814096
23838,35.67643208521707
23839,233.02067704796897
23840,270.65722246361236
23841,296.88876500971287
23842,238.44106815703842
23843,19.439050300720794
23844,258.7257192809981
23845,310.38152094579993
23846,42.08654043078732
23847,15.649391612021631
23848,266.45163460810204
23849,35.52916634370402
23850,18.349543582323633
23851,256.1715462383528
23852,21.257630042001082
23853,268.21786383084907
23854,240.5955905518477
23855,26.351451854218936
23856,23.920871350785234
23857,252.4901879910589
23858,262.96043937300584
23859,34.16377101469817
23860,271.40945384410963
23861,273.86600998087954
23862,29.4688929011281
23863,30.65573700875487
23864,304.4840831588233
23865,280.8012804949627
23866,53.3086594204091
23867,30.591777462526693
23868,255.581879389945
23869,258.25568722230946
23870,41.47148890709133
23871,41.159389629547235
23872,278.16835608943694
23873,22.893658047985085
23874,46.410733575559306
23875,42.88569240886463
23876,254.48050513629713
23877,62.46920924650942
23878,42.83246706414835
23879,279.9844019644918
23880,259.97631911590804
23881,267.7115347106561
23882,240.76049382628773
23883,257.0677695047427
23884,33.580529771960926
23885,281.97688513117566
23886,54.146176359267855
23887,287.2723908339382
23888,56.46264223527214
23889,275.4904520430406
23890,41.21442796876866
23891,34.17116315175417
23892,255.9720936245948
23893,43.81129279525112
23894,298.1201594049722
23895,288.5063795575149
23896,272.9997652637282
23897,261.53169080654015
23898,289.5938051368534
23899,46.79413372047088
23900,313.69275528375056
23901,313.90992574556157
23902,277.76474089497407
23903,30.409532578540848
23904,286.34248268695865
23905,48.37335082355497
23906,276.31967494639747
23907,43.593975593275445
23908,56.46158809057894
23909,32.362859415008614
23910,291.73394351158237
23911,257.43805374613936
23912,71.89257837766422
23913,281.25116490118666
23914,53.7518265541911
23915,266.7069043824874
23916,252.51141105012798
23917,290.5811664339323
23918,287.12306351773873
23919,272.85126312647645
23920,249.47296398040473
23921,43.028731517083486
23922,19.437582283465588
23923,241.9202309957974
23924,20.248866160648973
23925,282.0582910684509
23926,242.18218271192447
23927,66.44668198985244
23928,70.39778220979537
23929,69.48641423311807
23930,298.0603236651216
23931,258.9281196202906
23932,268.86446147843446
23933,49.502483285004075
23934,261.2956656272198
23935,48.495595412882096
23936,49.85449206880119
23937,29.451692507735743
23938,243.72861613820857
23939,48.64907618570837
23940,264.1397406662961
23941,266.2388104051887
23942,26.09070101816866
23943,280.6186605744569
23944,249.3865010459396
23945,36.14562667518433
23946,269.7097953558196
23947,254.48636026468887
23948,32.06667264315561
23949,268.5202880453504
23950,62.56096570802154
23951,255.23548907012594
23952,287.0018937779837
23953,262.8538675330776
23954,254.87200816816684
23955,248.0245976404186
23956,256.0057741804508
23957,263.8940687570098
23958,265.9971799138991
23959,276.11586290576713
23960,33.80463041590855
23961,32.854985553912854
23962,66.76246105485544
23963,55.45456751393408
23964,243.48702362850676
23965,58.68745869132249
23966,267.82114217310505
23967,288.3511986725265
23968,286.94587736736935
23969,258.1747633615398
23970,263.1061785328684
23971,252.72815708579031
23972,37.61902894913737
23973,268.30663382251083
23974,241.411921608241
23975,43.46819591712375
23976,291.4554114612217
23977,267.1070749516284
23978,274.0519468251559
23979,275.29038380962555
23980,56.37788312177955
23981,54.54680468667212
23982,31.543687859744978
23983,33.40326317700871
23984,252.37006510645162
23985,264.81029856570655
23986,40.542468124918685
23987,274.89621480807426
23988,271.44269981719754
23989,291.7358959506812
23990,293.8110107971101
23991,33.82265501507848
23992,32.27880657034382
23993,277.2449668966262
23994,48.943729494833946
23995,295.39503472530373
23996,256.3866305585732
23997,53.36676182376456
23998,269.5067768242153
23999,302.8627785311567
24000,64.53861100231404
24001,279.9988954851932
24002,34.65500839927387
24003,268.68626012087793
24004,42.12770293808603
24005,48.92632331661167
24006,281.600359215783
24007,10.409826153439823
24008,257.21493013804525
24009,33.47508738409962
24010,250.36657498271322
24011,263.001290293825
24012,279.2640020285205
24013,280.7319322349573
24014,246.9277248654757
24015,271.50216607773393
24016,267.0739671187728
24017,257.19144449939796
24018,285.64039549073243
24019,279.4171238257596
24020,40.8616496804824
24021,30.974464080828312
24022,287.1961206705115
24023,261.66990655907017
24024,40.20875978163886
24025,50.84114385371694
24026,54.85751779437413
24027,45.79179726490665
24028,32.459584504310016
24029,282.7100994910779
24030,279.28595295169237
24031,72.31642130156777
24032,40.07786209066606
24033,266.83859822758393
24034,261.72803710793545
24035,230.0699259214465
24036,234.30141986206092
24037,11.672445519621135
24038,264.7340216404408
24039,304.56769571870177
24040,262.6830731581054
24041,265.54410282172256
24042,10.130497563538327
24043,18.103864396635288
24044,42.842789437838235
24045,37.75857324016087
24046,248.9419269405317
24047,280.7074527515996
24048,276.48648158675644
24049,35.81370458634072
24050,51.62905554144152
24051,41.453010366636676
24052,52.62996230516424
24053,44.187564888977704
24054,59.87823121953417
24055,236.80543643581402
24056,252.48748834852168
24057,23.16495177895085
24058,288.7142305283886
24059,32.91255306490726
24060,52.15712963241367
24061,290.2672291534839
24062,34.06999052319392
24063,268.29393284942137
24064,22.03591294017437
24065,256.1623002086685
24066,255.6120276367142
24067,247.17857674768496
24068,303.6296798548541
24069,38.516214708523705
24070,29.530105265489595
24071,38.43624890012259
24072,279.85533511469544
24073,273.6919901886786
24074,263.70836092125563
24075,269.8922983440518
24076,58.72603102904225
24077,41.750970285145115
24078,26.33078548848154
24079,276.2367495839304
24080,257.92685110399054
24081,290.74196597706236
24082,14.083646936518775
24083,255.6783920477286
24084,265.5091161243812
24085,263.4022701013072
24086,269.78910924329665
24087,42.14345409033271
24088,29.33107722753232
24089,30.730607850362247
24090,11.51420521498413
24091,274.93590426547973
24092,69.24444880795144
24093,284.3914213802567
24094,27.888868501016418
24095,51.85023588637105
24096,284.06591822540497
24097,45.929854114487796
24098,43.881711535519
24099,260.18958262284093
24100,280.42300677597063
24101,41.06636661804592
24102,-2.989784460059525
24103,249.3414568170527
24104,237.26776473843174
24105,46.032034487679624
24106,66.72917796194432
24107,64.77568292503301
24108,269.74113525732776
24109,56.8162122156146
24110,44.3826969261448
24111,268.1928405887327
24112,234.1515078628092
24113,250.8393894742613
24114,51.04063497484404
24115,259.352378938147
24116,246.80410347768841
24117,34.608205898932596
24118,21.616101999020984
24119,296.2301901061658
24120,267.5283452427209
24121,238.23720113873657
24122,255.3013259786924
24123,244.67521622867147
24124,91.34509358785468
24125,268.896962022244
24126,271.58100429524984
24127,278.1001409476893
24128,254.32453222062472
24129,252.57206290894433
24130,287.0472988192634
24131,252.24502286266454
24132,247.78512906364702
24133,3.266110121374524
24134,22.48813981071605
24135,31.01338620068134
24136,48.74780179055389
24137,264.27265824644576
24138,276.425394420688
24139,284.2972764968115
24140,281.1784410404111
24141,21.685971302181017
24142,67.66745037061492
24143,45.33451066291414
24144,63.41502070537649
24145,252.6266485907819
24146,269.36468461351615
24147,58.70555900900305
24148,36.49418662590867
24149,319.9638204248546
24150,287.8346179801996
24151,269.4960140023854
24152,37.11197328169766
24153,40.22738556302062
24154,277.39134524361316
24155,274.36734618494336
24156,221.3496855978882
24157,-13.694382605184302
24158,249.68453191739837
24159,43.58055593398058
24160,260.58250960307765
24161,239.24461420244018
24162,30.935789457904036
24163,37.151445544556935
24164,50.67587140676304
24165,28.160985922371083
24166,54.109111704840274
24167,245.84592995062113
24168,268.8929840070332
24169,245.69562563790933
24170,52.20945770849494
24171,248.79546889827083
24172,270.4880265153531
24173,269.84070029903114
24174,265.0383072258562
24175,39.08225063044836
24176,266.0909409536515
24177,52.38773747006974
24178,57.70519355027221
24179,26.962061301029877
24180,20.410421884110775
24181,14.93309459150926
24182,274.90029242212074
24183,248.95701574421844
24184,243.65107980653474
24185,280.9313669301407
24186,272.98723360741656
24187,26.465710425388778
24188,7.0364969211420885
24189,21.68124751575712
24190,-4.882249078314274
24191,42.760000619866645
24192,45.91628540120388
24193,-6.0515260197700655
24194,65.36002110201883
24195,47.408747413666816
24196,272.8748058894357
24197,230.08027704392384
24198,266.43119786670354
24199,4.600868459117038
24200,-13.676814600705754
24201,288.60558474936903
24202,290.1207699335404
24203,258.32765690461486
24204,10.802657411891772
24205,263.02345339615044
24206,41.87723214157086
24207,30.43131437997485
24208,63.026689062807634
24209,263.0129423582755
24210,86.6271665095052
24211,242.4316467054139
24212,294.52439499925583
24213,49.61232955490914
24214,288.0949824611955
24215,284.33110110958637
24216,285.0608398740561
24217,262.5665395321214
24218,239.27365849860263
24219,253.88037495517972
24220,266.610222061934
24221,32.312882289337836
24222,248.9299989378518
24223,37.68138166318522
24224,252.04800927384244
24225,46.201861574882
24226,54.120950938723524
24227,43.23267994696471
24228,260.31560820235325
24229,244.5347935279318
24230,260.58205637625747
24231,269.8437080691085
24232,17.748057189786905
24233,249.346440581985
24234,35.985264307891555
24235,37.374530003381636
24236,37.5863668083704
24237,50.650734237721394
24238,255.8525966817946
24239,280.8661154590685
24240,46.11809979425283
24241,284.30146883742594
24242,67.62505549622338
24243,251.1644445763891
24244,27.700286538177323
24245,269.10079209862346
24246,45.776713705106204
24247,19.244071334630576
24248,252.24266894137324
24249,11.032249595059582
24250,256.52826937732715
24251,250.92305555096297
24252,263.09691114797454
24253,263.32331789704836
24254,273.81037143567136
24255,29.545026858818318
24256,310.47895837018723
24257,261.65023942713026
24258,269.6108732939175
24259,258.4346295825379
24260,269.95320364394956
24261,245.1132949901353
24262,286.72529606074374
24263,269.358355967501
24264,260.1854139515809
24265,49.22879348116831
24266,280.5153093341103
24267,273.366542885468
24268,246.68597539940927
24269,51.00505471975194
24270,286.9649482545757
24271,61.30916946352605
24272,274.7420930874381
24273,271.4976373009767
24274,278.82165316498913
24275,275.01489646803964
24276,-2.696676428993939
24277,272.78385030600515
24278,229.0847500774829
24279,288.80449061253904
24280,40.29320033089513
24281,35.082193591223415
24282,292.57796494221657
24283,292.66442748482575
24284,277.490905555189
24285,258.13500985155173
24286,261.50068566658126
24287,-147.846922414706
24288,273.2422310039107
24289,294.63659120163004
24290,269.94249029038673
24291,288.36845783461933
24292,58.00233880618529
24293,285.0350493927502
24294,262.5391656155802
24295,34.94694943659573
24296,284.0979798918105
24297,69.96146155995001
24298,263.0590857423032
24299,248.47262932424232
24300,285.95527921237
24301,60.44698236261044
24302,276.1555585680002
24303,301.80530900104077
24304,241.49518901814548
24305,239.55517119845535
24306,50.27604894651131
24307,53.19826180080915
24308,241.04329868251696
24309,262.09322604244255
24310,276.4443477610652
24311,283.9305915027056
24312,295.06496600855047
24313,18.76982821787793
24314,248.39296914679915
24315,298.02389492822215
24316,293.20644593240377
24317,11.019543506149247
24318,260.60466548465604
24319,299.1538926164568
24320,61.489666167908894
24321,255.1621555711219
24322,36.592985616976506
24323,288.2973545638745
24324,52.83453073399551
24325,267.64734062976765
24326,246.76274016089158
24327,277.4301045108302
24328,45.51048876081819
24329,295.9627546333744
24330,305.9784374446664
24331,297.2096319340418
24332,65.53786244835797
24333,277.6507623068993
24334,275.0487612751022
24335,246.95346779971726
24336,295.6054714747238
24337,35.05442477780758
24338,245.09325285911885
24339,301.88783878998447
24340,271.2415111242433
24341,241.96470813222973
24342,283.046990308751
24343,259.2857388530574
24344,281.049707043314
24345,299.3639340120657
24346,39.95393230869482
24347,54.510560631341264
24348,300.74387516023916
24349,248.09542873461683
24350,284.23847702730654
24351,321.37896181659653
24352,270.1196980361117
24353,44.913081483957825
24354,263.02732648779704
24355,302.0949100389803
24356,289.2617916571713
24357,293.0741218017591
24358,304.7009930162596
24359,306.3913513617159
24360,63.93705113837564
24361,23.467285074776697
24362,257.69877993767716
24363,44.244585070516706
24364,57.04773536961633
24365,284.9062100938814
24366,262.36489194465065
24367,23.35068638296758
24368,302.1906594990544
24369,267.6560169253112
24370,45.42005789675926
24371,66.23587322122384
24372,272.9573054462763
24373,267.19412951974823
24374,275.3973821861413
24375,300.80927034015724
24376,277.74209861505017
24377,49.15798050229313
24378,26.17479083779537
24379,59.77738633444497
24380,257.02705490811036
24381,294.94442173600703
24382,281.3375801676726
24383,14.543450508361076
24384,63.170821299081666
24385,295.1405592788173
24386,278.68159154964536
24387,49.125797964357105
24388,74.16473334740789
24389,287.58728714070105
24390,272.70905658454654
24391,33.325840318407245
24392,314.62133890038115
24393,45.426670424264245
24394,251.2875678070212
24395,39.106453437453695
24396,260.7805364371149
24397,67.55199961344042
24398,292.8796448208508
24399,312.1956573044335
24400,266.5818076414555
24401,63.933875056819005
24402,286.9151422461222
24403,56.244566933526755
24404,260.10011916544147
24405,32.17933634454681
24406,57.622800000790136
24407,296.7508009077272
24408,267.04320190465035
24409,286.68054593408834
24410,56.95235641126027
24411,41.606694266163316
24412,73.1034960772059
24413,277.4649771884782
24414,249.9287125569671
24415,39.92168874170574
24416,83.47812169436119
24417,39.513143697299626
24418,256.71613178411957
24419,299.0906310808473
24420,48.558425296146
24421,257.3078157483036
24422,256.9929577208692
24423,279.3694168924948
24424,284.0569807737829
24425,36.16185656610912
24426,264.97731081430845
24427,42.552269339406166
24428,286.1825395085845
24429,35.345983854228905
24430,250.29431672764557
24431,36.9227601868171
24432,282.6826293566898
24433,49.48943563271948
24434,258.59243160740823
24435,259.0152327869847
24436,276.62234363017603
24437,263.1450844396937
24438,69.21012389784573
24439,295.5464633247931
24440,22.171465346094593
24441,286.3331815287349
24442,302.1125806654445
24443,275.87028657564116
24444,45.416022150312386
24445,287.054902843071
24446,275.7986871446865
24447,58.115041064686096
24448,284.8553594228799
24449,266.7859902870475
24450,41.64845176323166
24451,29.12070317931054
24452,41.74566762378856
24453,313.97917060489704
24454,43.409957597138515
24455,40.537654598282415
24456,31.144402670241675
24457,42.21981355473363
24458,74.89602495993296
24459,60.26095918594433
24460,245.19008525699746
24461,299.3211201904176
24462,48.98353321815952
24463,287.4534298309925
24464,309.19198761728245
24465,41.82872765654113
24466,292.32816891998914
24467,66.23565508460575
24468,37.2231976888431
24469,273.010331666484
24470,36.55442135888609
24471,280.40109274170544
24472,18.47295633310226
24473,288.88063828081215
24474,256.69338792194867
24475,283.4506525743765
24476,53.956110673098124
24477,50.70287949540935
24478,284.4164435506324
24479,36.296093565414026
24480,22.974558008336174
24481,81.95710793150664
24482,306.5174619054137
24483,15.785440990884638
24484,57.83337632743937
24485,296.2678556430554
24486,274.8128730381065
24487,242.70445914274046
24488,47.81791747907991
24489,302.99309687057985
24490,284.92158621594047
24491,276.95021624193714
24492,26.624497219250685
24493,30.426883726678227
24494,21.02477859728755
24495,281.1522509933901
24496,28.50342437380155
24497,258.761960930438
24498,37.80546745891081
24499,286.57007099473526
24500,23.94368829199219
24501,295.07102319309297
24502,291.4324941766921
24503,70.87803419372506
24504,300.52694685700203
24505,306.9811781502993
24506,276.10159550822857
24507,25.221877241723774
24508,33.55171873890265
24509,26.607242552986293
24510,52.09819975173292
24511,13.481694785967903
24512,296.4133267731796
24513,310.9632585275307
24514,59.925578206198395
24515,286.7229454892064
24516,311.1743525785512
24517,281.30383887461295
24518,57.07888566519253
24519,278.5032718036887
24520,275.3682628139238
24521,37.85180070933373
24522,288.68100443319327
24523,17.654000051206395
24524,31.917609534577025
24525,293.9444310052284
24526,52.00682853995161
24527,294.04478737832346
24528,39.816570722288134
24529,0.4299881765555966
24530,276.78638465597487
24531,68.91172062099088
24532,47.44649013320645
24533,43.721583178641254
24534,316.8857753223934
24535,27.626819831688906
24536,60.13175203444723
24537,283.6422274223222
24538,283.30348936865875
24539,59.033740608870175
24540,279.9954890458506
24541,12.152376202952667
24542,299.2674565637937
24543,280.3044414569225
24544,38.64521883799665
24545,289.05756048149624
24546,287.4066996790194
24547,284.2423856658745
24548,307.8396904076553
24549,266.4520329844869
24550,45.13386417340982
24551,32.47439466865859
24552,72.15527433973506
24553,39.76138825993638
24554,-23.96094777638406
24555,46.74575149509894
24556,34.43270604651133
24557,52.41406303026065
24558,300.2017382054735
24559,31.262485127817996
24560,23.712386930461406
24561,36.528499700747034
24562,305.7354680820336
24563,34.94555106356691
24564,259.7064380014711
24565,299.5224530881826
24566,53.802341498178976
24567,0.43523902148788807
24568,286.7346151494437
24569,286.2369089025647
24570,281.9049351591599
24571,303.9984120540252
24572,44.20238582521239
24573,22.20395546391856
24574,16.2835694422472
24575,41.76066069956241
24576,-123.19717945027216
24577,286.4165143029891
24578,21.919572470137453
24579,-14.36203102148518
24580,58.9344671755278
24581,295.6644590145218
24582,59.81262514901991
24583,49.075482788177084
24584,291.38736097330633
24585,50.58144837173751
24586,55.62222411292558
24587,31.615804409343866
24588,41.5776405003902
24589,309.9883197500951
24590,4.174320739626083
24591,15.865664961566353
24592,63.962870259658985
24593,55.984709988668016
24594,302.51828689953015
24595,5.367165115589202
24596,4.022094726600201
24597,269.04707891097684
24598,7.5073564318990265
24599,2.6412700693525437
24600,21.316177725456583
24601,52.29495002428379
24602,46.00854353197292
24603,37.74730023465477
24604,1.2413699050864437
24605,34.92480554355444
24606,31.70853056256493
24607,25.338829817736652
24608,43.4318128203187
24609,4.083562756937084
24610,43.87360119335182
24611,47.829609380883
24612,34.67543983414137
24613,75.1652372632974
24614,284.31790758091716
24615,28.734864882435517
24616,290.2020917645984
24617,314.3645968501331
24618,66.2022712114537
24619,67.7878956763418
24620,300.6404131858395
24621,305.90885883590965
24622,5.304293311126756
24623,-67.18950506531083
24624,37.27578268058471
24625,49.29252438070438
24626,38.39413851458494
24627,26.622900574538022
24628,42.34145397445366
24629,28.1781859222709
24630,24.821650790433637
24631,36.36133863332168
24632,61.26865156741451
24633,33.46249361495893
24634,286.45298079954216
24635,43.960201712138286
24636,23.818026374868396
24637,59.227447545946774
24638,45.60459268306093
24639,12.817410167081022
24640,34.75360487172719
24641,46.06248132412023
24642,315.8205923304215
24643,304.1675134424736
24644,273.1925016294904
24645,268.1430870916425
24646,277.23673191453327
24647,48.66126346646962
24648,264.1726210060059
24649,45.31996596400842
24650,-112.5443915366985
24651,28.072316646551343
24652,23.699305760149358
24653,55.724704904344804
24654,40.874918060814025
24655,281.23733636460724
24656,45.95209076107207
24657,28.504293449611595
24658,43.17738842534541
24659,266.1097796500185
24660,22.520665108947284
24661,73.43762329516221
24662,255.35973284938805
24663,94.46642705364405
24664,45.46259866567277
24665,309.3355807229999
24666,71.40889784139767
24667,311.51077665691736
24668,259.31889496255604
24669,69.03610157491812
24670,30.722273731386224
24671,295.09629355629306
24672,63.52345128904028
24673,42.04838866085771
24674,282.89157184920214
24675,60.982595631577
24676,53.46163834790485
24677,300.9003705084448
24678,43.05370089198419
24679,25.62615740912227
24680,255.51481332079135
24681,38.780928490467176
24682,300.2109235294714
24683,259.114425721202
24684,39.377487644154996
24685,297.1911045228653
24686,263.2455287223771
24687,301.8610522125555
24688,265.5723756408097
24689,56.651816444100035
24690,56.66793733878069
24691,296.97337588767647
24692,178.2810347816513
24693,314.94590096831377
24694,257.3269879661227
24695,294.7667160646256
24696,41.59581080821562
24697,288.0995505182067
24698,18.533012302257646
24699,296.92016123010194
24700,290.36579278793664
24701,288.3672751359031
24702,313.89981622164237
24703,292.6597952489054
24704,265.37355968670283
24705,291.84481494427905
24706,255.8071785850567
24707,42.484174094506784
24708,304.74839185397104
24709,251.07339805479933
24710,70.59598446148726
24711,266.04629772860966
24712,263.52475066446766
24713,287.18370964792916
24714,309.8331313735746
24715,261.9861278484203
24716,268.56606235983855
24717,73.52032109842244
24718,285.34072234077615
24719,287.27445329515075
24720,278.35880039018906
24721,270.9089244059261
24722,293.6101768707705
24723,294.41309646298134
24724,70.14070420915556
24725,286.59973865978066
24726,242.63382313645357
24727,290.6956629530993
24728,306.0710778060644
24729,67.00815417375932
24730,282.41646290333426
24731,272.05715759941995
24732,320.48435438972217
24733,269.6484245475822
24734,76.81020792500809
24735,30.29538976628794
24736,282.93297341820664
24737,302.11229021656914
24738,284.4120601162316
24739,66.87225153947415
24740,35.60685015825999
24741,281.29875020140446
24742,272.6514128616179
24743,294.6525720709149
24744,273.922669234434
24745,39.376720074797646
24746,275.86294045886626
24747,275.75806332340005
24748,301.831665721632
24749,36.54370454595872
24750,312.98339981144807
24751,270.7141984014472
24752,278.60329365169605
24753,273.1006949896696
24754,285.7157630844596
24755,283.38746607673073
24756,306.5473441746611
24757,287.55993019114203
24758,259.53168414934515
24759,254.76823735531985
24760,297.87487322585935
24761,286.8931739815253
24762,294.5595626658965
24763,313.3450024845873
24764,283.36649145255467
24765,68.88312241511312
24766,267.44753855149065
24767,261.49462812851317
24768,270.15507551652854
24769,258.1993923716757
24770,297.3467310153516
24771,277.8795229498079
24772,249.70420766581103
24773,299.4341924088204
24774,278.73923110513886
24775,291.54550532906455
24776,298.14088501243805
24777,251.50389420323896
24778,273.9072742195192
24779,281.18890592671954
24780,275.862403607964
24781,274.90157273276634
24782,271.80488101790075
24783,288.9540679862247
24784,278.05028042696904
24785,292.2922267251481
24786,271.798076509623
24787,267.0434230564649
24788,248.27058748033966
24789,277.3904377781885
24790,268.09669066771283
24791,307.91912353420673
24792,207.80182060658612
24793,269.26269175419634
24794,271.66505402500326
24795,219.28009497196524
24796,158.85162076303268
24797,283.31571784222035
24798,259.62331390797306
24799,254.80494414047192
24800,250.12491726349643
24801,271.4954158661535
24802,223.50493963873944
24803,268.0025529024059
24804,283.2355570144406
24805,184.76784757278352
24806,190.7539522651633
24807,269.1991905316693
24808,204.33815368882412
24809,289.2457520617365
24810,-12.760365855695255
24811,233.32067830320364
24812,205.51937018237132
24813,230.25734701721802
24814,258.08910467283783
24815,275.1997508343434
24816,203.27535838699112
24817,254.52093392783283
24818,307.99880668821686
24819,224.2218742984901
24820,280.7011430821821
24821,280.9861667509297
24822,293.62443511836204
24823,275.49318850013105
24824,305.9578492913294
24825,146.0700707526229
24826,208.77722872999595
24827,213.37548295275087
24828,257.9869630779335
24829,283.1594048561447
24830,279.040887343656
24831,218.06597493485305
24832,237.21836629280932
24833,289.6743789617424
24834,226.29807747485916
24835,288.9678200374183
24836,168.88354210850719
24837,275.9707201089799
24838,-17.62885099146352
24839,269.3244101701947
24840,139.94720941489066
24841,28.706781798745737
24842,-20.672747028038543
24843,244.8144691737085
24844,49.77978178524208
24845,9.10673618907696
24846,300.36298786860857
24847,227.98903429672734
24848,304.61919213985243
24849,203.59788041205047
24850,179.30968608617212
24851,301.3360824729839
24852,250.93319383989126
24853,192.5249947527317
24854,262.0300740872663
24855,40.30789979786573
24856,-15.93522693687617
24857,8.87880794443595
24858,-9.91612961319943
24859,54.051087917446694
24860,-8.404599949806972
24861,-30.147224935028028
24862,242.81377984301878
24863,17.483629084574712
24864,14.869708905049437
24865,142.55737003121885
24866,45.11384477835487
24867,0.429782952770841
24868,277.74097396970535
24869,217.4258985557555
24870,284.1011176742496
24871,296.8084556377054
24872,237.99653674249583
24873,293.1566791017428
24874,249.5623707166459
24875,254.8351146443827
24876,278.8115722703275
24877,267.75176982322364
24878,226.94201804940337
24879,232.55129379372133
24880,307.7142105759723
24881,-14.10527741229025
24882,293.9220234687679
24883,246.83357860547338
24884,26.53400357804381
24885,206.71951700632735
24886,224.67557387418094
24887,289.1498980500282
24888,266.26715666363714
24889,202.1946619457026
24890,33.15044014316061
24891,263.8513021126036
24892,288.7382753185409
24893,225.34700976563147
24894,248.54774316118665
24895,303.34253597187603
24896,296.88218379531185
24897,244.56637645289197
24898,259.9422310202606
24899,279.56990882101155
24900,-6.672312661437246
24901,243.87705471866838
24902,246.41957739706817
24903,55.268682109195396
24904,288.95663257530185
24905,307.9488232465327
24906,262.4070593253482
24907,286.48876874140694
24908,72.91163275225878
24909,29.590049680741828
24910,232.97812034950243
24911,241.36500004531393
24912,12.14271142916742
24913,40.71116666028905
24914,54.27332950559733
24915,8.255426671778636
24916,300.3336612380044
24917,243.00587629089404
24918,43.59756852713991
24919,303.0924125721588
24920,249.99257393926968
24921,33.5823027305062
24922,23.412728721021665
24923,40.6194387379511
24924,0.29175201474589585
24925,-5.256938260318634
24926,260.83303633927835
24927,253.142826032794
24928,55.49047346131505
24929,258.6397689498554
24930,9.156052297468094
24931,283.50709590259373
24932,0.21984025721977218
24933,53.82333541857949
24934,-26.311586390897432
24935,51.15605686668556
24936,27.24421661895225
24937,272.0946644702815
24938,20.133341115800306
24939,265.0902237937512
24940,-29.115077356633492
24941,53.64531651164262
24942,260.9839938159697
24943,317.06080405891805
24944,20.648045417391742
24945,19.710617636736217
24946,44.24611922723736
24947,266.95104723808913
24948,19.65758910427914
24949,306.59652928621335
24950,284.1653663477058
24951,29.15931285970322
24952,285.6279712624241
24953,24.059374786847357
24954,46.474056075309676
24955,311.3966013576223
24956,13.908888741232047
24957,268.4135736235854
24958,21.565799909628467
24959,310.25876495403367
24960,43.750050019008995
24961,5.986840235641722
24962,287.63297641574866
24963,320.9133603905683
24964,6.632763950893121
24965,-24.58321437286719
24966,32.993896372444254
24967,-22.156583260212912
24968,35.10657103419163
24969,276.0223722288547
24970,39.735172960430106
24971,22.125071192333905
24972,298.7684772546919
24973,22.821158133838537
24974,31.541434983419208
24975,-32.803267388923814
24976,79.73537631384323
24977,-3.210487676333713
24978,20.413323105531404
24979,37.56389038638983
24980,28.3548180836313
24981,70.82668519821465
24982,312.75439861936434
24983,304.90208313104324
24984,318.66707960043425
24985,39.28341410216714
24986,55.69234955821557
24987,16.076035662987422
24988,4.218577713989788
24989,292.8074353976701
24990,-13.065135218042712
24991,17.02337366981334
24992,5.360679194377028
24993,319.1967445590831
24994,20.041466316122765
24995,300.83491409337023
24996,25.436169129800305
24997,75.02962147853324
24998,19.298531144284723
24999,36.52904678171947
25000,26.928158842630367
25001,15.726235914125425
25002,-45.262987659324494
25003,279.9610858023095
25004,15.89745774651297
25005,275.8416217543542
25006,-10.860262253137208
25007,67.92804378225281
25008,22.04983938280907
25009,29.004263213854415
25010,44.44842878630351
25011,287.6397641079989
25012,301.915573426044
25013,19.546915003899244
25014,25.58004475359607
25015,54.06429358620343
25016,-26.88616864100534
25017,-12.641242131405463
25018,35.781117008014036
25019,296.26210313634414
25020,31.591725935592223
25021,38.17284893454146
25022,3.4839096185389593
25023,28.544442230054415
25024,-7.17945750312839
25025,297.9698596613662
25026,31.95078103817923
25027,318.42226504039144
25028,77.5701025089223
25029,26.879970589281726
25030,27.354560383681786
25031,32.39835162379447
25032,294.62710097253193
25033,303.13311009529025
25034,269.3902572648699
25035,13.11948369528686
25036,298.06839129659863
25037,58.45331515046087
25038,35.814866649998066
25039,9.966580156029991
25040,51.463772763366904
25041,51.602443774841845
25042,52.8080588488279
25043,13.963150432109956
25044,40.495959164431724
25045,312.20790004792127
25046,28.613177108416807
25047,52.3383953024597
25048,278.8580844191059
25049,282.8849077318877
25050,-16.305685225548103
25051,23.326316711908632
25052,294.05568018344934
25053,72.64493925082135
25054,30.164704498038077
25055,276.58741496624003
25056,267.7898510242536
25057,-5.292353232210729
25058,278.41449583388237
25059,69.05505028550422
25060,277.4368374600905
25061,264.4816384990747
25062,52.603690650873745
25063,277.1329823927347
25064,42.522303129867936
25065,275.1499401941969
25066,258.7912489155554
25067,31.60144883355906
25068,86.45565723071414
25069,-31.179028364888637
25070,255.056242165867
25071,46.40578346666473
25072,52.195608271487
25073,43.867204822955074
25074,254.02365749000174
25075,51.2138434781065
25076,190.92503664164315
25077,214.92810907016232
25078,193.02849616594204
25079,19.38903579720072
25080,45.15027763828027
25081,266.6833834880941
25082,261.73964520105244
25083,245.56064426332037
25084,275.6461158174202
25085,61.06312347958499
25086,290.660576451869
25087,271.81280823829275
25088,234.6126821071396
25089,304.09018043519666
25090,40.36838225812744
25091,60.53401190113479
25092,265.1562946035957
25093,42.6177930894996
25094,27.16959623042358
25095,251.96423718924936
25096,211.39733906362648
25097,262.99804021203033
25098,237.6214996864752
25099,10.607599641819846
25100,289.37807332656075
25101,5.901704951173343
25102,289.4324293966051
25103,61.0028509332528
25104,36.70036721188279
25105,268.03902374396415
25106,237.19591919804776
25107,233.86436921378575
25108,52.14788567516672
25109,269.4959697890714
25110,225.40530357743592
25111,248.98931883432695
25112,270.91713573521224
25113,213.65276900576237
25114,23.234596776436916
25115,-16.404634317108503
25116,257.6054490573682
25117,243.1842296535956
25118,274.8372938922122
25119,277.21892027379147
25120,299.9612070439364
25121,266.4133256883969
25122,236.7565225479732
25123,241.8762143575704
25124,254.55792109925258
25125,48.91740837621981
25126,274.0325468303468
25127,249.29974713148337
25128,278.8830868317241
25129,262.87035849577273
25130,234.5908413854524
25131,249.0456873082276
25132,266.7355816805068
25133,239.1792801050796
25134,235.0511246729725
25135,260.5288631546109
25136,267.72956562924196
25137,291.59602934398265
25138,274.15831818220465
25139,293.08955173750417
25140,-91.2995309439398
25141,276.82912520232446
25142,50.02815016055473
25143,301.2641448609755
25144,278.1972154048242
25145,264.76903008236843
25146,-249.69713642691303
25147,1.9906377511526898
25148,269.525457849105
25149,35.1653048255009
25150,35.24987590900136
25151,225.38092555005733
25152,283.47973070506475
25153,256.07300982634604
25154,259.0567344725846
25155,265.08726235327606
25156,232.52149823004612
25157,264.0026283007046
25158,255.97531174468992
25159,262.5725875326828
25160,268.9113401148244
25161,276.98853834888087
25162,139.69174466190455
25163,267.9691589643311
25164,263.14175499394753
25165,237.72845040772194
25166,285.0306045260529
25167,255.5393705165832
25168,267.1633891955267
25169,243.2681823485513
25170,244.79560675807267
25171,250.05070701344135
25172,177.10171534410446
25173,268.74269416047895
25174,222.12198994801378
25175,-18.348876904982344
25176,283.5811024823473
25177,42.46816992204111
25178,10.555539856292512
25179,224.74066260493038
25180,258.3342539591247
25181,105.12336633962911
25182,75.50514723023988
25183,290.0604415457418
25184,281.09954425755103
25185,274.4761353712888
25186,293.85409883456157
25187,238.10355018675494
25188,216.87890172235103
25189,250.18651175486715
25190,276.3529139209031
25191,-113.64642013428434
25192,-40.624999034735474
25193,239.6664114093617
25194,190.19991189875248
25195,216.17161499631877
25196,-133.83074277407155
25197,233.92224373519315
25198,221.01509901094045
25199,259.9820705389432
25200,-17.78766644774063
25201,264.49554955984684
25202,262.1271018930783
25203,203.66349501435738
25204,-41.78433033036979
25205,-96.26778339005473
25206,249.61099135936243
25207,279.34505113379976
25208,-58.02461726234201
25209,261.76653654898166
25210,-76.14222991067658
25211,168.96783529901893
25212,195.7959275428713
25213,105.28555142170212
25214,-47.84935488249648
25215,252.59431437951872
25216,88.87277116334431
25217,216.20808113601686
25218,275.56432862393103
25219,248.5945689916274
25220,251.15974733672198
25221,-14.652217631201463
25222,312.8454664706377
25223,-65.76472726831962
25224,305.5807100613019
25225,312.26620759973
25226,228.17267651792955
25227,177.98233922870884
25228,242.56755447240897
25229,235.363849268538
25230,132.5711352265692
25231,162.5273668499872
25232,197.0684797991675
25233,-59.51545598273698
25234,121.60946483279432
25235,285.9495584164384
25236,228.27434772251243
25237,265.5743943599907
25238,275.0540196689069
25239,-17.560845455563996
25240,2.8586006186110327
25241,251.9432138084616
25242,-13.466311210262873
25243,241.86058870999022
25244,288.0520544870328
25245,249.93025853764226
25246,250.53799783747075
25247,271.61197004487326
25248,244.73478357423514
25249,247.12201450814456
25250,167.43352791427452
25251,197.8975974587725
25252,152.55069501494046
25253,264.4788659463023
25254,291.78782590061905
25255,232.1882801923036
25256,293.6547057636528
25257,212.31094564849374
25258,-9.14733263053192
25259,26.03644770562053
25260,229.61194623707848
25261,280.66146445836637
25262,283.5927293098084
25263,243.96810108280545
25264,238.02954389491816
25265,28.207867139533306
25266,230.7334876848162
25267,2.2444786973169784
25268,4.940392379277938
25269,222.58768504394104
25270,250.4842923783791
25271,212.14136504094395
25272,230.98466718647586
25273,178.8225707596621
25274,298.24170963216295
25275,187.54398306137875
25276,252.17293826330393
25277,247.30496474738842
25278,7.334787890736024
25279,-44.28071118907965
25280,274.4570670410611
25281,284.3739838917033
25282,293.23588314226515
25283,244.81411208407428
25284,98.13790674166484
25285,254.50105144894064
25286,247.92294972895755
25287,67.68693835257801
25288,13.905015905429948
25289,279.81298570230047
25290,35.210827753172595
25291,267.5890056952393
25292,268.480920683984
25293,245.8428011330216
25294,205.08287282305224
25295,210.75657499378713
25296,269.2426811013123
25297,278.97744459545726
25298,246.01764840600006
25299,289.04468125619803
25300,53.93874435964179
25301,265.89737834099225
25302,251.77161285823703
25303,44.809843456652516
25304,283.4362261794471
25305,56.27059632500044
25306,49.18909837205413
25307,23.321849764248512
25308,273.7048379762265
25309,223.54720786937798
25310,-6.770911682294184
25311,276.23922709769624
25312,261.7826071125493
25313,21.131796286845756
25314,15.184842343176825
25315,45.447134627284925
25316,12.661392270759606
25317,72.28440807186215
25318,271.61653689493045
25319,279.01540805251295
25320,17.976927052890773
25321,52.25517860158274
25322,8.158364188317691
25323,296.4778391654652
25324,62.42972049526222
25325,65.21513390436647
25326,275.18090991450345
25327,247.15633164317478
25328,6.009339117126203
25329,58.43489696872723
25330,28.79960328665348
25331,306.3599741643758
25332,291.8383473356042
25333,214.9518374517163
25334,224.25085651835175
25335,279.32685224847626
25336,240.5307789813331
25337,301.0233879398578
25338,99.65183876549169
25339,245.30993086186223
25340,81.38271639412633
25341,26.379779957940116
25342,279.9678189384589
25343,275.7569618435452
25344,253.86445566139207
25345,138.71810095707517
25346,279.6148528928032
25347,295.82050517818595
25348,283.33222765991854
25349,313.2284513010004
25350,271.33674721995044
25351,267.4523117606934
25352,290.5563989863518
25353,12.627110586142123
25354,250.67634233165097
25355,277.7148803930903
25356,289.41050311571775
25357,254.74627064096887
25358,284.6350242703957
25359,291.57398568890153
25360,290.5833367774024
25361,285.8213000791048
25362,30.300210512383273
25363,311.8839480266345
25364,1.6455035487608285
25365,268.27963552901673
25366,278.10911787626753
25367,261.6450901788421
25368,280.2765517426815
25369,274.4364971969286
25370,32.53984429656984
25371,272.4594920665243
25372,230.71554112885065
25373,299.64536926280414
25374,262.1156673686386
25375,246.06998723584965
25376,259.7290737182524
25377,37.31837698514943
25378,259.8925747466533
25379,30.18924642696396
25380,298.4929034987469
25381,249.57959857557486
25382,261.1476353690725
25383,252.31366007135978
25384,48.401992404960396
25385,309.24379393733966
25386,253.16038983384473
25387,271.05876043422586
25388,296.119926174545
25389,299.78149738798425
25390,151.01275451254517
25391,0.1614543455759474
25392,266.2255390867432
25393,136.04605768370726
25394,135.4377770182096
25395,250.45615136601944
25396,250.3532798020274
25397,-4.435173189478363
25398,307.2628090919843
25399,271.4057017912563
25400,265.24002054163583
25401,31.668728918843584
25402,298.36630606420283
25403,-23.604506173207866
25404,241.4344534515594
25405,298.5394131121981
25406,269.26792154357895
25407,-41.08775210091477
25408,260.20329175681223
25409,50.62006058027188
25410,225.525293542319
25411,6.025714279362049
25412,257.6425153768764
25413,238.89994746319593
25414,244.24031178516725
25415,-22.01132840252737
25416,285.425835120839
25417,246.75326680254136
25418,256.19946160572044
25419,45.75053375377817
25420,267.1313127957476
25421,272.2367760338163
25422,36.31680912723348
25423,271.75249481894605
25424,38.86123469108688
25425,266.4067268590942
25426,273.0104072505783
25427,-40.97032982790331
25428,286.86250951011795
25429,271.5991504093381
25430,291.09692091674196
25431,275.35608441814884
25432,264.67730822554154
25433,268.66343490381735
25434,249.65618532444918
25435,264.3163052838443
25436,63.98959944109126
25437,14.54861612262377
25438,35.781946652846756
25439,48.995249088875966
25440,29.738191420355406
25441,54.955028244165646
25442,33.29058631495525
25443,28.914518095970323
25444,284.1647666027998
25445,238.1806109619196
25446,46.33554530932685
25447,266.34827180267285
25448,217.6123366247902
25449,25.996248719237713
25450,43.87756624891506
25451,283.8374821509005
25452,36.30221909517863
25453,242.96881188304283
25454,16.927492437225297
25455,-28.906204019886573
25456,282.57636167282794
25457,34.88810047291676
25458,26.685379218007597
25459,62.87409560273454
25460,278.18755213938186
25461,238.9040310835535
25462,300.4807601690717
25463,18.531522574171845
25464,13.723992329507865
25465,47.360275707957726
25466,258.10292756432824
25467,263.841382135875
25468,259.9354659244789
25469,12.742770071055205
25470,150.79081433863513
25471,262.62010687495683
25472,264.7420185028942
25473,34.36088713866056
25474,-28.1809587716146
25475,-9.102564013936373
25476,59.40026299912125
25477,33.79380329403563
25478,211.89758768455226
25479,37.339475150117664
25480,5.611110648086282
25481,36.01217672261032
25482,257.83154879622566
25483,21.621193099875356
25484,-7.065043123644628
25485,284.7360184685424
25486,-16.538669074986245
25487,271.4349008712685
25488,9.134663048203365
25489,158.03386583093402
25490,27.035406153854197
25491,9.88348126192399
25492,51.85664331999328
25493,43.97517194929037
25494,63.79651825413768
25495,33.77341475634799
25496,148.18654727593625
25497,276.1427094709495
25498,259.38899641154933
25499,40.35352128533381
25500,10.646718296423657
25501,-13.31810968011807
25502,150.01837701240368
25503,31.899919364959402
25504,21.033561454577153
25505,26.679902440290235
25506,34.26060199896787
25507,49.02662759366865
25508,55.04906400307763
25509,27.427619085976502
25510,34.772557524177614
25511,0.32433066035862623
25512,9.653022659172606
25513,17.081592683461224
25514,41.02191279997652
25515,28.00924245560367
25516,171.97226972441635
25517,27.377452336911475
25518,21.45651827075892
25519,10.862459677627356
25520,150.61810714829434
25521,-38.16561787544552
25522,1.0837067677976648
25523,27.70969347705835
25524,7.514870310811347
25525,43.20833737772594
25526,-5.607655977595087
25527,20.199006260970364
25528,40.196854556794136
25529,24.367932821613508
25530,37.66583274947331
25531,20.007378125803825
25532,17.65459851902017
25533,13.518756232964861
25534,58.027525238257084
25535,64.33173281902614
25536,-17.347078657244083
25537,-36.71909931098331
25538,62.68681382113306
25539,69.63784515949013
25540,39.76308522228416
25541,1.2351371507092637
25542,-0.5592328033582987
25543,32.73637440124622
25544,18.02911552659829
25545,262.672464194103
25546,31.87847752228876
25547,52.87012203473165
25548,25.44699976039348
25549,259.47309660111756
25550,37.32204138353964
25551,21.633372581706368
25552,25.730027813099568
25553,33.031734561506056
25554,45.62944984757087
25555,279.35814250861773
25556,17.26310443642069
25557,57.57281914652978
25558,32.217677164345616
25559,-4.465936868811781
25560,22.59827363528524
25561,21.14815305473074
25562,42.41638468007352
25563,9.928889036658958
25564,49.41659415776914
25565,8.487211291135978
25566,287.55674876131786
25567,48.869927495359406
25568,41.854198420155
25569,25.214358234854288
25570,34.8605929432029
25571,48.42934909142119
25572,64.71305592664251
25573,14.03278629414541
25574,26.207141370905788
25575,10.982693026435385
25576,295.6573151197264
25577,35.85570051688805
25578,41.20123686846918
25579,12.205431572123842
25580,285.87330774383304
25581,31.683123127367566
25582,14.669882807673133
25583,53.60606729548161
25584,-21.721436071144538
25585,19.403468602198885
25586,13.341570451308641
25587,29.972570562656045
25588,37.082409915606206
25589,-7.919512562163632
25590,305.44250003967977
25591,25.454439307551553
25592,26.36170961490342
25593,66.97723004400268
25594,27.685992405171206
25595,39.95300090166941
25596,29.273241124322936
25597,17.037442738816267
25598,13.73480152058545
25599,42.80047915959659
25600,16.52025290835408
25601,262.73339654746314
25602,12.562283462638035
25603,48.47210909478105
25604,36.072701033862046
25605,31.338883895494547
25606,43.16397562644559
25607,281.7240135996613
25608,9.181051637595019
25609,19.88964481360904
25610,60.372712297519854
25611,40.00005750098177
25612,46.650920648995964
25613,34.0398302706258
25614,9.999205819117606
25615,33.445237617546184
25616,15.384908848250106
25617,53.46672660996191
25618,5.052786612645974
25619,23.258797374231747
25620,301.5250248756479
25621,32.503006371924045
25622,32.137817771089544
25623,47.01565987267526
25624,54.52386461450203
25625,270.8218680810712
25626,28.395801037430886
25627,37.65555588332833
25628,288.3251440459289
25629,267.0461335085997
25630,29.696755731369507
25631,38.05091323289474
25632,25.740707435701623
25633,15.935881287275564
25634,29.865169568283534
25635,263.52038479097064
25636,268.914608906284
25637,18.441745962784367
25638,20.783437441504503
25639,50.13814874886256
25640,45.30378037693447
25641,305.92038481060257
25642,272.3118288304308
25643,33.197088857297416
25644,283.798035992766
25645,32.77841713550521
25646,277.742007459899
25647,13.458883853455816
25648,24.558631957818548
25649,29.627957307820367
25650,10.329260510048528
25651,42.38612944949159
25652,14.612330938332363
25653,28.82640344695548
25654,40.64535297784124
25655,268.5928602115262
25656,305.6382174125892
25657,55.33557494644896
25658,50.81051215731759
25659,45.15665961231042
25660,284.39652187298583
25661,253.5809651996209
25662,313.6227716703572
25663,244.22661811345347
25664,44.9156246124019
25665,261.2187813035821
25666,20.162215884090458
25667,52.544662024756974
25668,12.37442214540917
25669,38.74299889705824
25670,16.579851238864663
25671,263.9593152729168
25672,264.130676949463
25673,296.3596446924646
25674,260.8740488315542
25675,41.96246144829891
25676,252.77674725532447
25677,292.2120622260538
25678,290.9533468836071
25679,44.99056514960503
25680,35.83852065229502
25681,254.90101683936473
25682,277.02246812345396
25683,270.61212358428685
25684,27.976633429989135
25685,42.01392797116546
25686,255.3316298412459
25687,159.64488537264467
25688,231.55870935664944
25689,249.99565327746726
25690,288.2225695406621
25691,41.364250858370184
25692,298.8162021911837
25693,278.45685869049066
25694,299.14512279557334
25695,41.89539755805541
25696,255.00455307858022
25697,283.5513514757657
25698,302.48711644715013
25699,273.722703452599
25700,292.18645664724016
25701,267.56675140948073
25702,262.33142468834365
25703,285.5877122048764
25704,283.08807312019155
25705,290.7574814198215
25706,254.65008345740603
25707,295.7809244765043
25708,35.87271008864968
25709,270.5778323538193
25710,301.8294464095304
25711,256.01551453758157
25712,36.42813751877543
25713,273.49655005426087
25714,286.62919129473386
25715,290.4202485688786
25716,271.6052365376289
25717,246.72769906073748
25718,302.98040583236696
25719,292.9582654328888
25720,288.3899846023045
25721,281.24710624338434
25722,283.18617102809833
25723,26.098150444784025
25724,263.8032371819578
25725,259.925636627487
25726,247.4361558167596
25727,24.18397066465765
25728,223.56398033978428
25729,271.0784708703118
25730,247.90474348876376
25731,293.58246506511387
25732,258.23884201691635
25733,27.978005883093587
25734,261.2539348387503
25735,296.27206986101135
25736,306.42861438749776
25737,251.45139822235802
25738,255.5415793370848
25739,88.38490984560264
25740,273.45853427599354
25741,258.90361000996313
25742,259.1238932362666
25743,285.5427524653414
25744,267.8854824148078
25745,273.3890921851779
25746,282.13523754502296
25747,293.7013196447567
25748,256.6593287277847
25749,244.5994675863104
25750,250.5841400858804
25751,294.6701398290203
25752,286.58554014230066
25753,288.9396456792889
25754,301.91045184566224
25755,276.0822714831344
25756,251.14643482123046
25757,275.3080887957859
25758,272.8227562563548
25759,286.27907230351065
25760,262.6081755351287
25761,244.7329557029024
25762,255.75192336416134
25763,282.70168568467
25764,270.70753569064414
25765,298.12357507927464
25766,298.01919491310275
25767,277.6615913461534
25768,272.92447308151213
25769,257.05449807484183
25770,265.49079350601176
25771,240.06429418899455
25772,285.0622382164005
25773,279.3864568491425
25774,280.8168186178352
25775,250.736996087552
25776,263.9097224476816
25777,270.60681690728904
25778,28.600003114378865
25779,265.8409118777697
25780,234.00847630024657
25781,255.36321842351168
25782,266.9525820053552
25783,254.80468694049495
25784,309.91678721673225
25785,281.98055263935856
25786,231.26533862498138
25787,261.64830478178226
25788,281.7569692559563
25789,248.68693696011576
25790,256.31774283524646
25791,224.11705766195496
25792,222.614629617401
25793,224.4333703753335
25794,239.42220686408308
25795,241.030743391178
25796,226.78304368632934
25797,263.02493064018034
25798,262.4989707536786
25799,261.2994984143462
25800,256.76518883868766
25801,270.6900413495896
25802,241.33308104588343
25803,248.0490318606815
25804,305.8048195608784
25805,256.942956219929
25806,246.23486538176243
25807,230.35791349729863
25808,270.93022621774423
25809,278.2640343293153
25810,283.3203541766959
25811,263.34510610070976
25812,268.1799091906057
25813,282.4153756391786
25814,269.0147803391066
25815,281.50094229540946
25816,250.10235216340408
25817,240.23651328564787
25818,251.16763762803842
25819,256.83516242266694
25820,242.30004061515325
25821,270.13214477852307
25822,245.92554445010617
25823,220.45397714044486
25824,272.4931827389189
25825,273.20494122692594
25826,258.72636384219425
25827,264.50512634214874
25828,249.97562026791726
25829,254.03246303569264
25830,247.87787278267237
25831,-63.766619921967106
25832,268.20957585673125
25833,271.4671324674066
25834,61.557023066763264
25835,265.61651396653684
25836,6.475362796511021
25837,20.95145915241767
25838,283.3208811362923
25839,248.26341865591434
25840,301.5473922669033
25841,31.03030113877432
25842,262.7468845808296
25843,258.34229067962076
25844,270.36023895616916
25845,-40.30266605700609
25846,246.8988656573971
25847,269.1323200196623
25848,266.6741580070854
25849,249.07333501339443
25850,-24.885750319488395
25851,256.9377799348297
25852,278.9391409816909
25853,291.10864488022276
25854,254.44739759206755
25855,282.2524950052678
25856,231.6847854647555
25857,223.56084836462034
25858,261.109588649542
25859,236.3978566475523
25860,13.520901126869617
25861,287.43618371648586
25862,257.71784760096455
25863,263.2099082476101
25864,255.3249456254154
25865,303.13488106536147
25866,24.924327929618443
25867,248.1244930226476
25868,290.0066750553643
25869,249.59571696241727
25870,-135.03435891952992
25871,229.83993882265975
25872,272.49989633193456
25873,-96.29738524837384
25874,268.3595716615421
25875,260.8799145075427
25876,270.33324184292456
25877,263.1488082403645
25878,25.124237166367806
25879,242.50099540256406
25880,282.33234186324427
25881,236.48134964378107
25882,245.23029081066048
25883,278.24955811738846
25884,4.574574081931701
25885,243.951999326825
25886,263.99407986086493
25887,256.25989907728547
25888,274.1677973604975
25889,30.165970747916504
25890,308.0198379716622
25891,72.94682432727888
25892,273.1892679449239
25893,229.69495434527576
25894,284.38920406832636
25895,290.3336764115594
25896,233.8255403615664
25897,288.1105954284436
25898,261.7883913373699
25899,20.097031906103396
25900,267.25155109166565
25901,44.25968669795887
25902,252.42649837950736
25903,259.2917952402803
25904,285.0497729544523
25905,270.1519340882855
25906,263.3810249225576
25907,29.614643129536375
25908,45.09605048590282
25909,272.88341130195397
25910,314.63936597471877
25911,266.074440737766
25912,252.3783073929534
25913,68.56214177838987
25914,254.75449474502244
25915,310.71780396422844
25916,263.94893279699795
25917,259.4546179777059
25918,-100.42473198303298
25919,19.73860240488294
25920,24.450778186646133
25921,256.9146688525203
25922,32.21279522525526
25923,281.3592402157793
25924,280.24006693855614
25925,19.281554026500103
25926,255.86375834892897
25927,217.458260397106
25928,281.1964093292383
25929,306.6211199626905
25930,216.73923711225004
25931,301.79016035805995
25932,35.07384078341735
25933,58.50601482557255
25934,287.64943615033525
25935,268.0889732352923
25936,256.39329506515014
25937,38.11625385138049
25938,269.9613060809402
25939,42.32141657736665
25940,47.19426453689729
25941,235.06772335511909
25942,50.24431649727714
25943,270.98492984142115
25944,283.14750992049403
25945,300.3972094253751
25946,276.9934473984184
25947,229.68066722549187
25948,282.7002690832436
25949,292.11225949199223
25950,251.15644343961895
25951,273.43249488271977
25952,292.72822704365933
25953,248.84676096297443
25954,263.4851263626738
25955,291.0743110767115
25956,261.6351313981128
25957,253.59055194006058
25958,42.216887434358625
25959,284.59106891970123
25960,251.8837473546199
25961,288.0197298138331
25962,276.21854036562104
25963,32.89614611592987
25964,240.68409772485478
25965,283.52570860699143
25966,233.39084787131392
25967,237.42691640149334
25968,276.710144334583
25969,284.9976947201037
25970,62.716620009645084
25971,269.79293886900837
25972,248.15085050768363
25973,295.71321930296665
25974,269.36841197649926
25975,268.1549628237384
25976,288.36248271365247
25977,297.7577269590141
25978,256.929975773034
25979,298.0083008617597
25980,255.23926977420905
25981,286.47122448866253
25982,282.7109726196621
25983,284.9521775943889
25984,300.68655440729344
25985,304.8479913730965
25986,54.14565826624744
25987,300.0675553752134
25988,228.35265843127684
25989,244.7458520064828
25990,244.34617774602785
25991,41.5935180904319
25992,263.1608233716517
25993,298.26330515402213
25994,235.12681172802257
25995,243.32708267053778
25996,294.7020336189057
25997,38.48567814706513
25998,260.1272872885657
25999,268.9079930042662
26000,247.59145896519868
26001,307.33390939190804
26002,262.3100558430598
26003,295.27634659523073
26004,262.9355822940098
26005,281.93063022853073
26006,265.24104998763005
26007,303.3161823128661
26008,289.3306242878739
26009,290.5963161063385
26010,244.7205676063286
26011,285.5612101915228
26012,65.47208329052492
26013,68.32181238266338
26014,272.86935017684715
26015,307.21338280218515
26016,261.7382693663503
26017,51.36282310731633
26018,292.9508453523214
26019,306.1980545509929
26020,125.90764099167569
26021,277.7364366265041
26022,261.8929008152215
26023,274.9526160319808
26024,44.023136486188946
26025,296.0795927086916
26026,274.4075664130714
26027,151.80326419698682
26028,279.59139258253134
26029,302.65023715140603
26030,193.81291742235794
26031,270.7907794204599
26032,280.40853308379656
26033,272.78102507297416
26034,214.99620738238445
26035,252.97847006802075
26036,255.32270765213156
26037,37.38875653076397
26038,60.7429292040886
26039,306.4903301875278
26040,281.81278293992193
26041,299.8751437327023
26042,263.6760165267556
26043,263.40549848321217
26044,255.00421629764313
26045,279.10744622640806
26046,262.7705529174587
26047,295.7213479692519
26048,289.89242458905863
26049,295.60720840204715
26050,190.56789519643561
26051,26.67313937793223
26052,25.882482003135678
26053,243.05348148179706
26054,261.8136414407787
26055,279.8185265863603
26056,291.9211593250613
26057,271.82787589252814
26058,299.15779587983786
26059,245.58748242895518
26060,296.3759411062808
26061,295.4361558574917
26062,261.591928451524
26063,310.2797547066592
26064,306.2292345924925
26065,25.98058006651557
26066,310.95284179424095
26067,284.9781175122632
26068,307.7515659312348
26069,301.8280954656735
26070,301.10311705029267
26071,272.8786370175858
26072,286.95881825588174
26073,295.81673218637263
26074,264.48721026176224
26075,283.85310986361856
26076,259.2875483524165
26077,299.31076413252947
26078,305.9206087984063
26079,287.2618343488109
26080,274.36872266014495
26081,248.76265055527932
26082,302.3280224063283
26083,54.617971445951696
26084,46.311254079785925
26085,268.14933066887147
26086,55.790923775290054
26087,248.8168905334759
26088,66.73087649796523
26089,248.61735533612926
26090,269.2159694082086
26091,265.35415210342705
26092,305.60478092713936
26093,79.87280620756383
26094,18.400592756847473
26095,269.73384918838406
26096,264.47388001879267
26097,231.04699481409503
26098,273.0179922108393
26099,256.56229587371325
26100,276.9678861253194
26101,301.55836130497994
26102,298.01481920526516
26103,262.0321097165993
26104,243.80520235641302
26105,249.55394394836335
26106,-37.779842266486824
26107,241.50395875167615
26108,264.4403405779301
26109,299.0715931990262
26110,271.0828669665153
26111,11.752377577424184
26112,290.1697672054619
26113,303.68864292912724
26114,280.8386037711045
26115,261.4119182739605
26116,236.80445238030518
26117,277.4156641237972
26118,270.46783117478947
26119,247.24667734698033
26120,215.10733921148872
26121,247.1494297051456
26122,-9.340549430259358
26123,308.68369441200036
26124,301.23064626995574
26125,223.44747019630069
26126,235.84422236305718
26127,245.98989053338207
26128,265.4377143812578
26129,255.84715339624947
26130,249.85900897864497
26131,244.402153299119
26132,296.46291675182636
26133,257.3985370500778
26134,268.6830233528384
26135,307.6953835988506
26136,271.8359876014565
26137,239.48620452314455
26138,256.3088861004602
26139,257.598168194911
26140,262.5264132778532
26141,295.4205821720879
26142,307.60057982927424
26143,300.65929291530074
26144,248.125542205906
26145,48.6444187413729
26146,298.7509793976107
26147,280.15407131487757
26148,317.77955259716543
26149,288.88993176506216
26150,272.3740387749983
26151,73.15898572307677
26152,246.25342304268028
26153,231.46342540342036
26154,283.15908111829793
26155,274.5354901804525
26156,299.60829172006754
26157,246.14647402012872
26158,285.0726795144118
26159,288.2997558129238
26160,283.4526496263937
26161,285.5040999441899
26162,269.3464520835212
26163,256.4076339614266
26164,268.01498078461304
26165,252.25901065981344
26166,283.4985652783041
26167,306.2864075480592
26168,254.719697242429
26169,292.7505275756188
26170,254.9838882719385
26171,302.9163120803651
26172,304.08571891467926
26173,253.25912535020873
26174,256.64112483019574
26175,279.46727037780454
26176,293.97702721019505
26177,290.38433952382263
26178,300.97233439997416
26179,261.8402233084854
26180,274.0862520650069
26181,5.414827317621928
26182,280.1940254550974
26183,40.29889940539414
26184,286.0412445252099
26185,302.33190946740694
26186,267.084277698509
26187,293.17752060881196
26188,279.806117638094
26189,302.53302020378135
26190,275.19735999327
26191,284.2393765739237
26192,301.4508388587692
26193,260.6240344965786
26194,248.1204289414135
26195,283.2916256678238
26196,269.64140689846215
26197,271.61687265452076
26198,278.8573876002169
26199,270.07699717706487
26200,315.24050957589253
26201,254.6762611922333
26202,239.04161226030757
26203,290.81016767008794
26204,287.629938988278
26205,255.1907890416211
26206,300.923714794557
26207,260.25741196047204
26208,262.80967206858355
26209,252.34131232392338
26210,280.74965505525245
26211,295.91374933401903
26212,303.37478601750126
26213,249.09395802745942
26214,291.1699149298981
26215,277.4929696736441
26216,280.5597276665424
26217,267.2372603747567
26218,241.12627546200198
26219,83.06500283014171
26220,241.96511090974565
26221,279.8086327121907
26222,315.4996035339497
26223,258.2536138586111
26224,266.19508587661676
26225,265.04737596889504
26226,281.8631702125279
26227,6.644400301143307
26228,273.36940152727726
26229,257.15311541859614
26230,302.0983728948797
26231,281.269539170248
26232,283.63571684582445
26233,254.71656045434588
26234,255.73561809814962
26235,55.640851727509926
26236,293.6986755499307
26237,263.9031021155017
26238,53.856047419599435
26239,236.31887801549408
26240,291.4459225175185
26241,291.44180450630785
26242,284.9431466848527
26243,86.78254804820372
26244,294.48230568093766
26245,290.4042732913292
26246,299.5747511487373
26247,260.58698210791215
26248,239.55603482476553
26249,283.0962872214254
26250,254.020152004124
26251,293.68598355260076
26252,269.9361690192344
26253,-39.728596170768036
26254,285.63284754153335
26255,265.62464605930893
26256,242.3414988570805
26257,256.23788299367595
26258,270.372362074223
26259,305.9120426809644
26260,278.5842829170409
26261,311.87312940631773
26262,247.2104050380254
26263,252.65763409617668
26264,265.50685406013537
26265,299.1161093185102
26266,310.8670926410932
26267,240.72807505338355
26268,301.56717016081325
26269,255.93811074108703
26270,290.7634083924037
26271,291.04010057075254
26272,290.92290767221334
26273,289.3451507711036
26274,232.45796776802993
26275,253.7437078951969
26276,299.02704217758253
26277,256.533162445623
26278,311.02852998874516
26279,283.6324409486034
26280,291.6438319397198
26281,275.01414214811274
26282,295.8834775858886
26283,251.1342854799835
26284,298.1394115849598
26285,297.2725905953781
26286,284.85591155775694
26287,275.53993294969416
26288,69.68898401115467
26289,263.4083186339085
26290,263.75834645745255
26291,284.4017844159856
26292,279.50307055035285
26293,266.3882572148678
26294,261.9582558367253
26295,253.89673591379253
26296,287.86466559260293
26297,291.6552739011902
26298,268.12368325831017
26299,281.3544274216647
26300,308.34867373468995
26301,297.52895007336633
26302,41.811092860084784
26303,271.09913361797663
26304,283.26859753404517
26305,265.7763619518502
26306,298.3513957194824
26307,248.52067401308224
26308,306.988765816526
26309,279.75647563070083
26310,299.88846138506653
26311,271.503993241407
26312,261.2822378721263
26313,266.2440710971248
26314,301.60548009993556
26315,34.20817099719909
26316,285.3600434250222
26317,309.5979681576334
26318,295.9995200007738
26319,285.4271895582121
26320,287.5507293757532
26321,318.36031899079927
26322,290.50187928229553
26323,306.4414353757835
26324,242.1613008775983
26325,315.7418065397409
26326,299.8822911067482
26327,304.971719500016
26328,247.58032379087797
26329,102.99307979816564
26330,285.59313283573636
26331,254.8617979563646
26332,309.0791015721657
26333,239.4090943990538
26334,292.6685338709014
26335,247.69030012567515
26336,288.730511438692
26337,248.09574465939852
26338,250.52575355020974
26339,265.96021622468584
26340,255.678905183522
26341,233.75757101413433
26342,269.8481177856555
26343,266.8850106379875
26344,40.69526457463334
26345,284.62517143255616
26346,256.6492157638667
26347,291.9417161462483
26348,299.46105714884106
26349,292.1195603175178
26350,277.60675537409577
26351,281.129885722772
26352,31.51969492479958
26353,289.4185580988582
26354,294.16876688155253
26355,277.30928590012553
26356,275.00739133429585
26357,272.1732010616077
26358,276.9277886901672
26359,293.9775392078524
26360,65.42248990762658
26361,270.69100715804063
26362,284.3240819733214
26363,245.49768082841965
26364,303.6290420035289
26365,267.52523286072454
26366,257.4958213795579
26367,259.15072578324
26368,272.82089449967293
26369,285.33422640728577
26370,262.3253788520143
26371,262.96615665775624
26372,259.05334946254254
26373,33.28278277518169
26374,304.7516181755325
26375,264.8729962710763
26376,270.8285815492626
26377,278.4036901517737
26378,298.7775412990395
26379,312.3347055798519
26380,264.25015884172535
26381,231.10232650540138
26382,303.4595684986759
26383,291.2190987747348
26384,277.4421927485722
26385,243.09050754255446
26386,268.66054501356996
26387,277.6786328474574
26388,274.09443541631686
26389,4.8752763459362285
26390,248.27814183901754
26391,253.2499495326535
26392,287.7434205167307
26393,291.04048350963296
26394,264.0251717439686
26395,241.26528504558541
26396,249.26546080606832
26397,48.396575970572684
26398,310.24430186570896
26399,246.73733174535914
26400,277.12758658218013
26401,247.867838639234
26402,276.86383544340737
26403,291.62359638507223
26404,43.331082306225
26405,268.36910227614044
26406,280.8303821745456
26407,290.7501730971712
26408,252.6111055701162
26409,278.1614999445235
26410,243.62785474413081
26411,273.47856090163845
26412,283.56670708916425
26413,255.16983269240737
26414,271.34203307224453
26415,272.42789985653656
26416,304.413159465279
26417,317.89184909458584
26418,255.38207167265875
26419,279.97621320451015
26420,279.8460139539991
26421,285.80815671962705
26422,262.15129512888905
26423,283.29441389072326
26424,296.83849815774306
26425,252.01823964626854
26426,272.0648271510614
26427,258.44119343454815
26428,308.9963145411147
26429,278.03275300929124
26430,291.5224023368493
26431,263.0922998554931
26432,280.296972420177
26433,317.32318176525405
26434,270.3190116213291
26435,52.85278054893698
26436,276.3104793517719
26437,259.2069438795153
26438,285.8182681479155
26439,240.04156129008805
26440,280.73400126345155
26441,261.54424331539656
26442,253.81091948163524
26443,304.1055668715214
26444,292.54608925282207
26445,278.6333296651486
26446,273.35818500728567
26447,260.2081408409008
26448,241.72171420609936
26449,297.2008073295103
26450,266.49882007822055
26451,287.2453618253559
26452,285.7494280666383
26453,280.5006894900612
26454,305.64716791980146
26455,276.6798942672688
26456,296.7761045106821
26457,279.25828762030494
26458,275.89070596255453
26459,297.7315797790351
26460,297.89116472159793
26461,240.491547665082
26462,278.7841690875858
26463,303.8929375555615
26464,312.9308174015299
26465,264.6988228017027
26466,321.04245131024715
26467,301.145165099189
26468,295.5179054178785
26469,289.9422924254314
26470,288.92334802336507
26471,59.676061416928604
26472,317.6587513081831
26473,67.03323467504688
26474,277.96910059126424
26475,263.96259286959867
26476,283.81512940157717
26477,281.23268976010525
26478,232.2338450034125
26479,244.4782615632044
26480,284.3641839617889
26481,284.0378576868112
26482,244.17957767184205
26483,269.0324560420619
26484,254.990226912482
26485,300.31797552994374
26486,260.67921730979526
26487,74.8026913995462
26488,289.46987614380356
26489,280.4795845850621
26490,274.6171009845968
26491,236.59469097056206
26492,287.3871066872076
26493,45.021911220266816
26494,285.79183655155583
26495,294.66484763819926
26496,310.61752790477067
26497,80.77718645006854
26498,66.87142122164039
26499,281.57449530410327
26500,302.08610503128375
26501,302.42523466173446
26502,271.4685857646534
26503,307.0142423864253
26504,312.7345266224263
26505,285.9382723399277
26506,304.33563842377333
26507,276.65465853323644
26508,310.5570413116128
26509,73.18553464713452
26510,300.62987096096504
26511,272.87210619341266
26512,261.54246889467527
26513,307.20830955167384
26514,281.74577069746533
26515,63.64363915966064
26516,315.3831635579201
26517,270.7434792500276
26518,307.58106185192474
26519,255.2333973050682
26520,266.8533782471352
26521,307.8184749708987
26522,240.67938734990844
26523,262.8839413515334
26524,258.3887085125597
26525,293.10828609723364
26526,257.76841758057674
26527,297.89825652862345
26528,287.040834736605
26529,292.5763044020763
26530,68.04671211803512
26531,288.8521870335478
26532,256.80715779792644
26533,270.4498273576628
26534,274.3016833416401
26535,271.9956500607917
26536,287.02142975849586
26537,287.75932039202996
26538,316.2957348531508
26539,283.32971403032866
26540,253.34626617933182
26541,240.7412966909362
26542,243.85277617998358
26543,305.723986211545
26544,295.3918099556371
26545,270.8569832370149
26546,283.2661323614868
26547,322.4242990366531
26548,283.79504409818924
26549,176.79760700417515
26550,286.3314354414434
26551,203.89430897785297
26552,66.47791815049493
26553,259.01336882967047
26554,286.99829285315593
26555,268.5690260666996
26556,281.2737434800839
26557,295.1636150442926
26558,294.58208752099864
26559,239.93717934989627
26560,48.424277124756514
26561,19.335550999651403
26562,283.6514721293538
26563,298.3389428971144
26564,283.42825683184185
26565,275.1000546870349
26566,286.51318755212185
26567,281.26498512029104
26568,311.820804260612
26569,278.9524120324969
26570,274.6227784366999
26571,63.66491351060148
26572,243.97914865854932
26573,260.8464691338728
26574,277.0775313663282
26575,51.44730179154732
26576,275.03660130584507
26577,296.0061934312931
26578,290.01966010423297
26579,300.3306283670023
26580,62.665714522403846
26581,240.35969380696645
26582,284.6681429316992
26583,268.9995739449015
26584,256.5864756116115
26585,292.79054504133956
26586,288.4406100009244
26587,41.99810194747539
26588,281.531165375811
26589,254.70091754282086
26590,244.3556463871584
26591,266.48242692858094
26592,285.2010624289493
26593,292.5912419637215
26594,269.1906220714154
26595,252.8402591677914
26596,311.7942811449087
26597,281.34101346095815
26598,43.406508642386115
26599,306.02490781362616
26600,47.6243273003478
26601,305.79941751613603
26602,265.12010323330185
26603,57.702221013364095
26604,296.52984277789784
26605,53.801458234254284
26606,281.2179317744062
26607,265.82134049958967
26608,70.90631154762667
26609,250.4896888102984
26610,305.4244209527024
26611,320.14977242753224
26612,263.83166821558825
26613,266.1522078091159
26614,307.30582355154894
26615,63.677630658989756
26616,64.20014476545225
26617,220.3661032715035
26618,310.3886377549036
26619,235.85363954667665
26620,253.1130827336488
26621,304.11853406438206
26622,267.27232550638485
26623,256.31775235805804
26624,242.91427306113954
26625,56.645675810185736
26626,258.32112000474547
26627,62.65154212692377
26628,302.27809891726395
26629,288.19618010917304
26630,258.90096333333577
26631,274.2186794382423
26632,299.77505698391815
26633,244.41526952926762
26634,266.5342463967687
26635,246.11738891978433
26636,82.82698521193964
26637,281.96301450329184
26638,236.29629458656947
26639,241.96194769275866
26640,294.4165514822249
26641,260.81088776094214
26642,294.6322391564505
26643,207.9163202375771
26644,247.64019800325642
26645,264.47214467334675
26646,263.3690424262492
26647,35.398396668180055
26648,278.4732778306413
26649,221.71991001840834
26650,284.35065337835357
26651,298.6779825042885
26652,306.7607260783376
26653,255.8398893141848
26654,285.2778882312539
26655,58.96271884012418
26656,299.3981638590038
26657,288.31987201386437
26658,286.9167433290089
26659,231.0943035811331
26660,264.33188363631587
26661,292.9037264569562
26662,291.5833864083337
26663,254.29352479651865
26664,259.96068545937305
26665,205.17256403778052
26666,242.54287500960228
26667,54.76737260014187
26668,255.59662731356957
26669,278.79256579184823
26670,263.1363371847538
26671,206.58206825580635
26672,285.3093850226791
26673,232.34172246019023
26674,300.5305217411397
26675,65.56431081735965
26676,264.26093170811487
26677,46.85450370026658
26678,230.84961453276577
26679,298.4906777168788
26680,243.7309037836997
26681,292.9926666071222
26682,277.88537823076354
26683,232.07772277570706
26684,291.5531734139074
26685,297.94448750541
26686,302.04994816089544
26687,245.28445159554232
26688,285.7320174503177
26689,252.82812586294583
26690,293.3185221421049
26691,214.01034952413394
26692,233.6871806256809
26693,234.6408416969402
26694,57.72095763123508
26695,248.24353689373868
26696,217.90796089033736
26697,270.9118780467918
26698,278.4684936261807
26699,250.67662392042678
26700,44.763169752100254
26701,275.5965099886194
26702,285.2302710692719
26703,51.96654729574658
26704,269.8835109803354
26705,288.917727234973
26706,273.685850741216
26707,272.54377989501467
26708,291.50080335918585
26709,241.84172002684443
26710,217.3977287088103
26711,291.1619239044333
26712,264.57215154746285
26713,245.26819990162352
26714,232.9396887191579
26715,56.179775689809816
26716,260.08384127684093
26717,232.13087281167728
26718,253.5231783913843
26719,269.3914043950987
26720,22.16137326718308
26721,247.31086142902646
26722,251.31663962614485
26723,291.1824046677723
26724,266.33869448208964
26725,258.67014764529006
26726,266.6185837309482
26727,233.2815947014388
26728,250.20014703161468
26729,235.10930940546882
26730,260.7668862242025
26731,319.13299213788537
26732,305.38426757591014
26733,261.70088865090315
26734,277.28799980561985
26735,275.6499568809519
26736,312.57700874153943
26737,264.22578780645597
26738,299.8831112201665
26739,297.8535135834985
26740,295.22878131820033
26741,183.19369480094244
26742,255.28788300705105
26743,48.75622926110529
26744,320.8086014850164
26745,279.076820668
26746,288.9528193707847
26747,246.3517996409201
26748,262.96550136556857
26749,267.13481977226775
26750,41.847375774783956
26751,256.00231117184467
26752,260.9689101725737
26753,261.6158329512594
26754,55.93585034788782
26755,222.03760200570053
26756,312.5663615358362
26757,272.214370000229
26758,303.4498487096073
26759,203.59485614578244
26760,228.42259938994388
26761,295.4067145671019
26762,308.39381173789286
26763,304.9989978834963
26764,293.11029459954364
26765,260.7158610215239
26766,286.5192308819751
26767,249.07942966014377
26768,231.0666463798151
26769,60.321131728037784
26770,271.86790040734957
26771,246.77452248930678
26772,311.6417410104867
26773,251.90396243434466
26774,260.14132777597524
26775,308.8993957289877
26776,256.27169281677436
26777,66.93141614130062
26778,259.9165072027382
26779,270.16212862012554
26780,223.22147968756383
26781,64.9191989736236
26782,314.2495105815234
26783,250.91254058634033
26784,277.4766018828376
26785,284.20364774615746
26786,69.03915312895788
26787,268.5793269866326
26788,257.1365141387672
26789,240.48408239710017
26790,264.47588861439124
26791,266.5699786635937
26792,256.251217976768
26793,263.4626542821506
26794,283.52447431474695
26795,243.98929869818957
26796,256.4877755494233
26797,45.223795728387955
26798,243.37891198933698
26799,295.0503211804631
26800,285.71504293194727
26801,230.23483370964604
26802,239.3720737314043
26803,246.87716005700892
26804,252.51233605635622
26805,294.04727759530766
26806,298.16154792085024
26807,258.24234618159653
26808,282.0821040549919
26809,61.440197769859225
26810,235.92199135072937
26811,262.23429196356335
26812,289.4115987591631
26813,280.0931875284693
26814,209.5651496966187
26815,277.0821224889059
26816,278.95188262812457
26817,277.21144903708563
26818,298.4970525667576
26819,285.66693801467
26820,264.0415668889829
26821,275.4311540509299
26822,277.98087877481214
26823,263.1419884000329
26824,308.669913193563
26825,239.90130515205962
26826,278.9478838899873
26827,275.825832947801
26828,307.1149120395155
26829,253.40641479655244
26830,267.04311340288234
26831,234.91526731414024
26832,309.02259968845584
26833,274.37665931411925
26834,288.6194604258322
26835,261.98415853565854
26836,301.1184212371629
26837,306.70543149555056
26838,238.36129505411967
26839,289.5034860506738
26840,253.7959092619582
26841,243.39177352602104
26842,55.69067717500113
26843,237.941799160793
26844,264.35180705580603
26845,306.0403465090219
26846,301.20140356378175
26847,57.68667967932623
26848,280.54886309288383
26849,303.0031912830122
26850,303.67186332198474
26851,288.4898942844619
26852,80.40927664533919
26853,292.4144290575349
26854,279.4140412740164
26855,260.7911433135307
26856,299.80720731990596
26857,266.98343351632025
26858,315.2815084764459
26859,252.92621036682164
26860,261.5709387640384
26861,234.94090544265805
26862,245.22415586393495
26863,300.0570384769702
26864,279.42390548267764
26865,267.3224270000379
26866,290.71912220811777
26867,305.4612769776687
26868,291.68247824258094
26869,270.8261877636114
26870,258.4690733857948
26871,254.71125170206454
26872,264.20116170775486
26873,258.5318070175017
26874,53.4254437795521
26875,55.289792347525776
26876,281.4931257724212
26877,265.3639607456255
26878,266.0349639825474
26879,255.41518773238562
26880,270.63519298348876
26881,282.0538014684815
26882,303.51483235660976
26883,267.1892508965749
26884,268.7469812647265
26885,239.35671113052402
26886,55.52405297374784
26887,324.08269641504455
26888,277.19383873599526
26889,292.22762578761785
26890,63.46405055233379
26891,273.77390540771796
26892,49.90843065031751
26893,297.7042154752767
26894,261.7346204025837
26895,300.7528661551914
26896,287.08207236009616
26897,271.9534363034639
26898,286.71893475395586
26899,300.638498742898
26900,296.00716501063994
26901,263.9108358562137
26902,288.84808302367924
26903,274.04052658549585
26904,273.43690439884347
26905,304.7167211666058
26906,286.4773065014019
26907,271.7164631700091
26908,251.41857544773643
26909,250.37540437508838
26910,217.74072815032528
26911,48.214085081587
26912,309.3764849033919
26913,278.77462272988726
26914,277.22255455936954
26915,291.31000039220146
26916,279.4773585269811
26917,272.4180689862264
26918,242.06768766063234
26919,276.41958545834507
26920,296.61137388344383
26921,262.6135700848713
26922,62.088741079295005
26923,286.38168796363846
26924,57.679318163702135
26925,76.78373557212689
26926,258.35434495609553
26927,289.85395762324015
26928,277.46221787340903
26929,289.0007529688718
26930,288.4265899566183
26931,276.60874425395957
26932,294.8732739513084
26933,246.3700989059949
26934,310.5723209889934
26935,268.57563065870477
26936,256.64008390032916
26937,256.02508015774845
26938,253.40928140203903
26939,236.46712834456392
26940,268.39959908737956
26941,272.5076263712029
26942,45.346276637694274
26943,312.81579854510863
26944,55.86799301940283
26945,58.08672764670402
26946,268.9844342463465
26947,265.07726312623447
26948,295.75820435256117
26949,273.4056225814012
26950,254.26691369028597
26951,291.95463122320746
26952,244.18782261747913
26953,265.4259047622841
26954,288.51138440930225
26955,277.1125840584332
26956,288.0550859456298
26957,289.21472297483217
26958,287.1496728550719
26959,267.90367419357324
26960,280.636485811142
26961,290.61855153699
26962,261.0528241717143
26963,263.3098864816879
26964,69.69172658610779
26965,68.16075002746501
26966,315.5740215312043
26967,303.7823195103142
26968,82.84416929930254
26969,275.1528617114899
26970,38.760760872017386
26971,286.8372267862794
26972,242.69612570895612
26973,71.63994945517871
26974,234.94403613061468
26975,300.10988362214596
26976,278.26687839736786
26977,264.65863662824495
26978,291.9175026083552
26979,54.52532406043392
26980,310.76071430037615
26981,253.61295318600523
26982,264.8618604142796
26983,46.68212565138097
26984,244.66049691289837
26985,276.45473611981527
26986,250.57076452747148
26987,58.04715799494744
26988,272.86448391621866
26989,269.9296748913488
26990,299.59925980205054
26991,74.61360240047028
26992,291.2413543363855
26993,286.64638158912453
26994,257.19473499537327
26995,275.80906356412515
26996,80.1381607200365
26997,258.17340625655305
26998,252.3431468378181
26999,236.36673997612152
27000,290.3907754185884
27001,287.7829955846889
27002,282.1117662374388
27003,277.31945151843456
27004,252.8626556009881
27005,274.31685116652756
27006,283.406810391271
27007,281.6153975856457
27008,311.90001638629127
27009,267.84465844414916
27010,286.0546186647407
27011,287.7408279071841
27012,312.692038862436
27013,289.0487024682911
27014,269.4916274260863
27015,254.29927950809605
27016,301.0732162438111
27017,270.8528876098353
27018,312.48844431514726
27019,310.06645559505296
27020,63.34130455599308
27021,281.66580403106036
27022,242.2653044795271
27023,285.1973611444092
27024,272.15597009414716
27025,261.18079963782384
27026,292.1199263035855
27027,258.84695125348713
27028,299.6092033365357
27029,289.4052228195435
27030,306.19399464983564
27031,255.990319957813
27032,262.0196791018184
27033,291.37796488849403
27034,295.8714147520972
27035,230.57158657930293
27036,299.1357957332782
27037,263.88357556532276
27038,287.8838756430317
27039,278.0987927277466
27040,265.7969444183947
27041,278.3416069959085
27042,305.5862224378134
27043,270.93484930964917
27044,251.94704484817362
27045,291.6638595465945
27046,303.4182247397747
27047,271.0916293118171
27048,236.68407140390534
27049,277.77574425369494
27050,274.64535866374615
27051,260.6661424378698
27052,255.8701398467595
27053,274.7997716388735
27054,271.4927248288217
27055,248.9843843528335
27056,18.986324843120855
27057,265.1881264526321
27058,296.69825296532974
27059,285.70202246864585
27060,281.13611301473105
27061,311.3863124906851
27062,298.01215656981543
27063,271.76958641996475
27064,235.22470324937277
27065,272.26366843251094
27066,286.32706590732573
27067,264.4427663152841
27068,279.46189978410564
27069,264.14315565559394
27070,244.29022973935665
27071,284.4083578662787
27072,249.91964516837695
27073,307.6903831068746
27074,136.99684479087435
27075,290.0522020399203
27076,294.863671846628
27077,310.05144779014233
27078,238.75423369434543
27079,268.07984448928096
27080,238.09153619522957
27081,266.76814763691146
27082,289.68632457186646
27083,238.51447055759732
27084,302.57344790724585
27085,302.1462852255695
27086,274.66887836121845
27087,274.00280783120166
27088,244.535038164711
27089,299.42152358132586
27090,273.5633594076502
27091,254.7042185169853
27092,306.1812949488255
27093,278.277215333423
27094,267.2530294683619
27095,304.7285386591043
27096,261.83378690070737
27097,302.3176671413485
27098,277.91456691637154
27099,247.64837517034817
27100,284.65659875176715
27101,58.806343426609175
27102,245.60344593634204
27103,257.9543056455724
27104,285.84522411644724
27105,259.88656810168516
27106,288.08896979443045
27107,277.43346302140526
27108,284.4681812048895
27109,276.6522579453022
27110,261.22697776472086
27111,265.5957834793025
27112,146.39645333910778
27113,282.4804420758174
27114,278.90393478478336
27115,265.3548446599566
27116,280.77275975088634
27117,289.5257686637272
27118,251.8488603144232
27119,307.61292356098215
27120,286.49078531818736
27121,254.3605834281624
27122,283.9065761009556
27123,250.02665317878473
27124,273.01419451163844
27125,258.23062752418116
27126,249.1423196905909
27127,283.40738513346946
27128,64.3868572616766
27129,68.88933971430686
27130,248.0549515999629
27131,274.35734786446994
27132,257.4576504863088
27133,309.6463690289693
27134,293.42591216445976
27135,299.6217756801077
27136,270.41913133827416
27137,298.1537562833588
27138,229.53382952554298
27139,262.74202381404064
27140,273.1388512922124
27141,269.9659626936232
27142,312.83554096300236
27143,262.0233126154991
27144,231.28522018865465
27145,260.4062722835274
27146,279.72261728843694
27147,251.879689773922
27148,282.83676005985
27149,281.3447056274803
27150,307.60512914890194
27151,287.4209199285268
27152,294.7021515350593
27153,237.563229029841
27154,279.29555285720926
27155,238.83456066989564
27156,246.6095007996075
27157,287.15068644194315
27158,253.1523460097384
27159,63.02434961425524
27160,270.83583791922956
27161,256.68682669237205
27162,256.78442146824716
27163,280.195727153519
27164,282.15646970509613
27165,232.96744053213519
27166,245.63111298976753
27167,274.9428583940894
27168,259.10504785443885
27169,251.6217780474591
27170,301.79395223638403
27171,253.40890541876115
27172,271.78503554461804
27173,235.77406590155277
27174,258.37636805607826
27175,238.63564639903055
27176,300.055543520895
27177,293.73711132918675
27178,297.2668815212007
27179,279.0605907261178
27180,292.01184990568396
27181,262.8163101120376
27182,292.77584387127763
27183,241.527547901656
27184,291.88324180901407
27185,227.8589364460717
27186,256.41155296268454
27187,281.15391005323795
27188,238.81394724223176
27189,258.95674018837735
27190,307.5918670688586
27191,236.6083614302018
27192,258.82061937616663
27193,42.670855134642096
27194,278.4162867201993
27195,268.94688498070013
27196,226.7757487222188
27197,271.7759821073298
27198,289.6590859152622
27199,295.73340020963883
27200,271.7174989546809
27201,142.43969621183493
27202,312.85199988167017
27203,306.9429309971987
27204,284.9321392034054
27205,263.3777731207597
27206,247.42362107107905
27207,240.83715228286084
27208,255.73111025814387
27209,303.4783247313087
27210,256.5385295056017
27211,267.2130447799005
27212,255.9256469720915
27213,296.49839608485877
27214,259.5588457098484
27215,272.08897221874486
27216,59.751297312236574
27217,263.9330796429768
27218,251.7496427986194
27219,48.83789924501832
27220,308.46145512544257
27221,265.59431420256266
27222,39.03588529906577
27223,230.48207558748072
27224,238.47191693789074
27225,291.07300190558277
27226,283.85691876427705
27227,265.38062272818763
27228,272.79754419463893
27229,271.23565948865485
27230,287.13222946528845
27231,274.5167828048681
27232,258.0977920043591
27233,48.96150316593264
27234,263.1639189668827
27235,286.36504571211117
27236,247.24148086059714
27237,262.5164016392681
27238,252.6849593454866
27239,240.9384857075862
27240,251.58882944474033
27241,268.9563996487599
27242,276.62860771791395
27243,266.732732932549
27244,34.294778260623076
27245,295.82959037820245
27246,286.39447513826525
27247,75.59392774823664
27248,226.9678282680548
27249,252.73870882485295
27250,36.452495831380645
27251,-9.71136171464616
27252,251.95741522324357
27253,268.4093592709768
27254,266.58914061311356
27255,246.2048221984089
27256,297.07617546105087
27257,45.70673854886442
27258,274.29449026538555
27259,36.88919690338133
27260,270.85861761074614
27261,296.63705221945054
27262,80.44307395638751
27263,264.9289122473613
27264,243.7536789090228
27265,11.030141269855406
27266,279.63943473213084
27267,254.67799944111198
27268,304.01336130059497
27269,39.76661751862392
27270,-3.0968186749757933
27271,270.5444492336346
27272,40.12764561047999
27273,297.2565505288311
27274,54.93737621643288
27275,273.69339325282846
27276,279.1952933908057
27277,284.5835851683074
27278,311.403985155849
27279,271.3393294559172
27280,247.49456735072124
27281,259.5793582386185
27282,273.7449368061698
27283,269.4321311598597
27284,287.8601520298922
27285,287.4697230051382
27286,298.80212200055047
27287,273.7372098732252
27288,259.5211798973091
27289,246.18408440931626
27290,66.40113062449709
27291,240.29807558204615
27292,288.88547277090856
27293,271.24180873855937
27294,259.3550895506948
27295,298.2336411811073
27296,281.00815961955027
27297,248.90242748308168
27298,47.01245647126427
27299,65.88553095872808
27300,61.84902082887635
27301,17.133410556586284
27302,260.01649197588677
27303,303.18367380867033
27304,46.10894929143333
27305,288.48339844065526
27306,270.9216903643122
27307,58.84912044202409
27308,247.32442368945686
27309,295.9664188980434
27310,241.68647550513933
27311,-4.248858608918454
27312,276.7252782188074
27313,285.07458719597014
27314,282.6254180240749
27315,254.84893483106094
27316,239.48145276107434
27317,237.8546638600371
27318,265.3669787931494
27319,270.3951506257423
27320,247.8533747546133
27321,284.61789315490466
27322,272.35199342157523
27323,25.417454029738664
27324,245.7308223538446
27325,277.16529300216666
27326,299.86598747255914
27327,275.5015232656809
27328,266.1744014944462
27329,28.28494101208699
27330,273.6022789344497
27331,44.020994881764125
27332,294.28176937963997
27333,260.6940112631645
27334,265.21390984461425
27335,48.72947784772683
27336,296.5423001928773
27337,288.4899603931396
27338,47.55275184113532
27339,258.6921769894169
27340,288.0749683411203
27341,37.2596387656416
27342,65.45610380139257
27343,59.1980635551422
27344,32.61539077185179
27345,53.26755466833819
27346,28.972155699748242
27347,246.29543609024645
27348,244.9691468778016
27349,-34.04443936839269
27350,242.632735308061
27351,37.92931253216892
27352,284.6309385213235
27353,29.504002809049695
27354,276.5606768602156
27355,304.2253416242868
27356,254.88950428590903
27357,264.55690881669193
27358,237.69048846485313
27359,59.486807100834
27360,259.3335772493367
27361,284.7916080992793
27362,274.12289219920996
27363,296.3361771984044
27364,277.28618407889894
27365,222.51421343189514
27366,34.76253620917521
27367,42.0075544786082
27368,41.10732579395662
27369,248.33856681491733
27370,302.7858430768305
27371,270.0595726456993
27372,243.45354097460552
27373,276.8667921645
27374,231.90393921206754
27375,285.6091862293814
27376,271.7731048423779
27377,248.75948324350352
27378,38.989853972207726
27379,264.19475154140696
27380,278.76380890216933
27381,263.79307274530424
27382,13.898297959118722
27383,48.597988619691904
27384,278.2978480266303
27385,258.22450169752403
27386,20.63669130169646
27387,269.86710303984376
27388,24.85828640642191
27389,284.82821708721895
27390,51.442723002693384
27391,76.26669190445375
27392,247.13621124612786
27393,283.4543698138734
27394,289.6484897676719
27395,257.93473426795447
27396,30.00524144760388
27397,249.24401704853827
27398,260.05063662359544
27399,247.4084822495473
27400,276.5172499356492
27401,45.545830196033705
27402,253.1109897474265
27403,252.21196496789054
27404,32.05784151361067
27405,260.06264828156884
27406,21.50910401187302
27407,52.957201485796844
27408,263.5556826356147
27409,56.27739312014904
27410,262.72617686980743
27411,-13.638028730423656
27412,261.00276599701317
27413,279.2918826572818
27414,248.31816988732254
27415,267.6664572610395
27416,285.50394546800214
27417,278.1249901548038
27418,40.43153023340366
27419,51.4099796593743
27420,41.353481463456404
27421,281.99060044952887
27422,261.298266256008
27423,24.50745906208573
27424,50.10730064859837
27425,266.1239059692464
27426,30.36432980711936
27427,266.69167271609217
27428,265.0349730674998
27429,283.8230223153119
27430,235.91693081397116
27431,39.36280112571086
27432,280.55742161712067
27433,255.6463953865903
27434,243.80542020108297
27435,247.23926748692634
27436,37.407786342423606
27437,260.5848254377146
27438,-30.10233328373397
27439,46.90308600700769
27440,64.54632971770258
27441,265.8667583079613
27442,69.84865299227857
27443,20.592454315920406
27444,69.07726163056108
27445,314.8980882843588
27446,266.25925048094837
27447,283.8263917415966
27448,270.53303477679464
27449,259.25085034129523
27450,17.23478059911058
27451,48.90925882345903
27452,234.49133594521334
27453,18.400625530182765
27454,263.38534792658174
27455,247.88207602193702
27456,249.7252585769102
27457,45.838427415480226
27458,275.66364601669125
27459,236.5167092260655
27460,221.74942727381244
27461,60.998313260446196
27462,59.702583157090885
27463,284.940742541992
27464,43.04600225098187
27465,272.6132681543062
27466,232.8381325875962
27467,232.26992356862186
27468,275.2776644113984
27469,255.5028023603568
27470,16.865061285510592
27471,251.57732226600405
27472,32.16134143526631
27473,263.13432697339385
27474,254.15171849748953
27475,-0.5369107042080685
27476,64.511831524841
27477,253.37427499714784
27478,287.88736467121714
27479,56.5161125526067
27480,268.1290289638621
27481,254.94085407809874
27482,249.36272407714222
27483,259.07281678820175
27484,280.70004041868845
27485,265.49004672907347
27486,257.66890238668583
27487,281.5891451523023
27488,250.8577862859194
27489,39.87932745191844
27490,54.32043630364038
27491,265.92799114553156
27492,42.797056029090754
27493,278.49965748418276
27494,42.17756029598925
27495,33.208109059475845
27496,253.83433131940657
27497,256.58361765203205
27498,240.3695548871801
27499,265.96887157801586
27500,36.722337877451366
27501,59.66208006871284
27502,36.085761286545136
27503,250.7090611624119
27504,255.11229325158828
27505,266.42249472835266
27506,261.7501777505645
27507,56.36615580580067
27508,292.8310850627423
27509,272.04497529866785
27510,259.25389920627003
27511,-157.78296099411472
27512,284.2856399120287
27513,11.74258584942902
27514,270.31098000317263
27515,48.63982348998391
27516,241.47316839645748
27517,220.33222433592982
27518,255.8704809877769
27519,44.52434550301379
27520,46.37185540408342
27521,282.58414134635484
27522,74.58350214754188
27523,281.4034613194467
27524,255.10613120742664
27525,277.7548004499862
27526,50.05100606800542
27527,51.74840544090554
27528,41.77550203534105
27529,70.53357478186342
27530,9.883346459019009
27531,37.451347910568586
27532,15.706721486950926
27533,287.4191466686242
27534,237.63742328228207
27535,250.87604575424626
27536,254.03189485833508
27537,291.1577478860744
27538,269.1570362203398
27539,306.53857626339015
27540,270.213340360024
27541,46.22308214987419
27542,198.34505453080627
27543,290.38098695437907
27544,238.4048077332332
27545,250.3633226719917
27546,254.87777175338638
27547,256.3401110959252
27548,255.8498420037164
27549,43.037735177083135
27550,273.0171161606905
27551,248.69506162414987
27552,49.39379743632048
27553,266.5339687891491
27554,21.84263572816235
27555,303.5355621881377
27556,274.6602476895144
27557,267.3579123945125
27558,264.4257691371429
27559,276.0424823016642
27560,227.11338914483326
27561,306.4807884863574
27562,53.246162347813424
27563,22.30826838268294
27564,257.4817727125046
27565,252.35096697539126
27566,289.00418497927666
27567,239.89648091960464
27568,247.2205449292962
27569,229.8967701151379
27570,55.48031703380079
27571,231.5978073615625
27572,243.08225127678733
27573,260.6817429822488
27574,48.32583104081547
27575,278.9839896400415
27576,44.418552851219545
27577,228.67787253656536
27578,253.46031799453993
27579,234.64162688251548
27580,28.876946378329848
27581,276.33749765094757
27582,294.1277507078079
27583,60.166636318261425
27584,256.68574384893196
27585,259.85198585035414
27586,238.60899795180123
27587,269.84304163323725
27588,34.26496720580832
27589,269.97974318122067
27590,252.64277523062725
27591,246.11479468498175
27592,264.6310721233055
27593,49.24046573267711
27594,8.874165703758038
27595,241.9464565856506
27596,-17.369965810036263
27597,270.3665884763517
27598,292.51038983606736
27599,264.9461065859842
27600,20.977970939251108
27601,258.46151719577585
27602,285.45571105801196
27603,56.66321383636594
27604,290.29021737121343
27605,295.51958587231627
27606,67.78753683080683
27607,56.29114010629192
27608,281.93915737036934
27609,44.053469893792965
27610,8.678401588852651
27611,235.925792251867
27612,59.745141594081815
27613,281.71535121410875
27614,10.130482226357458
27615,236.68993119079926
27616,270.8456316729309
27617,246.89824660688237
27618,286.38956402248255
27619,21.943574899930113
27620,69.39712333828422
27621,292.32261005036054
27622,69.79176018765415
27623,45.68240049052761
27624,254.6919499967523
27625,47.39457472207573
27626,246.32561366738682
27627,264.6287468730924
27628,53.562951699468755
27629,39.74039063483005
27630,249.62271477740387
27631,257.63669657394075
27632,274.2315418546646
27633,268.23998756367007
27634,243.92865331468963
27635,256.34863409070874
27636,256.0168620783754
27637,59.94864067125687
27638,291.08689985455993
27639,284.74051093485286
27640,257.7428372437538
27641,248.38452565037318
27642,238.2291750038221
27643,230.83268224194532
27644,15.933788157097254
27645,65.49609785597633
27646,35.090132287709224
27647,284.9636584657968
27648,35.39169705671014
27649,280.9322547419516
27650,266.32767887333415
27651,1.2744809398610215
27652,264.89226358246526
27653,23.639463992320742
27654,265.8248012617695
27655,281.50741764578595
27656,238.7707691714228
27657,268.4520137136034
27658,77.54784198250175
27659,246.8213312460805
27660,36.86374614419532
27661,83.60370412323746
27662,278.3827430537749
27663,38.51538811883066
27664,291.5243721457571
27665,53.999865839623425
27666,295.76603953521845
27667,245.97745029171236
27668,260.2035873266718
27669,276.77178536383417
27670,265.95474604561014
27671,288.5545756746691
27672,41.90393198809349
27673,285.9029198018651
27674,65.34242731110317
27675,263.62318023404504
27676,4.586228752646562
27677,16.027511755117303
27678,278.64270725982567
27679,261.58596337223514
27680,265.18907851957994
27681,236.63106270654848
27682,-24.14317260811373
27683,57.65261060652455
27684,41.308557214858666
27685,49.21507319733996
27686,258.86962451111265
27687,252.85153661828826
27688,21.271769759702664
27689,271.7611034271615
27690,297.88382057020306
27691,270.0343146367471
27692,50.88147973658232
27693,246.17441432908123
27694,10.91063666704028
27695,282.13411743091604
27696,278.09855802459583
27697,253.84932492326774
27698,23.68872445197293
27699,58.21484374889462
27700,28.450689493231806
27701,236.2432209152857
27702,293.85772901583505
27703,18.111028058369854
27704,29.3536304132534
27705,18.738305251899163
27706,245.45588037706565
27707,34.863180511705764
27708,288.4505073355273
27709,46.99034680075795
27710,268.34248125133
27711,270.6032729225152
27712,262.08812377381076
27713,21.036228554138162
27714,263.29271152322576
27715,306.7578639403826
27716,296.6230047932421
27717,-37.77078465164128
27718,271.89324922030005
27719,34.04727056181582
27720,30.399663669351924
27721,267.79784176560554
27722,274.751683883965
27723,277.40199221168103
27724,258.54199254795407
27725,20.004201998065298
27726,257.9065575010035
27727,256.06095655703535
27728,26.495324365112324
27729,31.00683759218134
27730,278.80262522052755
27731,266.63434872528006
27732,42.35813499479531
27733,64.24428813779326
27734,12.316393482265255
27735,11.843558424713692
27736,60.639208017798126
27737,34.77486008126843
27738,270.1520511777504
27739,33.39638615807763
27740,38.35697353498483
27741,33.73907272790234
27742,242.70347532643368
27743,270.4770608444154
27744,255.84413050993433
27745,244.78498070762402
27746,300.7237063080123
27747,256.0156406739254
27748,44.59631282497182
27749,289.4450114438711
27750,34.58341317451871
27751,302.16879295571687
27752,277.8443977216356
27753,39.52291822003397
27754,274.36447274434556
27755,280.30855625221096
27756,46.25589549157917
27757,272.2017426107253
27758,49.80321966343445
27759,51.491493143998156
27760,284.4555066996873
27761,20.915494239982195
27762,55.65030813875475
27763,273.3726610094434
27764,-67.8351147533974
27765,35.52223051438284
27766,296.23683377964574
27767,245.78695539393848
27768,43.45487894816054
27769,41.615788305260764
27770,36.93818676377836
27771,40.64691548488517
27772,48.112601805243344
27773,40.31308188270174
27774,298.00927000755826
27775,-7.785731673869435
27776,275.89828346073386
27777,30.002550963049032
27778,48.24084315039448
27779,244.7265567532286
27780,30.826132801296808
27781,62.197990065896334
27782,36.96106406459813
27783,65.90591014145303
27784,24.856206125174708
27785,48.51797961507046
27786,43.52513866174354
27787,295.16240470848646
27788,300.5409742821301
27789,280.6423969785685
27790,31.23035096896396
27791,284.90322987044226
27792,4.014822460548771
27793,295.1018321635522
27794,29.113678006279315
27795,32.883251962861834
27796,61.12195191096205
27797,253.78086864513196
27798,53.329397063887455
27799,52.52178907146072
27800,32.67424224893668
27801,64.63024467267599
27802,42.39785073160897
27803,35.62416042791051
27804,87.21845744838896
27805,57.96496931461954
27806,56.411816404383245
27807,298.6565695995315
27808,52.2310169967524
27809,72.56763344257587
27810,11.928837820425414
27811,28.69983584986815
27812,282.2512187753531
27813,35.947949347174784
27814,44.7416398542278
27815,24.30532028678624
27816,-4.667361374082205
27817,278.79728314293294
27818,49.74205117274579
27819,24.272891219144995
27820,26.410433675054676
27821,47.337481077328164
27822,39.99870511877049
27823,302.136047647641
27824,36.82241004225952
27825,32.09425861241283
27826,253.92657826660573
27827,63.45175842087647
27828,46.47669149229705
27829,43.70810482653124
27830,66.901874494695
27831,286.0822903205224
27832,35.47242284763638
27833,31.68000904815065
27834,54.88790488865263
27835,20.564849016439112
27836,54.20152396384614
27837,290.3330568141686
27838,-3.275093222967328
27839,21.75805092666924
27840,73.73927763473893
27841,47.735575828325835
27842,284.6283677947871
27843,4.239336705642216
27844,60.936431916720466
27845,303.5349097567959
27846,273.0755716857192
27847,47.05032143329498
27848,56.77346639712425
27849,266.0197808731467
27850,27.03670377341561
27851,29.062474154293284
27852,50.36804702180248
27853,40.10713762598655
27854,52.45039815209222
27855,31.41929441258557
27856,62.5020340863436
27857,42.749835072620215
27858,77.96544880369763
27859,67.00168885529644
27860,13.195466513807972
27861,52.052351960203055
27862,73.47312835581039
27863,52.19269324023276
27864,47.19825425207438
27865,63.27431818591444
27866,57.72214682977571
27867,293.8160961534917
27868,278.27774550683955
27869,37.81164920680172
27870,49.142272757696446
27871,24.42373161247589
27872,301.0139877665981
27873,58.78860484805145
27874,279.8194086729468
27875,279.44389191503984
27876,54.73283256441596
27877,291.86866354499375
27878,272.3644807340587
27879,68.18199443494433
27880,12.880767754344348
27881,43.052560544143944
27882,54.46723250482947
27883,62.88484604452407
27884,35.90541357505094
27885,20.899060035321952
27886,275.32321943675333
27887,17.46063073849605
27888,282.6941118684363
27889,48.461984582289915
27890,50.953146132597965
27891,65.76162987035488
27892,24.20393771482476
27893,285.001233891204
27894,30.677632839730222
27895,27.894513508845307
27896,264.2782703336376
27897,33.67387849690155
27898,279.2422861315815
27899,63.0420826159536
27900,33.505031167425415
27901,45.0492284437982
27902,270.53454721312045
27903,51.56959424740111
27904,45.73971603462232
27905,264.18005253390845
27906,38.4929922045406
27907,62.3972012017623
27908,275.80801726603556
27909,296.9836433893113
27910,23.292329945280144
27911,38.23148980653028
27912,54.44651997577512
27913,295.05300501255783
27914,7.84028390132157
27915,47.18134601052816
27916,257.86124454216406
27917,264.050830149552
27918,34.89307418163153
27919,251.0468358076945
27920,50.893714280338656
27921,33.56041980766952
27922,281.1891022524686
27923,66.61365682765867
27924,292.5872237518679
27925,55.33125407752789
27926,270.46292591429517
27927,277.82743560544816
27928,266.23074683337336
27929,255.0493859852147
27930,43.737474690557775
27931,267.64273328991396
27932,32.096109210990306
27933,49.71461388149646
27934,242.92064460667044
27935,47.58754653445857
27936,248.61886586642038
27937,299.5812497564432
27938,26.266092724199453
27939,312.76202162145944
27940,245.38401335491255
27941,288.2324918217502
27942,49.66028789507007
27943,253.15918705738986
27944,27.34417019429607
27945,29.915470143578517
27946,22.585643005638076
27947,42.320062032706886
27948,286.1880606054102
27949,46.82465491738799
27950,300.3437982345724
27951,55.073206087177766
27952,30.440092958846606
27953,244.6361080597921
27954,255.86715456436806
27955,266.33918462265876
27956,266.4762400727821
27957,302.1125222354688
27958,251.83000950938467
27959,258.76777807992426
27960,47.76558934649498
27961,68.59328766604807
27962,54.904429217353425
27963,277.7496560360206
27964,269.70530405890867
27965,38.46928872487089
27966,35.09995483629663
27967,257.8415514042548
27968,253.21005168849928
27969,42.707469810167055
27970,290.5211415778607
27971,286.5154970112507
27972,55.78434923866482
27973,38.100528124703004
27974,253.20306698206198
27975,52.11864371511328
27976,287.9665048559863
27977,41.17244401303523
27978,59.06508154168333
27979,273.25267544666974
27980,284.0931242568681
27981,25.581863634760495
27982,43.148285737784505
27983,280.9992366720661
27984,45.70197206701141
27985,282.96910417450414
27986,296.990675642536
27987,40.93247860529425
27988,283.2942269109042
27989,42.16985358989177
27990,244.76468056660423
27991,295.0121072221156
27992,38.26257608517554
27993,249.96660776471157
27994,247.00034886977437
27995,282.84822160171944
27996,256.49706600912634
27997,247.43854150306348
27998,283.26882218852205
27999,277.44506965064545
28000,61.6344646304523
28001,305.2152052440854
28002,49.419876203384064
28003,33.40077399655527
28004,257.75249220132
28005,287.1566719903553
28006,30.757812744665358
28007,34.82250072404548
28008,-12.010255023085392
28009,301.96202954044657
28010,274.7972007823587
28011,282.4577832116594
28012,272.52769665196547
28013,247.5570275590699
28014,259.3527982777322
28015,273.72677234329933
28016,46.064171064356685
28017,248.27919843182062
28018,49.686433825874076
28019,52.76268281492179
28020,27.014252916358515
28021,291.06647230237036
28022,245.80761069455576
28023,44.0409172453395
28024,256.4251412502046
28025,36.55717167131604
28026,247.46054122145188
28027,49.62970119309179
28028,60.23626226846241
28029,263.55481985908546
28030,52.762453069556955
28031,245.83761054683174
28032,276.19493528725906
28033,31.909498406105314
28034,23.83361302481582
28035,44.40392018542565
28036,243.88244416992816
28037,66.57725869015204
28038,25.664399336554723
28039,56.747417368903314
28040,38.944189215092194
28041,270.18680494744603
28042,57.572811557123856
28043,275.051833279099
28044,41.138660381491064
28045,55.564178456306394
28046,20.60391070101963
28047,46.137989890694286
28048,287.45190041079326
28049,279.6096199041069
28050,242.38623265583539
28051,42.29756924407488
28052,258.13411134933057
28053,250.95360331189667
28054,254.53146062955096
28055,20.500592585574196
28056,275.65240013502233
28057,266.0816511064271
28058,250.6170069816474
28059,37.02373308344002
28060,38.617304949561685
28061,249.18408789286264
28062,245.14680837824122
28063,254.50091267204434
28064,41.12047398443272
28065,38.1142400613999
28066,58.15940206134886
28067,269.521089414873
28068,267.7172591429277
28069,38.2647877495109
28070,266.8721228091855
28071,296.64082605077124
28072,60.86230828586284
28073,87.51071124727846
28074,47.39548008400078
28075,31.695602810183942
28076,264.9205060849072
28077,245.4451011467204
28078,258.47841567095725
28079,256.7904887169372
28080,282.06258081202077
28081,271.78768693546505
28082,51.00303210651546
28083,42.21661270967212
28084,294.1084963083081
28085,43.49160452376182
28086,37.46493919533188
28087,286.7183661805849
28088,33.2880025183118
28089,282.6751711934734
28090,57.79346408836474
28091,259.80506722901123
28092,261.42402836344564
28093,38.92639023746074
28094,278.9415875742891
28095,249.84604146681608
28096,282.4800074514056
28097,61.60673480054061
28098,64.57264987856544
28099,16.46314927703699
28100,62.46661750561134
28101,46.16982978344592
28102,267.9179051056792
28103,80.40721332891769
28104,55.349249771864635
28105,252.8221853905872
28106,292.734401971511
28107,55.86972300435406
28108,247.8463005321804
28109,286.4096568713114
28110,60.639215509263806
28111,237.98648337952505
28112,287.5778412510082
28113,290.09558371795936
28114,44.36658151387854
28115,37.21650186830311
28116,269.91471054422215
28117,58.505400976455604
28118,278.53286427901133
28119,59.92221699376185
28120,29.470405994263388
28121,257.26167989846203
28122,88.16141014996603
28123,276.4965640531632
28124,257.03798199360216
28125,287.2389482360232
28126,81.16934094137179
28127,69.56011525916051
28128,33.40079682317429
28129,47.138384839618055
28130,80.56645031696797
28131,38.25680064360154
28132,258.3591616634761
28133,46.044769685395664
28134,50.39911079856148
28135,311.7016987079229
28136,273.75350905448545
28137,272.49732286136987
28138,60.486232449806465
28139,37.49634281644896
28140,279.8618941835581
28141,270.52964376753374
28142,236.908947964197
28143,241.95587400383198
28144,295.31352973451965
28145,8.1757193024509
28146,55.19225043402619
28147,272.7799893893799
28148,271.3571069985996
28149,287.25462788889706
28150,287.438790485188
28151,256.4821211110967
28152,249.81719130306317
28153,52.602637679684165
28154,74.05192561248839
28155,287.4789494915548
28156,55.78596053713565
28157,69.80716751952937
28158,263.4673023984289
28159,281.30013840542074
28160,253.58109300320055
28161,273.0374539762389
28162,45.72997992765369
28163,45.97983791758318
28164,275.41219639669737
28165,281.9048908853369
28166,76.78970195286877
28167,47.71771526930351
28168,273.54861671910294
28169,273.6781655144678
28170,59.49971859745162
28171,271.92930558492174
28172,296.6628645906351
28173,34.498799068886285
28174,42.40176993095139
28175,42.84072623331198
28176,257.99865249235296
28177,272.0118695592445
28178,35.4058719745594
28179,46.686188153123055
28180,262.16873298140933
28181,29.81338913355603
28182,62.38966795225403
28183,264.2660594396566
28184,275.68777001023153
28185,58.727898192829855
28186,276.01121725174437
28187,51.38153054860615
28188,32.146546000311474
28189,272.05879348030106
28190,34.58061883415695
28191,32.86111709789793
28192,272.4401796207703
28193,282.44435888178873
28194,39.959822221459376
28195,269.17368364051055
28196,56.63942575310594
28197,41.32038051975877
28198,285.29899584899977
28199,287.94648026491245
28200,297.09054443852284
28201,297.215608141922
28202,21.800899230546705
28203,44.99800926520547
28204,283.5215990841483
28205,44.93989346500797
28206,60.61316228355972
28207,61.865389217062926
28208,33.1877244426004
28209,65.03297441684435
28210,301.6762484598055
28211,297.7376660545781
28212,41.43339443690698
28213,32.717129610547715
28214,58.56236800883278
28215,39.74458179118821
28216,290.46979608691913
28217,283.46374706067786
28218,64.33569227871374
28219,280.8348143650499
28220,10.476504778624232
28221,298.2978709467575
28222,273.31497382464926
28223,87.63810493890455
28224,284.5235094690811
28225,43.00795756946377
28226,286.8346507680484
28227,276.7262026521112
28228,69.13897460090877
28229,288.53472728922225
28230,244.03426421231475
28231,31.969043542764553
28232,45.926871231935394
28233,67.8220152709406
28234,60.74981089339022
28235,284.8928794954564
28236,28.059023661281373
28237,37.11201115824596
28238,300.1625041462894
28239,255.66937727183537
28240,64.0388439010606
28241,53.39651361921406
28242,266.047254249764
28243,284.19601337471283
28244,253.96487876062974
28245,304.25225716142336
28246,245.21835807314764
28247,45.83722662158419
28248,285.1587046130856
28249,26.715068086104594
28250,300.76894225634373
28251,65.59140851909854
28252,272.4994293068572
28253,59.39911039139858
28254,251.0840227316799
28255,59.49574015643893
28256,36.96176480988524
28257,267.6812252667354
28258,63.94259088014351
28259,290.7214689130992
28260,258.12917930275967
28261,55.88986383232722
28262,32.700415969702476
28263,22.83785059798906
28264,69.6066811379012
28265,259.10049781447196
28266,286.4880077883661
28267,256.8084475293848
28268,65.28496115567549
28269,67.17843796971209
28270,37.75138135937314
28271,35.65918445706677
28272,54.63308586712799
28273,269.43962095301583
28274,54.29972268030497
28275,40.02502399814813
28276,250.7680872319527
28277,30.53109463419429
28278,284.3291043710681
28279,261.2340687590412
28280,276.2670042464067
28281,278.43259247829087
28282,61.45238654974551
28283,288.6711899321605
28284,288.65144451035144
28285,29.828802991670813
28286,257.91518853268263
28287,283.3822896521453
28288,28.49206995537409
28289,273.4636435228067
28290,38.93741413518558
28291,44.96182190030561
28292,296.8202126163708
28293,28.745839659788885
28294,254.39575390155883
28295,274.47558937728195
28296,298.1780087078416
28297,269.94483276517815
28298,249.41329967227276
28299,27.44671763885293
28300,244.78738692738716
28301,282.62001251089373
28302,73.15443868304348
28303,300.4347423790281
28304,86.56044195483923
28305,271.95480002951143
28306,39.49225852764846
28307,239.55086787452873
28308,261.8938341059663
28309,276.34403407677934
28310,275.0950137086842
28311,283.08866760595276
28312,237.98794789713418
28313,50.508574954553126
28314,-92.81543197086256
28315,45.31992953472232
28316,291.69141511029494
28317,275.5440501870311
28318,287.15550300459165
28319,270.20906861806066
28320,55.36742223165737
28321,269.5596198240961
28322,35.41921976953961
28323,21.12723906225409
28324,271.26410824407924
28325,44.34313006357593
28326,44.033671616741145
28327,42.71911449287313
28328,72.20345919347952
28329,33.62323364087433
28330,60.900290482014015
28331,253.93533298788623
28332,43.38492880965367
28333,246.48788870656534
28334,267.7461877148223
28335,60.71266313527022
28336,276.7147590429626
28337,271.0945459408226
28338,56.05491142690934
28339,41.07129398999518
28340,262.0222468328735
28341,53.56240348497454
28342,288.3617006576595
28343,263.930646618486
28344,281.5149574341872
28345,26.738799266592338
28346,308.27335544139567
28347,72.14188857600647
28348,37.35241807548212
28349,243.74530070551015
28350,257.3537115592072
28351,45.17254113279154
28352,46.21602381392455
28353,237.1706139424729
28354,265.49142192137003
28355,273.1009057586351
28356,41.39656216827038
28357,8.121342343170056
28358,249.9205575491255
28359,264.5963975591227
28360,271.1892978764927
28361,315.79535844488566
28362,285.4127745146198
28363,33.8209011221561
28364,299.01238880235314
28365,37.55736241139667
28366,285.0232484162225
28367,31.971797421415346
28368,41.77280815353092
28369,51.095948814780854
28370,38.54532711002679
28371,54.52833639099896
28372,307.4206417448923
28373,59.0839597245558
28374,44.60207737307377
28375,41.9772427755276
28376,65.19141475793174
28377,17.583483776343456
28378,44.70589725104699
28379,247.53706207188486
28380,11.705309146645007
28381,42.747217661092805
28382,253.22860598104998
28383,24.460752274704035
28384,63.30765329157916
28385,293.7498215197621
28386,294.9344636517311
28387,278.9143882818511
28388,51.052256099376535
28389,280.87350774751894
28390,260.75233107113
28391,76.2236764936435
28392,287.9951377853296
28393,30.328957163637085
28394,10.904386206781979
28395,246.3889896647575
28396,265.21786525211974
28397,54.7148773908323
28398,266.7175924609728
28399,47.059220794983474
28400,48.835189407165586
28401,237.62487402175375
28402,247.49540077275626
28403,7.711294130083985
28404,246.72598938461678
28405,71.48019865620486
28406,43.17030965247832
28407,298.9283914822378
28408,58.096852778955196
28409,260.17664565719883
28410,282.96043521997706
28411,44.30336404643782
28412,53.875515496382775
28413,278.1988928877863
28414,28.33996146861864
28415,268.60761207088757
28416,276.570553614042
28417,283.65846631730903
28418,290.6839175453353
28419,281.9083751625438
28420,50.44463987731535
28421,35.7822536641396
28422,279.1532131479937
28423,294.9712412641456
28424,25.66712008632878
28425,60.36348484615502
28426,45.268337478247844
28427,46.360570223838266
28428,29.553368574854176
28429,284.4346490647823
28430,36.38018941105594
28431,43.99476618100641
28432,38.93578943609151
28433,27.278180312563777
28434,280.3783482648288
28435,32.30745631429963
28436,37.13287655370186
28437,7.250911929709716
28438,73.81467091166888
28439,32.64848642654255
28440,52.60914791833491
28441,251.02504095646225
28442,288.212022189098
28443,270.3593292245449
28444,55.983876817548634
28445,60.50642783284522
28446,260.89374818502074
28447,293.7704504354275
28448,43.19575422351886
28449,56.66849779559422
28450,37.45837078090648
28451,41.63564957492457
28452,25.520035588761132
28453,61.35726893901182
28454,50.52514144682675
28455,294.0331642066503
28456,27.644002959603128
28457,30.58077620790425
28458,4.976908425705844
28459,59.79435842351171
28460,79.16746051242404
28461,23.024748161679014
28462,35.12499030800427
28463,42.30246567036605
28464,59.370317540254376
28465,36.671052181317606
28466,76.10903657778101
28467,312.1955543973307
28468,22.900478453643572
28469,49.78231236737693
28470,287.90441919771524
28471,30.232373631008613
28472,46.902108916569006
28473,40.46438258109464
28474,26.302252872315634
28475,18.98825023590466
28476,291.58325108024655
28477,28.76255222374141
28478,20.216443357054303
28479,19.728956670497155
28480,298.63055225020844
28481,285.9854915926885
28482,35.35516486534712
28483,46.954884288449676
28484,64.6999813237507
28485,31.855994773841957
28486,33.394814002279645
28487,35.442503278995986
28488,31.94118687119996
28489,32.09590111654654
28490,289.0081075092628
28491,280.3805832115796
28492,9.631712223144248
28493,-8.356039291109354
28494,46.367487077323574
28495,34.59213711118244
28496,265.8720251734941
28497,55.15447453090752
28498,22.23817085712176
28499,41.0524232933937
28500,57.49581740661543
28501,38.913410801497804
28502,299.1871235280645
28503,56.062368811948744
28504,42.85503729376822
28505,292.68470155925286
28506,276.0075237128997
28507,31.35874173107308
28508,59.088826735440136
28509,14.869560270631752
28510,33.197727459399374
28511,292.0295216289596
28512,288.92867660955227
28513,300.23331486227926
28514,23.88205322131371
28515,32.86267112522748
28516,-4.351199520938366
28517,14.021167065143032
28518,21.00085250026784
28519,-7.617401102659457
28520,16.171064879659994
28521,5.77480478934126
28522,39.10000644189259
28523,61.0282400936874
28524,24.2238155810755
28525,21.559414724272955
28526,25.484846403043093
28527,25.959514364617235
28528,42.99068981247447
28529,318.0350551775374
28530,22.93784193733893
28531,277.9847959710298
28532,54.09192529134148
28533,35.89393739669379
28534,46.6277075292729
28535,68.87100676497548
28536,35.67020184943581
28537,17.968192121617065
28538,278.69885901558
28539,35.043735115525465
28540,53.330864009646945
28541,3.047478374043507
28542,15.53155754526314
28543,291.8885725713452
28544,43.37174193748899
28545,21.155887374468634
28546,53.38817062715705
28547,-0.14860538596575168
28548,280.0556218508319
28549,300.4383593803913
28550,269.07194125262345
28551,31.84380248878685
28552,289.46070144474436
28553,14.329281167534788
28554,6.578578899643844
28555,1.882126376722482
28556,-0.9173055069785931
28557,-0.49606697458075644
28558,19.34196165654592
28559,21.02580472955438
28560,44.90612335533069
28561,17.43847536731215
28562,-9.798454994428823
28563,-52.93567204514351
28564,20.085539398561906
28565,23.873314879361757
28566,10.279615918887927
28567,2.337119388773317
28568,30.22284003693474
28569,29.993325233143054
28570,14.819444956694511
28571,19.797111774746412
28572,-11.569272986304867
28573,26.705460411454396
28574,34.44941893267165
28575,34.4869064501797
28576,22.60539960355095
28577,13.068292942540396
28578,-17.4741134883146
28579,-2.867612112725979
28580,27.16241258904836
28581,27.82515052187
28582,304.38112689142736
28583,50.472524378151434
28584,-12.083546227416335
28585,24.426545758234553
28586,23.10730781701467
28587,31.188975439367965
28588,24.49910015730522
28589,14.52727775882208
28590,304.7065838945051
28591,-13.103551968792672
28592,13.782529518050126
28593,-12.009841860929683
28594,36.17541631386632
28595,45.40257281035332
28596,285.65294503253733
28597,28.681825119304733
28598,289.19629440969436
28599,33.457205096613166
28600,50.09861739087671
28601,1.47722315251076
28602,29.832246475365935
28603,35.55880559169023
28604,23.040985957286622
28605,20.20138359237164
28606,46.949057705422064
28607,9.912944994095454
28608,51.05095528987721
28609,263.072582794608
28610,18.13351166008087
28611,1.5218123039967821
28612,8.19397865108354
28613,14.888644476779746
28614,63.782447461225644
28615,20.967415213055432
28616,284.27309751190325
28617,57.39751791632486
28618,8.451201777195664
28619,29.441790638400192
28620,59.447306298118775
28621,34.93750179051534
28622,30.625460226460376
28623,15.253445382553608
28624,307.1099315661742
28625,67.91775060933563
28626,46.29319201522006
28627,282.01234345940156
28628,65.12108375459394
28629,256.2786970977835
28630,48.00072445678964
28631,-13.916847404130351
28632,53.64288089113336
28633,57.61284086041019
28634,31.057889479503217
28635,52.90904170235413
28636,277.50418101192435
28637,1.6405677994393812
28638,20.086518617257894
28639,19.589237592281634
28640,-0.9020894578550269
28641,-10.869730309051477
28642,33.09290773083947
28643,66.10950357997802
28644,20.039250505963906
28645,42.78903231628931
28646,50.193120898921734
28647,47.6479675704814
28648,15.922236791785991
28649,306.7700706069062
28650,63.33100843067237
28651,42.17428493976885
28652,266.80655584338297
28653,60.67073159662104
28654,26.601077893377436
28655,70.56703231246541
28656,295.81356404643066
28657,273.26885071405746
28658,42.12290347465381
28659,271.8411634853341
28660,272.1434946599921
28661,252.43836489977596
28662,265.67885055955963
28663,247.2086899433002
28664,48.559737503883355
28665,75.02527176161362
28666,285.79710102915095
28667,53.67198565471074
28668,265.83875872666715
28669,296.32551831912036
28670,55.081527660302356
28671,242.70869422144767
28672,44.5038846107922
28673,43.396255577600726
28674,44.03939577529633
28675,46.68296645722336
28676,31.27489616965366
28677,281.24102639142075
28678,256.7009243484997
28679,55.06627689433137
28680,34.47054461431358
28681,0.6868814090630195
28682,24.481858772079775
28683,60.0188095196028
28684,303.3545289346612
28685,54.83552511165965
28686,43.045886169397164
28687,278.57622830955813
28688,39.84181457382681
28689,274.24067475186837
28690,43.146777030999374
28691,292.92263366232453
28692,273.0704594728575
28693,42.67550616918521
28694,31.940900079199963
28695,46.52803651930938
28696,53.63750445814779
28697,278.36557743512265
28698,48.42792887641568
28699,269.5410409308739
28700,49.26422146770372
28701,40.064012540091284
28702,-1.9982820368287975
28703,270.5968026745853
28704,36.87042113334445
28705,257.5667407384094
28706,51.8448176818043
28707,21.5519267086071
28708,45.18197993768675
28709,32.27226559921996
28710,31.529909294776218
28711,52.697438317733855
28712,75.96333884937744
28713,82.42190167860613
28714,31.005208433897963
28715,290.63760694168366
28716,254.58109858174845
28717,261.3744190240837
28718,257.98635828290946
28719,289.629779090282
28720,275.427322147875
28721,295.3725278999617
28722,50.25622136123556
28723,269.2055214838862
28724,35.77755854805548
28725,51.47561808727471
28726,35.77265541165599
28727,34.37947234703222
28728,28.15260443527194
28729,39.23202814056887
28730,296.41400354632606
28731,23.455464841030036
28732,288.262022390567
28733,306.43515724632164
28734,277.8369422029407
28735,21.52578906709384
28736,280.16116964563605
28737,264.67828940315337
28738,72.00126636598188
28739,275.86062473027397
28740,259.75929975182254
28741,295.67415767028854
28742,22.26014611423038
28743,270.1444228901908
28744,62.31960204520357
28745,247.58214165507525
28746,69.85055232163597
28747,60.398315829256006
28748,282.5626391954987
28749,268.8741815992212
28750,20.303381057976424
28751,41.26963249820918
28752,43.617312217423574
28753,262.0996989537759
28754,22.95492912917136
28755,253.35703195389212
28756,247.56204461364183
28757,68.11306252322996
28758,43.36788445567285
28759,291.9944915957159
28760,267.0566467476849
28761,271.8868436265227
28762,266.6755701591438
28763,243.35607354513357
28764,54.18744667244425
28765,22.98995504850234
28766,267.44707930478353
28767,52.1761671434769
28768,42.73212751739706
28769,258.8049954367992
28770,21.933169997381867
28771,266.75772833859503
28772,308.78575374601974
28773,248.70488756395454
28774,277.4054525346335
28775,22.216188363800754
28776,56.98489475078699
28777,69.96188222720136
28778,17.182078755109515
28779,47.667928767696054
28780,263.1373574330352
28781,37.87240358364551
28782,274.1997115200864
28783,32.14780045198839
28784,38.7770960858974
28785,48.63748023006886
28786,9.465700122354747
28787,22.7078169966055
28788,275.02371836658654
28789,80.20567525335841
28790,276.2207241133792
28791,52.793558652832104
28792,35.677903815425054
28793,63.357751585224236
28794,261.02061653330554
28795,295.7728166753281
28796,61.487295242218494
28797,265.5780394022079
28798,48.877206209604964
28799,282.5384190020435
28800,250.40858320676662
28801,30.543382042858525
28802,288.56592488577576
28803,33.47979189584447
28804,43.253296006829316
28805,257.6859462877808
28806,45.1845514914923
28807,42.93341689157995
28808,239.8126846429714
28809,22.30063834831688
28810,45.56290986435499
28811,67.19272613364265
28812,36.949412239911766
28813,279.1739769952087
28814,257.5321229968907
28815,244.48373551242253
28816,44.98891549372644
28817,265.98259384740413
28818,274.2070149225758
28819,70.97143232521842
28820,278.4958930586256
28821,10.260983873457548
28822,35.92827587042109
28823,37.296124433939525
28824,18.504323806424253
28825,26.04155054597028
28826,16.045332584511414
28827,268.1737201940891
28828,291.0327108591857
28829,-5.39355678383447
28830,283.67531002712076
28831,41.879441605505974
28832,274.51736082982694
28833,43.03242404664101
28834,260.78416614931706
28835,260.09476133952546
28836,244.1290000080507
28837,0.5444122699476566
28838,260.93340742360635
28839,31.09662669493028
28840,264.90517210903283
28841,264.9894942330054
28842,275.7174471177939
28843,-27.372934334507335
28844,289.4847367435108
28845,53.83085008322402
28846,-13.103960088022362
28847,266.3236672334932
28848,31.887567122752472
28849,242.04970678765977
28850,261.628409207627
28851,259.6278130483744
28852,274.9392316825584
28853,297.3624806437157
28854,35.41805132469108
28855,49.54429347593768
28856,282.10990663938605
28857,278.7606388113061
28858,264.2451168482579
28859,272.50590559458044
28860,62.16226510438585
28861,72.49482494432533
28862,266.01011721265655
28863,53.82533266150813
28864,251.6982805791009
28865,25.521031884284895
28866,34.017028459092586
28867,42.03213147645971
28868,57.38974135102592
28869,37.033695165758274
28870,266.1207035970168
28871,55.091530138284526
28872,270.6378784954351
28873,68.23882825602888
28874,244.02811602355442
28875,78.50938357878178
28876,257.3631254866026
28877,278.137646552481
28878,252.30282010105097
28879,39.683852241577966
28880,284.7992633322152
28881,15.549011584089172
28882,57.10100895210067
28883,40.68485184578205
28884,69.87456940734867
28885,265.28877953066194
28886,266.5645795849544
28887,51.553893001369175
28888,285.003850162342
28889,14.878600333915003
28890,14.379421027211137
28891,15.772508682681362
28892,19.906936366782176
28893,47.805168938247846
28894,63.38974089387102
28895,47.054812312981596
28896,-12.885216721254409
28897,287.820819385295
28898,19.754304181432545
28899,261.84849058419553
28900,32.7831822539238
28901,65.99775610290402
28902,58.998247086189735
28903,273.26536624088186
28904,41.38559246312332
28905,62.242518076330384
28906,30.97849269940525
28907,275.9566043072981
28908,278.8799063459853
28909,20.29899768171704
28910,-0.5550115279292669
28911,243.60193860721074
28912,56.958908525424846
28913,279.34679450413864
28914,275.1264725252487
28915,286.5314362691919
28916,38.89481431093125
28917,242.6797030251355
28918,260.47758367204403
28919,276.6667018998423
28920,41.221195901341474
28921,33.059352019604404
28922,258.6639651126209
28923,270.81975809459846
28924,44.44387878323445
28925,63.697549967950295
28926,73.10236110058901
28927,249.0624600588848
28928,48.36976380468471
28929,42.109732190337354
28930,289.15380232860923
28931,50.97940515888857
28932,270.07491725583503
28933,77.10167465716037
28934,279.4267799255948
28935,250.38445994019773
28936,270.67573266104637
28937,261.57491061080657
28938,260.1339164463707
28939,43.2166207322899
28940,-3.5160560805579593
28941,11.785209927007344
28942,50.32592828240013
28943,268.7958938101908
28944,67.26344122704128
28945,268.26412840104894
28946,19.027825506248632
28947,303.1439000278691
28948,258.72421218500995
28949,56.1036474496519
28950,286.25179365678474
28951,248.57800191945333
28952,249.01563670188938
28953,52.4678558529819
28954,35.486412711357616
28955,290.0511629090034
28956,57.17201666325994
28957,66.16063956323566
28958,300.54311551476667
28959,252.96873890785778
28960,46.2721164157839
28961,264.05887642025664
28962,45.462372790147924
28963,18.71829468755945
28964,54.38201981933838
28965,279.09197528227287
28966,57.72029354053231
28967,49.68399680397084
28968,31.08196747455787
28969,40.86279518519336
28970,272.10957908428594
28971,251.7550984664506
28972,31.61669667605352
28973,284.85533371622455
28974,264.42558348206444
28975,258.67542211700913
28976,222.82710634107627
28977,9.576759027596779
28978,248.6669089759241
28979,261.05759359259685
28980,237.31222915584655
28981,272.08738760494236
28982,-38.33023110295113
28983,50.096705254984215
28984,268.195623089685
28985,55.93214829430772
28986,288.97316635879235
28987,80.52936028597529
28988,246.89493348645294
28989,300.0876721659796
28990,66.09205995836561
28991,277.2912408855085
28992,37.46377245918296
28993,280.3241963514524
28994,275.9466194772167
28995,55.14355251228412
28996,244.01639469350079
28997,53.18606109640808
28998,43.952940655996
28999,294.1246071751753
29000,250.8576276016322
29001,251.1069059383258
29002,295.10849232632484
29003,291.37062173861653
29004,23.760948768737464
29005,37.81142408783538
29006,280.6052358683746
29007,71.3379094808482
29008,255.40492134620746
29009,62.089850035057026
29010,37.36460022494023
29011,34.65704716894251
29012,265.3974171740251
29013,269.673271440897
29014,-53.878888402759024
29015,66.67393493922938
29016,266.169387711232
29017,265.3020792686016
29018,257.30034911722083
29019,304.8322656284998
29020,57.95275960599923
29021,272.11481743071926
29022,68.43558597677384
29023,58.976093594626434
29024,29.362878487811372
29025,48.48510015738185
29026,254.70034996098627
29027,66.00432392664746
29028,238.80053623656357
29029,272.0673223697866
29030,155.77523061536215
29031,270.511964123156
29032,12.430134023829098
29033,294.4279597718978
29034,54.58509194820053
29035,51.57968616803319
29036,268.371186539405
29037,34.047794785014645
29038,43.33507385483554
29039,279.11100861242744
29040,232.16660680467356
29041,271.71930129081125
29042,51.79290550828165
29043,245.40942591037867
29044,281.6020740515129
29045,241.0918210256385
29046,279.97706237719905
29047,250.32557327366726
29048,271.61936846647404
29049,271.95400675625694
29050,276.6335933815121
29051,-7.250569765950331
29052,299.1792874744521
29053,288.37365160278256
29054,310.0430481524572
29055,294.0136806151828
29056,65.80293973257179
29057,253.952294265343
29058,269.51654514622885
29059,239.88399630980197
29060,256.60502021379193
29061,281.45352517752127
29062,28.9443720767311
29063,253.79440636310952
29064,64.31645120009892
29065,-41.21592861692047
29066,273.19003204845694
29067,43.22413495650383
29068,-105.7789670577516
29069,293.23745065921014
29070,261.99968192088306
29071,3.2454158392528285
29072,262.86428815384534
29073,0.8609376431128766
29074,272.7392107953639
29075,259.112834813885
29076,236.23594305663875
29077,279.42713770748094
29078,285.04821258033337
29079,275.9093295773727
29080,270.13785639951436
29081,57.770505713033316
29082,244.9578808539679
29083,274.23333875121233
29084,223.91567822543632
29085,53.58863575709478
29086,314.6946060190577
29087,53.02765709922923
29088,267.78482664429805
29089,55.33030527315245
29090,24.075516053406403
29091,47.42268727359627
29092,283.85141710029734
29093,229.74011547603388
29094,50.986780359052574
29095,40.82429205292789
29096,246.59204346253975
29097,42.66549471791464
29098,268.75403486242783
29099,245.25924075205654
29100,254.95787045967992
29101,249.47832400046573
29102,268.6790053877178
29103,47.628882342776876
29104,58.42914294813497
29105,295.097687739314
29106,55.81038315553545
29107,277.281931411601
29108,49.28304074799314
29109,279.1114898694582
29110,312.7867478040078
29111,268.07862906502373
29112,24.283792744522685
29113,234.26233368161
29114,259.453629715082
29115,270.1557864575456
29116,48.265514056934904
29117,268.589013959455
29118,263.9029565299867
29119,284.21666355649995
29120,260.7097579303832
29121,239.15445706421247
29122,299.9328335372383
29123,237.54921751693925
29124,263.2701242470198
29125,57.26375907069553
29126,41.95997883850879
29127,64.83316579545101
29128,282.2007622821284
29129,278.75909847044426
29130,281.6033241309028
29131,313.85175042257026
29132,34.80565751750257
29133,39.11329714447484
29134,41.88344417403923
29135,55.45094798020676
29136,58.38554846469657
29137,56.58723880392765
29138,252.04461152825237
29139,49.21774480775048
29140,265.57763400276747
29141,256.0228817369158
29142,247.75635599693368
29143,58.96588634220717
29144,260.32123975897025
29145,278.39476248860285
29146,66.5867005369013
29147,281.2221576533247
29148,273.6388920163283
29149,283.80131191339547
29150,58.31180377874543
29151,283.4004834676192
29152,247.62966518959462
29153,283.6537995082492
29154,265.2169524100552
29155,286.6183975225378
29156,281.64231200581116
29157,161.25040428281028
29158,61.75574234373482
29159,256.8602156580053
29160,288.0408759927062
29161,259.12190292995484
29162,47.63599325145708
29163,280.0699790338399
29164,271.16435405699775
29165,284.44363711716863
29166,293.9825853284524
29167,279.7973864316559
29168,310.9780305606356
29169,277.1334977905217
29170,50.9056203340042
29171,299.359666542135
29172,58.86402174657766
29173,260.6562864874069
29174,52.774539522219555
29175,-19.53008240062361
29176,290.59339548846106
29177,287.2343849453529
29178,285.77187853052357
29179,42.90688861767866
29180,291.86186538943184
29181,269.2810689299911
29182,234.55528979440922
29183,271.84517909413717
29184,263.7047410949239
29185,67.07539215151485
29186,289.1164427395278
29187,244.70713412921705
29188,254.75296829842895
29189,5.924781278497505
29190,287.3077202063118
29191,272.1431607094413
29192,254.8141419368576
29193,48.82278037294762
29194,140.49871611738715
29195,252.24316811054646
29196,253.34101360110387
29197,265.3743780362469
29198,288.9504973198778
29199,252.00762015740267
29200,65.26370611434794
29201,224.6455176210865
29202,-17.974307256985522
29203,292.990355098314
29204,210.21158462619582
29205,-27.464707803630038
29206,247.84419846375943
29207,52.77259476671034
29208,-6.401247867357566
29209,63.963205623183285
29210,268.6200040130245
29211,17.76793069170013
29212,269.92367154160956
29213,281.2267525330401
29214,273.0201127535722
29215,296.5546908668748
29216,57.204771223570674
29217,276.02403979042987
29218,261.39163768821845
29219,215.08309901103493
29220,64.14107053087028
29221,24.052013692023394
29222,-21.238325682125307
29223,23.698184004233653
29224,274.5019610425185
29225,247.20013844401666
29226,310.3515856261304
29227,304.27817012543403
29228,187.64259155065372
29229,266.0706712800496
29230,233.47474233522985
29231,283.1771832970747
29232,270.46473738754844
29233,57.94523712927591
29234,251.72826523087522
29235,233.95336884860504
29236,-33.77229522329601
29237,219.6521358976553
29238,242.5779074167822
29239,295.4810706511664
29240,261.10138097859686
29241,213.66189087455678
29242,251.1060429444962
29243,41.40987820143576
29244,295.6157025304153
29245,46.57896997373712
29246,222.83199234382374
29247,55.75801529398552
29248,253.01130429043045
29249,19.583520016597305
29250,252.80843873152986
29251,276.5339134352573
29252,277.4837757563939
29253,293.1018538830271
29254,11.393474228232307
29255,63.06774983423989
29256,199.69755274157848
29257,264.73997361854833
29258,248.46838526996387
29259,69.76725058940534
29260,273.27801793150115
29261,275.94847286132625
29262,271.0583642131378
29263,266.9544989380323
29264,269.2151193876841
29265,270.63556405451595
29266,307.35006624294954
29267,42.18349593931305
29268,28.510343005223916
29269,61.148603925829775
29270,271.66890734042005
29271,265.6942174831771
29272,291.28043921511403
29273,260.91830654841914
29274,280.3559468131574
29275,253.59346987828903
29276,274.11587816305484
29277,254.37847491712643
29278,279.7788726378643
29279,291.00751331560946
29280,304.218527016723
29281,257.2405804131131
29282,243.76193936159868
29283,258.54541995222064
29284,281.7840372909104
29285,50.464010860770486
29286,261.7152674369844
29287,46.51600010454567
29288,251.65718538426486
29289,297.4693150631334
29290,49.714158047341925
29291,281.9185985835446
29292,26.776567988405972
29293,271.61578909413606
29294,282.03646561337655
29295,262.716018787979
29296,263.6165185041966
29297,261.3493857502343
29298,251.9023522907474
29299,252.6068442099506
29300,30.90792333286248
29301,53.531487171205725
29302,67.99829871581952
29303,284.75596372637915
29304,263.6867612229063
29305,291.31630717681037
29306,40.56901626486754
29307,265.0134627634485
29308,61.312653488164045
29309,283.6780230802043
29310,282.5096343621626
29311,262.99445779254677
29312,226.97976445620128
29313,305.36661023718085
29314,278.4580921404539
29315,19.1008957001642
29316,305.2143010671181
29317,314.40559975096176
29318,265.2133062678533
29319,289.86873965274816
29320,53.2366338116874
29321,241.07255886408615
29322,252.49938696444806
29323,254.14033791934227
29324,308.91810055197374
29325,255.56647757559523
29326,192.31746834360916
29327,250.58318361883943
29328,303.11821598079814
29329,269.71106813895074
29330,225.83353768581338
29331,302.1547199926821
29332,252.19168028371598
29333,226.63706129746475
29334,251.75256091993876
29335,61.98404849911054
29336,259.6230756184854
29337,237.65488854086692
29338,292.2457475533199
29339,14.762484097209168
29340,2.265013207716052
29341,281.2404340395289
29342,246.8509314605871
29343,309.5293346086539
29344,294.55111755086807
29345,59.68121063680411
29346,36.1736977778925
29347,284.9751420438655
29348,263.515184948848
29349,254.42195549988986
29350,42.46673012700825
29351,19.644773650694887
29352,258.8442997407294
29353,277.37000065942783
29354,268.94717579830274
29355,263.8516008843532
29356,240.6589091816729
29357,248.742776571567
29358,274.4907921198644
29359,233.1228739047001
29360,237.86168988045804
29361,280.8467185531498
29362,231.25048293753414
29363,43.89356291646416
29364,297.95332517744254
29365,235.3192463556433
29366,254.6383948687196
29367,251.31999211361776
29368,303.7240347009073
29369,257.3875023660568
29370,58.912549623197634
29371,250.37531983058574
29372,270.23780551508327
29373,261.02560669759464
29374,272.97914155599415
29375,186.1117224879512
29376,283.6886302061016
29377,256.9161919526882
29378,265.2058708665958
29379,137.68490675269916
29380,30.80397520946667
29381,230.76453484694136
29382,277.4301157766392
29383,300.97288584271456
29384,63.494900384971174
29385,37.31910507509036
29386,255.1065487756376
29387,279.8227787590319
29388,259.0242960510355
29389,65.14378324713599
29390,76.83359968975486
29391,261.6899908610991
29392,283.47449728298534
29393,269.5198786720664
29394,280.95226785015495
29395,10.146174336760225
29396,258.57493525530015
29397,293.94670161651754
29398,232.0858257252537
29399,245.51360754326362
29400,79.16034604651952
29401,71.06780903040766
29402,274.1691443612903
29403,286.0517271672435
29404,252.52767938388936
29405,245.15948801346892
29406,262.8650773527214
29407,286.03050662729447
29408,265.73138254733396
29409,257.74968418115805
29410,263.55340316862396
29411,241.83619993288667
29412,53.505334459143256
29413,53.33633994556618
29414,258.84683878976426
29415,270.08657287207643
29416,38.55485786947716
29417,27.384975672831104
29418,301.99848535165773
29419,283.8282818287248
29420,259.08109563162503
29421,71.51947432665119
29422,281.90867409041743
29423,58.526125704048496
29424,258.60229590317437
29425,265.98054983427704
29426,281.55694419422434
29427,266.3875395933288
29428,272.0617901796969
29429,59.20882181011342
29430,273.96925285791207
29431,251.23040745430265
29432,241.77232285115824
29433,277.7907332018852
29434,279.83408461209274
29435,311.0800564131732
29436,69.37827298774033
29437,250.98754571059465
29438,262.6022680417549
29439,53.383543279672125
29440,259.2678675566661
29441,239.18635980131208
29442,266.0976674471317
29443,65.58044378550659
29444,47.432417471000804
29445,293.00291696313536
29446,299.75842582944045
29447,258.25427405370453
29448,263.6330904867565
29449,275.6354888596443
29450,250.73128994635744
29451,281.0959884207541
29452,267.73036135174493
29453,273.7639659694901
29454,262.3892924408072
29455,266.2043324076702
29456,282.0395751227169
29457,176.3561362900445
29458,43.59528345111309
29459,259.41313451419524
29460,268.36284824634663
29461,278.83248824245067
29462,54.25234726378412
29463,40.334044734332764
29464,275.1575997952306
29465,-139.2373481185844
29466,26.020784881190863
29467,44.87084207477494
29468,231.3729619268797
29469,282.33196797917356
29470,62.15740022161654
29471,301.1478983908494
29472,271.49149100061703
29473,275.47783625109713
29474,254.46953933450652
29475,293.1147504325692
29476,34.37359912067845
29477,272.4471397599
29478,43.998495933475425
29479,269.2009562577245
29480,290.1134573294389
29481,283.6906124995869
29482,160.85969123347854
29483,276.88147200774955
29484,279.14141992269543
29485,236.75951118228676
29486,177.974959423818
29487,217.04508738095805
29488,272.1698758684588
29489,282.77203625122183
29490,266.7976130208182
29491,56.23018972471351
29492,58.70832715364861
29493,285.1772256803537
29494,244.9181368654158
29495,254.70650557521196
29496,306.82791125872063
29497,264.1942474458897
29498,302.3337933227233
29499,296.8344726818708
29500,236.10516732549377
29501,49.73678650886947
29502,56.72914599770303
29503,316.590976684653
29504,55.886715700768775
29505,70.12334262967036
29506,307.4168845513858
29507,51.56069349041451
29508,70.29215311800513
29509,62.11058190304382
29510,284.18942221882065
29511,292.3742115124369
29512,285.07744762764
29513,235.88539317834287
29514,287.9183304925033
29515,245.71945149287666
29516,271.6773871573632
29517,60.751167455118804
29518,234.17909556829187
29519,64.40140215742937
29520,295.9089840320707
29521,263.72399819338045
29522,67.03785953941349
29523,153.2291409519327
29524,243.05508024308213
29525,286.2382961524171
29526,259.41349688094454
29527,254.25829544487897
29528,299.7075031889266
29529,288.4342453399181
29530,268.99437528740475
29531,262.5311718232947
29532,285.6683429518957
29533,74.0818567845551
29534,40.83940991507427
29535,261.77047419581186
29536,295.6614118490727
29537,279.63525486695454
29538,300.78563189435306
29539,289.34179735347544
29540,288.0912191550973
29541,244.60599603613133
29542,264.31767593043696
29543,53.705833653618384
29544,273.37119543638534
29545,250.24530213348612
29546,270.7501343786181
29547,46.77480621981039
29548,54.814363503384044
29549,271.8998242926273
29550,58.7521850495385
29551,258.22867589108694
29552,260.0872345342002
29553,265.3241921834468
29554,262.6411810556634
29555,303.65442427955975
29556,267.8869649104116
29557,59.681436904173836
29558,265.0764841326991
29559,50.3692749649922
29560,289.27307763718824
29561,256.69833924790225
29562,52.996709052960455
29563,253.72038801561425
29564,245.1320957218864
29565,277.45134548339996
29566,267.56570912289106
29567,282.1139705871547
29568,254.97829939153434
29569,253.64245168540734
29570,64.56279357901212
29571,255.18773874657052
29572,272.1402148157423
29573,44.648816390632334
29574,34.472934436255485
29575,294.3091951207698
29576,248.01420403454694
29577,268.0143164398854
29578,258.1858584928491
29579,259.96307321656593
29580,242.86443232855223
29581,271.4395986611179
29582,265.38485003976183
29583,284.35403052559104
29584,259.6830187964392
29585,256.02144546628926
29586,295.5287855214468
29587,287.8544592341403
29588,226.26726518565243
29589,254.4285938290654
29590,275.43570213173916
29591,267.5969651356795
29592,315.2023717825128
29593,272.83494362582667
29594,164.53318354133427
29595,182.7361724961878
29596,239.88958771393146
29597,296.4082729724348
29598,267.6487760312771
29599,36.18780202570005
29600,285.4374492065565
29601,265.4636485812258
29602,61.4991711636944
29603,281.9228650339779
29604,283.80456659507615
29605,248.83357478367878
29606,76.30198838917678
29607,295.3792418244576
29608,302.59073960261674
29609,244.28531266702336
29610,250.59372226432615
29611,207.74547144224562
29612,170.81438274834215
29613,305.0690218439378
29614,260.7029361141981
29615,278.2603380288257
29616,48.15972505074737
29617,277.59098476255065
29618,262.1445434639818
29619,277.37051877663436
29620,224.56897107673012
29621,39.118848688544716
29622,69.87977972912978
29623,304.8978681417324
29624,200.82608311672737
29625,42.0882002666132
29626,284.0169110534089
29627,248.1501894935936
29628,277.0692490211395
29629,45.540159432298054
29630,249.1280693609767
29631,74.48377050317177
29632,288.8889935269814
29633,54.46313704725057
29634,266.54752563364093
29635,69.27073890936484
29636,269.35316948492374
29637,276.05651614323017
29638,258.6631755359997
29639,262.1590792899839
29640,251.46805319826944
29641,250.3924550879676
29642,260.67558313112966
29643,65.05862711616192
29644,259.6884947823255
29645,291.98337570250067
29646,46.18210252875164
29647,276.0080919121633
29648,253.3972419246435
29649,278.67722922396837
29650,248.01907203864036
29651,290.6802031199324
29652,77.57255302980175
29653,45.31989676673169
29654,280.5332149812687
29655,222.33570688474555
29656,282.1567215763552
29657,48.12937473719117
29658,245.58004503263487
29659,286.4740047958363
29660,271.04714854057295
29661,292.26278516152934
29662,281.0405419752208
29663,140.7463927958274
29664,248.64953741620354
29665,281.69589369935625
29666,246.9161347423007
29667,38.50294636144787
29668,146.0131123202112
29669,89.07797920874069
29670,243.49381253816497
29671,225.0103161757632
29672,43.20793463178319
29673,245.60056676984001
29674,226.03209198712017
29675,72.5874392366118
29676,271.89386739487793
29677,263.60771100262974
29678,275.57914654000444
29679,258.34323530811685
29680,113.86546220346774
29681,285.8087742635645
29682,277.4237974968154
29683,288.4542429131544
29684,276.6311824609587
29685,252.79061389505983
29686,44.55871214408498
29687,300.60828077149085
29688,297.5674715772316
29689,264.3833098448386
29690,60.97099033490093
29691,257.3679245286618
29692,7.901066334155914
29693,40.26947590784715
29694,172.0842902086263
29695,255.09949106284762
29696,65.36003507730084
29697,278.51322404016173
29698,46.90133213839346
29699,281.787081256892
29700,272.88865185462504
29701,280.6974036155698
29702,49.75936036330825
29703,272.97807876996643
29704,266.1913228554402
29705,281.28430623114434
29706,26.65535030012461
29707,268.10504527023306
29708,10.648926031620448
29709,38.380718263215414
29710,287.19252820337937
29711,256.56165339012523
29712,284.9431273656683
29713,-7.231748627319419
29714,243.17485133806218
29715,282.8646031539521
29716,24.439352094422247
29717,53.32018420261181
29718,49.191049833114164
29719,48.06152990413429
29720,261.12605691793595
29721,267.91536546791343
29722,284.598283209868
29723,299.26430796097014
29724,41.70589049955515
29725,80.99514221612463
29726,-2.7661969698036444
29727,29.526538719327505
29728,-23.230448026247913
29729,308.6654332335339
29730,11.244489001081547
29731,35.92285430118315
29732,37.86132476562844
29733,67.37032433968872
29734,-11.77798249806196
29735,43.35342045599546
29736,14.115342703405304
29737,4.942552187282558
29738,38.73738239536772
29739,3.2541292138629956
29740,51.83787624777523
29741,39.53639876268062
29742,-3.1759316526513572
29743,266.73163203093657
29744,-17.531109546552926
29745,278.8032228516579
29746,-0.20606064772395882
29747,44.56497066351014
29748,70.11215264960049
29749,22.63455255385695
29750,291.1871518673029
29751,267.8538863198606
29752,18.670819759324402
29753,-34.088495170236925
29754,51.679699204364795
29755,299.0035851255145
29756,277.1635688679315
29757,-39.98579344977652
29758,263.76090761515877
29759,285.96566098131564
29760,-44.78312089245184
29761,-28.539880089799908
29762,-9.690479645066077
29763,303.43328527940866
29764,-10.848636994470098
29765,-30.685451232966287
29766,-30.029680365387932
29767,36.49314633376031
29768,-30.873256934496638
29769,18.43286458412031
29770,261.3557304713843
29771,13.112930883445927
29772,275.05681499609796
29773,19.05347529244016
29774,-115.36083019111011
29775,31.47233630916051
29776,297.0737296636272
29777,277.4630169761447
29778,77.15842907205283
29779,323.2369689940796
29780,281.79460319509883
29781,-59.90660982581119
29782,55.948444646988605
29783,-88.11432592843188
29784,64.99161763894907
29785,287.73873734054655
29786,-62.43674643567986
29787,-42.278997118055855
29788,269.37618860522264
29789,-71.10401355494209
29790,278.033700552255
29791,279.9886497838941
29792,36.68352122455471
29793,268.22765370283867
29794,-39.30068489857767
29795,310.5933328532955
29796,-35.77585727413528
29797,287.56511969532664
29798,48.94802061306561
29799,296.1467143691017
29800,306.46466880962413
29801,-34.48119812031909
29802,262.41991460397975
29803,21.9425326803147
29804,293.1308865246053
29805,-75.1871995606473
29806,243.05346163340636
29807,39.79638285221293
29808,300.6169753310968
29809,275.69344846448894
29810,-56.630919106183526
29811,281.8988608946687
29812,41.00608986474853
29813,-61.74411201976688
29814,48.99958048729147
29815,-79.7667704887044
29816,291.8478135781981
29817,-48.26052181762431
29818,-59.185461564743534
29819,294.1445834413181
29820,26.972697649848328
29821,278.65363980504674
29822,284.0463002805033
29823,251.33476909516534
29824,-7.103210006195411
29825,22.23029291121668
29826,14.76613031668937
29827,-21.752607039319628
29828,248.00381842369697
29829,260.47944786558105
29830,73.3980475834982
29831,-44.82244486989205
29832,-75.28584394959982
29833,-27.944782966757458
29834,22.496029733243645
29835,285.6002886642309
29836,290.20137827543505
29837,-37.25111709035234
29838,71.8378787530466
29839,-23.252088961804418
29840,36.9291539264857
29841,256.5208199626736
29842,276.355078296264
29843,-53.85401178676804
29844,36.59793304470486
29845,-40.38147331186035
29846,257.0737938198855
29847,-96.3490893516375
29848,277.9153201801053
29849,-47.239450809880054
29850,293.3894653999676
29851,-47.49577201703063
29852,37.7657515834419
29853,271.3527744389744
29854,293.7818510935921
29855,273.1264637573821
29856,66.09101621823865
29857,37.14395318383208
29858,253.7886407344747
29859,54.442953497195276
29860,64.81501205678788
29861,73.07409204882995
29862,-0.3928830220644528
29863,278.6506181341474
29864,292.36722652083074
29865,250.68119191081334
29866,-1.9985653253472577
29867,252.71706587472903
29868,286.9960844383312
29869,271.46776286316464
29870,-60.361441402259814
29871,30.589833918909306
29872,5.253203636132284
29873,250.45192635267844
29874,12.20683396535911
29875,60.06246853283295
29876,47.30772044850693
29877,291.12900182713133
29878,266.4176749303274
29879,257.35996175515345
29880,-52.22433914312767
29881,-1.7364013899005357
29882,291.98811122424553
29883,59.49570202906591
29884,47.755056316874004
29885,311.6639880799883
29886,287.447029053999
29887,270.2660332605084
29888,266.18051115451874
29889,270.6051007113456
29890,281.75196505893933
29891,266.9642178192702
29892,58.43477355189131
29893,272.6833585827884
29894,31.347489158801437
29895,309.4387354442629
29896,304.56674432894334
29897,300.0509938698143
29898,288.2324336954191
29899,286.5143894168864
29900,304.5394910545248
29901,271.4793885067786
29902,312.59772059441445
29903,71.22431814311793
29904,268.3523128880506
29905,61.118076724293246
29906,303.7544082666734
29907,300.648044128724
29908,297.7774048414915
29909,140.77410095380495
29910,60.20608318084663
29911,3.884010897415436
29912,284.0924791148126
29913,64.52449901368695
29914,39.07979923942432
29915,278.9658670368523
29916,45.42133468767099
29917,286.63671180392754
29918,283.686028812911
29919,9.381471584349725
29920,8.614450838039119
29921,73.76983649044809
29922,253.37059972915023
29923,20.362167316573448
29924,14.127361723488107
29925,246.82430642205452
29926,63.78107181762931
29927,48.13424576848777
29928,5.214959666411204
29929,26.72975437578718
29930,290.29481690518213
29931,267.0087249079959
29932,73.986542242609
29933,253.76418244921567
29934,232.17563224744154
29935,61.01096251240068
29936,286.81910504320103
29937,-10.521997288024437
29938,292.28611130565594
29939,299.5241721979562
29940,262.73787509137276
29941,28.551520149464068
29942,29.75013293083626
29943,280.2649109979453
29944,46.56565486315648
29945,-3.106542279265156
29946,37.89812871735003
29947,22.374783719000845
29948,67.40599832639865
29949,268.8844605006705
29950,260.70163778724844
29951,297.7553536643205
29952,69.09210761550978
29953,288.167224358836
29954,2.86559879242526
29955,14.17120452806067
29956,34.451356557412595
29957,-5.854026589327532
29958,272.7741944198301
29959,86.75536046831749
29960,61.452833181894135
29961,56.2067833658522
29962,57.150137397127935
29963,38.439191542543085
29964,-10.946805140304747
29965,249.96069140211264
29966,287.0528831304216
29967,287.4301128194151
29968,-17.25002383503778
29969,52.945731979184984
29970,3.54251128173901
29971,66.63748142839742
29972,300.0857864513275
29973,1.9922047835316476
29974,303.1961556903749
29975,26.830687519722616
29976,76.47146210360359
29977,59.565468674696604
29978,290.0013162455711
29979,267.7268167541179
29980,286.20637621154356
29981,294.8154907227638
29982,305.8326697812347
29983,273.19786272631046
29984,67.13837198768383
29985,30.88168743430964
29986,295.9018047479275
29987,287.3185480175125
29988,263.5123944381173
29989,45.527821970745606
29990,281.18750520791195
29991,57.75576003636857
29992,158.4868920093765
29993,-6.216397776232284
29994,31.88476062619077
29995,230.52987155641142
29996,79.62425783570322
29997,314.49296305327994
29998,25.62935676413794
29999,95.13405808292251
